items,cart,mutual_information,expected_abs_log_bf,P_V_h1,P_V_h2,logN
bread,"parked(3, 1)",0.5121833644061314,19.995418454459077,"[[0.8742879281029263, 0.12571205814253517], [1.2628286418205073e-08, 1.1262526572197223e-09]]","[[8.549373570706479e-08, 1.3334683894807607e-23], [0.9999999145062654, 9.674250841829802e-17]]","[[-45.423951711159724, -47.36336743081224], [-29.1491290663816, -31.566172428731832]]"
apple,"parked(1, 5)",0.5121833435099098,19.924314791309985,"[[0.8742879271546439, 0.1257120580061836], [1.1177557236879894e-08, 3.661615516797118e-09]]","[[9.658991179099062e-08, 1.506538380277799e-23], [0.9999999034100892, 3.5534627834869e-16]]","[[-38.24120652953625, -40.180622249188765], [-22.08841509213926, -23.204418593917193]]"
apple+bread,"parked(3, 1)",0.512183331310248,19.89096354556195,"[[0.8742879301638735, 0.12571205843887454], [1.0555736784198993e-08, 8.415157625708291e-10]]","[[1.0227988883931037e-07, 1.5952864560059014e-23], [0.9999998977201102, 8.64768047630472e-17]]","[[-47.18572117956021, -49.12513689921273], [-31.090168508488855, -33.61938852564574]]"
bread,"parked(2, 1)",0.5121832304960674,19.701142500343455,"[[0.8742879330970921, 0.12571205886063597], [7.620871898417315e-09, 4.21400484822425e-10]]","[[1.4166881061638124e-07, 2.2096458783783278e-23], [0.9999998583311894, 5.998135656927814e-17]]","[[-44.91890274775471, -46.85831846740722], [-29.1491290663816, -32.044191479007516]]"
apple,"parked(3, 1)",0.5121832220247556,19.68889286359425,"[[0.8742879329832258, 0.1257120588442634], [7.462327900067726e-09, 7.101833216853876e-10]]","[[1.4467869231640377e-07, 2.2565917986830508e-23], [0.9999998553213092, 1.0323383321037939e-16]]","[[-44.82160179127712, -46.76101751092963], [-29.072851467597964, -31.42495102680094]]"
apple,"parked(2, 0)",0.5121831485593811,19.595246504809808,"[[0.874287934540107, 0.12571205906812413], [6.354401363593225e-09, 3.736806154326216e-11]]","[[1.699042790307605e-07, 2.6500419411000206e-23], [0.999999830095721, 6.378988641963225e-18]]","[[-44.66088192069512, -46.600297640347634], [-29.072851467597964, -34.208938077357885]]"
apple,"parked(0, 4)",0.5121831176720713,19.56103617628194,"[[0.8742879339035643, 0.12571205897659607], [5.992054746612895e-09, 1.1277851434289883e-09]]","[[1.801785778810753e-07, 2.8102928954846875e-23], [0.9999998198214204, 2.0416274403306733e-16]]","[[-37.617732290482856, -39.55714801013538], [-22.08841509213926, -23.758593815680527]]"
apple,"parked(1, 4)",0.5121830883537732,19.530700782842793,"[[0.8742879334105819, 0.12571205890571113], [5.688072360702828e-09, 1.995635169399387e-09]]","[[1.8980768368840063e-07, 2.9604806034709855e-23], [0.9999998101923171, 3.805764666977668e-16]]","[[-37.56566937084253, -39.50508509049505], [-22.08841509213926, -23.13582412588104]]"
apple+bread,"parked(4, 2)",0.5121830598311758,20.869995097842768,"[[0.8742878713845964, 0.1257120499871235], [5.665150050231779e-08, 2.19767794732137e-08]]","[[1.905745384704953e-08, 2.9724414401660736e-24], [0.999999980942547, 4.208027802339031e-16]]","[[-48.86597602327406, -50.805391742926574], [-31.090168508488855, -32.03710056539678]]"
apple,"parked(2, 4)",0.5121830488424124,20.88033718860517,"[[0.8742878483679852, 0.1257120466776124], [5.766584728739881e-08, 4.7288555372078626e-08]]","[[1.8722188840145885e-08, 2.92014927102544e-24], [0.9999999812778094, 8.89535607071417e-16]]","[[-39.881045764402394, -41.82046148405491], [-22.087489335613867, -22.285886124539303]]"
apple,"parked(2, 2)",0.5121830385344619,20.889844049602633,"[[0.874287888816277, 0.1257120524935889], [5.861474758291296e-08, 7.538644262161187e-11]]","[[1.841917393093765e-08, 2.8728872348508324e-24], [0.9999999815808247, 1.3951224226501206e-18]]","[[-39.89736297063131, -41.83677869028383], [-22.087489335613867, -28.74360349198657]]"
apple+bread,"parked(2, 1)",0.5121829752777091,19.428518780582642,"[[0.8742879357003757, 0.12571205923495676], [4.7731314031676605e-09, 2.9153699273286334e-10]]","[[2.2619114269521063e-07, 3.527963028754089e-23], [0.9999997738088567, 6.625461836009347e-17]]","[[-46.392053713290665, -48.33146943294318], [-31.090168508488855, -33.88575945315212]]"
bread,"parked(4, 2)",0.5121826259905918,21.175164900715593,"[[0.8742878240453955, 0.1257120431803174], [9.564642228293349e-08, 3.7127865090079764e-08]]","[[1.1287701625762291e-08, 1.760572652880392e-24], [0.9999999887122967, 4.210728295207632e-16]]","[[-47.44868111070925, -49.38809683036177], [-29.1491290663816, -30.09541958902386]]"
bread,"parked(1, 2)",0.5121825378484421,19.153225582184085,"[[0.8742879352974827, 0.12571205917702563], [2.9758585682621404e-09, 2.5496336421997587e-09]]","[[3.6279945123436895e-07, 5.658678918881222e-23], [0.9999996372005467, 9.293756986671991e-16]]","[[-43.978544334873085, -45.9179600545256], [-29.1491290663816, -29.303711978994414]]"
apple,"parked(3, 2)",0.5121825326092286,19.150622911191384,"[[0.8742879364756736, 0.12571205934643528], [2.962596048319314e-09, 1.2152959530000446e-09]]","[[3.6442362131533246e-07, 5.684011528857997e-23], [0.999999635576378, 4.449748138617109e-16]]","[[-43.897799954345835, -45.83721567399835], [-29.072851467597964, -29.96392976506012]]"
bread,"parked(2, 2)",0.5121824285692864,19.10121642210569,"[[0.8742879365093212, 0.1257120593512734], [2.7217428389676356e-09, 1.4176631099823823e-09]]","[[3.966722843047307e-07, 6.187002447943702e-23], [0.9999996033277158, 5.650043000067741e-16]]","[[-43.8892840472057, -45.828699766858215], [-29.1491290663816, -29.80139167234707]]"
apple,"parked(4, 2)",0.5121824001958866,21.286080806909446,"[[0.8742878037853766, 0.1257120402671711], [1.157016064033469e-07, 4.02458461277213e-08]]","[[9.331124557895866e-09, 1.4554001569068714e-24], [0.9999999906688755, 3.773181057458219e-16]]","[[-47.56276175622441, -49.50217747587693], [-29.072851467597964, -30.128859189170214]]"
apple,"parked(1, 3)",0.5121821951445052,19.00350605037168,"[[0.8742879380461953, 0.1257120595722573], [2.3015388535126303e-09, 8.000913384544622e-11]]","[[4.690948556464417e-07, 7.316596432466889e-23], [0.9999995309051429, 3.7709174925908773e-17]]","[[-36.659949704623685, -38.5993654242762], [-22.087489335613867, -25.44668177932565]]"
apple+bread,"parked(1, 2)",0.5121819089590894,18.90216199560797,"[[0.874287936567599, 0.12571205935965302], [1.9341092358566374e-09, 2.138639433831808e-09]]","[[5.582103435885933e-07, 8.706554248687648e-23], [0.9999994417896563, 1.1994504315539612e-15]]","[[-44.926002289466176, -46.86541800911869], [-30.527472861916255, -30.426949890923396]]"
apple,"parked(2, 5)",0.5121818851556658,21.480987529646264,"[[0.874287765486515, 0.12571203476025677], [1.6166354900948464e-07, 3.808967948528079e-08]]","[[6.6782029363267744e-09, 1.0416169606439842e-24], [0.9999999933217969, 2.555766554275635e-16]]","[[-40.93756393583695, -42.876979655489464], [-22.11314703541655, -23.558720987235848]]"
bread,"parked(3, 0)",0.5121815998393209,21.566886381157932,"[[0.8742877754684151, 0.12571203619553356], [1.873431765431727e-07, 9.928756763496885e-10]]","[[5.762809627501987e-09, 8.988406471322794e-25], [0.9999999942371891, 5.748876314395681e-18]]","[[-48.12096975923221, -50.060385478884726], [-29.1491290663816, -34.389220992877384]]"
apple+bread,"parked(3, 2)",0.5121811222195353,18.688290531558092,"[[0.8742879378554793, 0.12571205954483466], [1.3398960703991622e-09, 1.2597904703614282e-09]]","[[8.057637275907807e-07, 1.256770980056302e-22], [0.9999991942362709, 1.0198888205151797e-15]]","[[-45.10854036270863, -47.04795608236115], [-31.07706588911148, -31.138712526891634]]"
apple+bread,"parked(2, 2)",0.5121810388687179,18.66946520439556,"[[0.8742879380116785, 0.12571205956729423], [1.2972975387976833e-09, 1.1237301353269838e-09]]","[[8.322220679584711e-07, 1.298038752749418e-22], [0.99999916777793, 9.396109036312042e-16]]","[[-44.517266701882654, -46.45668242153517], [-30.518101010970035, -30.66173066587116]]"
bread,"parked(4, 1)",0.5121808173420964,21.75481357201904,"[[0.8742876965471684, 0.1257120248476103], [2.5864628259031263e-07, 1.99589397016818e-08]]","[[4.174096651499232e-09, 6.51044885730941e-25], [0.9999999958259024, 8.370611760883839e-17]]","[[-48.44349693516104, -50.38291265481356], [-29.1491290663816, -31.710913342058475]]"
apple+bread,"parked(2, 4)",0.5121756147577587,22.38119280566405,"[[0.8742866660389962, 0.1257118766729654], [7.577509493795227e-07, 6.9953708931431e-07]]","[[1.4246157811027982e-09, 2.2220108824872776e-25], [0.9999999985753825, 1.0014060980881733e-15]]","[[-44.51766557972874, -46.45708129938126], [-24.148301894275306, -24.22823784779733]]"
apple+bread,"parked(1, 4)",0.5121749702945698,22.428473105349735,"[[0.8742869500386267, 0.1257119175086866], [8.218320273811724e-07, 3.106206597503302e-07]]","[[1.3135706453374327e-09, 2.0488108496147155e-25], [0.9999999986864296, 4.0998998774609944e-16]]","[[-44.59883136378427, -46.53824708343679], [-24.148314640889257, -25.121278244693755]]"
apple,"parked(2, 1)",0.5121744658429795,17.91809805373497,"[[0.8742879397867381, 0.1257120598225264], [3.572785464011631e-10, 3.345788660718377e-11]]","[[3.021836822277882e-06, 4.713238750594874e-22], [0.9999969781631787, 1.0158187613870441e-16]]","[[-41.78249413792715, -43.72190985757967], [-29.072851467597964, -31.44107965537297]]"
apple+bread,"parked(3, 4)",0.5121737094883125,22.511913403278573,"[[0.874286448955253, 0.12571184545894168], [9.483065285826553e-07, 7.572792774470003e-07]]","[[1.1383246363391555e-09, 1.7754750181069839e-25], [0.9999999988616742, 8.662301738272966e-16]]","[[-44.76264795403858, -46.70206367369109], [-24.168939682443934, -24.393885362806817]]"
apple,"parked(1, 1)",0.512173290072634,17.84442925701517,"[[0.8742879398517773, 0.12571205983187825], [3.148459242711703e-10, 1.4992744322805734e-12]]","[[3.429096429061719e-06, 5.3484523220539565e-22], [0.9999965709035722, 5.165442670402009e-18]]","[[-38.34641265508963, -40.285828374742145], [-25.763202320940838, -31.110304431536925]]"
bread+milk,"parked(3, 2)",0.5121714967117125,22.63607735851637,"[[0.8742858994408931, 0.1257117664454051], [1.1734535664589737e-06, 1.160660135849286e-06]]","[[9.198675052327794e-10, 1.434741657495492e-25], [0.9999999990801308, 1.0729145492653763e-15]]","[[-51.993391197999536, -53.93280691765205], [-31.18659972661131, -31.197561967836407]]"
bread+milk,"parked(5, 2)",0.5121667133885444,22.842312429773678,"[[0.8742853400650844, 0.12571168601391114], [1.6716921155402299e-06, 1.3022288891396119e-06]]","[[6.456702874729312e-10, 1.007069010672447e-25], [0.9999999993543289, 8.450005801322542e-16]]","[[-52.34781862659079, -54.2872343462433], [-31.18708649388796, -31.436845523725047]]"
apple,"parked(0, 2)",0.5121661130469748,17.520211062748412,"[[0.8742879399664907, 0.12571205984837264], [1.8048624111439348e-10, 4.6512128115406594e-12]]","[[5.9818093848930686e-06, 9.32998618049068e-22], [0.9999940181906158, 2.795409832613786e-17]]","[[-37.7899838021566, -39.729399521809114], [-25.763202320940838, -29.421728864017435]]"
bread+milk,"parked(4, 2)",0.5121657211774181,22.877796917925114,"[[0.8742856823825377, 0.12571173523503182], [1.776741583620391e-06, 8.056408471815009e-07]]","[[6.075157882518364e-10, 9.475584299182115e-26], [0.999999999392485, 4.91861903526034e-16]]","[[-52.40920724641573, -54.34862296606825], [-31.18756429486361, -31.978462645439826]]"
apple,"parked(1, 2)",0.5121637794736271,17.442783965671595,"[[0.8742879399798756, 0.12571205985029635], [1.58028251195725e-10, 1.1799648050176409e-11]]","[[6.831901045657398e-06, 1.0655896609383767e-21], [0.9999931680989533, 8.09948356436069e-17]]","[[-37.6571030745488, -39.59651879420132], [-25.76320232094084, -28.357906438249756]]"
apple,"parked(0, 3)",0.5121637386471207,17.441510514199305,"[[0.8742879399180972, 0.12571205984141334], [1.5768325650910484e-10, 8.280652220452667e-11]]","[[6.846848395383743e-06, 1.0679210385769123e-21], [0.9999931531516051, 5.696419531634955e-16]]","[[-37.692130451438416, -39.63154617109094], [-25.800415198481883, -26.44449668488331]]"
apple+milk,"parked(4, 2)",0.5121634554875495,22.95216038152628,"[[0.8742854122776103, 0.1257116963972013], [2.0185431563295493e-06, 8.727820327338295e-07]]","[[5.34727063851758e-10, 8.340279328643727e-26], [0.9999999994652736, 4.6902256107248895e-16]]","[[-52.52169098867408, -54.4611067083266], [-31.172426328975103, -32.01087180090569]]"
apple+milk,"parked(3, 2)",0.512162758088571,22.973410908113433,"[[0.8742852560131606, 0.12571167392825838], [2.093481329027224e-06, 9.76577252097776e-07]]","[[5.155780097863731e-10, 8.041606471814268e-26], [0.9999999994844222, 5.060151124761098e-16]]","[[-52.55815882398747, -54.497574543639985], [-31.172426328975103, -31.93495613745125]]"
apple,"parked(3, 4)",0.5121617920741564,23.00169723055388,"[[0.874285389252444, 0.12571169308645927], [2.197659485345834e-06, 7.200016111082413e-07]]","[[4.911439642130953e-10, 7.660502205757496e-26], [0.9999999995088548, 3.5538495804732556e-16]]","[[-43.5474308598993, -45.48684657955182], [-22.11314703541655, -23.22904178849598]]"
bread,"parked(1, 4)",0.5121554578421392,23.161437495929743,"[[0.8742847710258517, 0.12571160419293345], [2.890640068043466e-06, 7.341411466993056e-07]]","[[3.7337788679069713e-10, 5.823673573844948e-26], [0.9999999996266202, 2.754936057433891e-16]]","[[-43.69528519485959, -45.63470091451211], [-21.986855087422988, -23.357387012755648]]"
apple+bread,"parked(2, 5)",0.5121542906673417,23.186954888333776,"[[0.8742847433154548, 0.12571160020851257], [3.020041092271177e-06, 6.364349408458634e-07]]","[[3.5737862020298125e-10, 5.574128784707525e-26], [0.9999999996426217, 2.2859521649050025e-16]]","[[-45.921181325027, -47.860597044679515], [-24.168955990030856, -25.726099508156906]]"
bread,"parked(3, 2)",0.5121539995318773,23.193124812014148,"[[0.8742852695473742, 0.12571167587431503], [3.052395100701727e-06, 2.183210943753367e-09]]","[[3.5360900194690603e-10, 5.515333052560553e-26], [0.9999999996463915, 7.758556507282541e-19]]","[[-43.74890942539049, -45.688325145043], [-21.98608009824963, -29.22896523548785]]"
bread,"parked(3, 4)",0.5121529997134646,23.214161860394697,"[[0.8742830515162496, 0.12571135694819385], [3.1637336248596612e-06, 2.427801932675557e-06]]","[[3.410898971748711e-10, 5.320069266973433e-26], [0.9999999996589102, 8.324138895991034e-16]]","[[-43.784955143218546, -45.72437086287106], [-21.98608009824963, -22.250846661707538]]"
milk,"parked(4, 2)",0.5121520183785293,23.233947108069678,"[[0.8742838710217102, 0.12571147478319397], [3.2733508081043754e-06, 1.3808442883648316e-06]]","[[3.29694257659697e-10, 5.142328465899386e-26], [0.9999999996703042, 4.57591693280672e-16]]","[[-50.99145945721673, -52.93087517686924], [-29.15860407467915, -30.02172313163114]]"
bread,"parked(2, 4)",0.5121492509243148,23.286815904299875,"[[0.8742837395368758, 0.1257114558772599], [3.5842099194489618e-06, 1.2203759451690621e-06]]","[[3.010959067176017e-10, 4.6962724284930586e-26], [0.9999999996989037, 3.6933985723156343e-16]]","[[-43.91044736208358, -45.8498630817361], [-21.986855087422988, -23.06423418904119]]"
milk,"parked(3, 2)",0.5121490216300828,23.29102918148432,"[[0.8742834187807931, 0.12571140975640516], [3.610076677137285e-06, 1.5613861243310752e-06]]","[[2.9892903152467506e-10, 4.662475103463045e-26], [0.9999999997010706, 4.691587980564637e-16]]","[[-51.08941899785099, -53.02883471750351], [-29.15860407467915, -29.996759119022375]]"
bread,"parked(5, 2)",0.5121475692661641,23.31693950220827,"[[0.874283535419343, 0.12571142652762168], [3.7742990711900574e-06, 1.2637539655314567e-06]]","[[2.8592571562551145e-10, 4.459658948962846e-26], [0.9999999997140737, 3.6320531644228415e-16]]","[[-51.12441814051663, -53.06383386016915], [-29.1491290663816, -30.243257126080838]]"
apple,"parked(3, 5)",0.5121423599287827,23.402110434145285,"[[0.8742836743684503, 0.12571144650682728], [4.368482292969362e-06, 5.106424300870717e-07]]","[[2.470386534892245e-10, 3.853127164035615e-26], [0.9999999997529618, 1.2679796812124902e-16]]","[[-44.23462333485445, -46.17403905450696], [-22.11314703541655, -24.259648361961947]]"
apple+bread,"parked(3, 5)",0.5121214370214141,23.66212665381502,"[[0.8742813891500556, 0.12571111791998713], [6.823822933784068e-06, 6.691070234182e-07]]","[[1.581138160975011e-10, 2.466142974832821e-26], [0.9999999998418863, 1.0636379277336629e-16]]","[[-46.73666197705801, -48.67607769671053], [-24.168955990030856, -26.49118710874837]]"
bread+milk,"parked(4, 1)",0.5121096800563351,23.772316740164694,"[[0.8742804152356032, 0.12571097788283653], [8.243585354791508e-06, 3.6329620526589346e-07]]","[[1.308699105172932e-10, 2.0412125796787343e-26], [0.9999999998691288, 4.7804711142494274e-17]]","[[-53.94438163034676, -55.88379734999928], [-31.18756429486361, -34.3095364450124]]"
bread,"parked(2, 5)",0.5120987719128283,23.860203483055734,"[[0.8742775045995698, 0.12571055936848388], [9.582418877675697e-06, 2.3536130688013327e-06]]","[[1.1255291815147548e-10, 1.755517609068562e-26], [0.9999999998874461, 2.664316972467656e-16]]","[[-44.89445270862151, -46.83386842827402], [-21.986855087422988, -23.390833516449963]]"
milk,"parked(4, 1)",0.5120965457234851,23.87663878054609,"[[0.8742786341730021, 0.12571072178751816], [9.857999175321465e-06, 7.860403046425517e-07]]","[[1.0941861280390916e-10, 1.7066310202513705e-26], [0.99999999989058, 8.649320967189688e-17]]","[[-52.09444417966267, -54.03385989931519], [-29.15860407467915, -31.687634509002987]]"
milk,"parked(5, 1)",0.5120477580960046,24.161602289010673,"[[0.8742727965393033, 0.12570988240620756], [1.6066564105320146e-05, 1.254490383639871e-06]]","[[6.709797027371839e-11, 1.046544774518844e-26], [0.9999999999329032, 8.469744337607909e-17]]","[[-52.58347139629443, -54.52288711594694], [-29.15860407467915, -31.70861500225829]]"
bread,"parked(3, 5)",0.5120354520330611,24.21747029797276,"[[0.8742695698251474, 0.1257094184436335], [1.7676851184972432e-05, 3.334880034581127e-06]]","[[6.096653340593019e-11, 9.509111333207608e-27], [0.9999999999390317, 2.0464506953293566e-16]]","[[-45.50755112236091, -47.446966842013424], [-21.986855087422988, -23.65467432129249]]"
eggs+milk,"parked(5, 2)",0.5118801860974718,24.68386941632157,"[[0.8742089735543794, 0.12570070543082626], [3.909325819377975e-05, 5.12277566008818e-05]]","[[2.7411451290778577e-11, 4.275436498796054e-27], [0.9999999999725859, 1.4214429877878434e-15]]","[[-55.396978950691, -57.33639467034352], [-31.076918691195726, -30.806587212346813]]"
apple+bread,"parked(4, 4)",0.5118709479804281,24.701027469625938,"[[0.8742422233315671, 0.12570548634771722], [4.0419869707871205e-05, 1.1870451007989105e-05]]","[[2.6593199610361918e-11, 4.1478116217863096e-27], [0.9999999999734075, 3.1856516678215176e-16]]","[[-48.51932157657594, -50.45873729622846], [-24.168955990030856, -25.394225275026155]]"
eggs+milk,"parked(4, 2)",0.511707263414517,24.977938794210743,"[[0.8741919639339492, 0.12569825965258435], [6.466891560709098e-05, 4.510749785933466e-05]]","[[1.6545219217366654e-11, 2.5806015658248767e-27], [0.9999999999834543, 7.566222952837964e-16]]","[[-55.929447364368926, -57.86886308402144], [-31.104523439508007, -31.4647556043844]]"
bread+eggs,"parked(5, 2)",0.5116734289980023,25.02287845196526,"[[0.8741886259347903, 0.12569777968856918], [6.98360934417288e-05, 4.3758283199528996e-05]]","[[1.5316467575584838e-11, 2.388949925001452e-27], [0.9999999999846834, 6.796828520911504e-16]]","[[-56.07985477324218, -58.0192704928947], [-31.17776221904845, -31.645232268028842]]"
bread+eggs,"parked(4, 2)",0.5116584051122472,25.042226475514596,"[[0.8741822083117883, 0.12569685691179197], [7.214568692955728e-05, 4.878908948980984e-05]]","[[1.4817675499007334e-11, 2.3111520066464926e-27], [0.9999999999851811, 7.335645173938737e-16]]","[[-56.1129625763162, -58.05237829596872], [-31.17776221904845, -31.568943011431593]]"
apple+eggs,"parked(4, 2)",0.5115911548876055,25.121674692719736,"[[0.8741699502534493, 0.12569509435086487], [8.259233098113886e-05, 5.236306470456783e-05]]","[[1.2929456807145074e-11, 2.0166415472308604e-27], [0.9999999999870706, 6.877194538184674e-16]]","[[-56.21442881759156, -58.15384453724407], [-31.142915883302315, -31.598631243516532]]"
apple,"parked(4, 4)",0.5115754859410536,25.137091828582232,"[[0.8741949508212636, 0.12569868913095145], [8.505076308873433e-05, 2.130928469596989e-05]]","[[1.2583635036965574e-11, 1.9627028118236184e-27], [0.9999999999874162, 2.7177946100665347e-16]]","[[-47.211770988145425, -49.15118670779794], [-22.11314703541655, -23.49725244749762]]"
eggs+milk,"parked(6, 2)",0.5115679066674534,25.147004476594923,"[[0.8741671968414401, 0.12569469844342865], [8.624313121519482e-05, 5.186158391611405e-05]]","[[1.2379138300017412e-11, 1.9308069153327383e-27], [0.9999999999876215, 6.522997865120962e-16]]","[[-55.74409208120678, -57.6835078008593], [-30.62908362592566, -31.13767571878289]]"
milk,"parked(6, 2)",0.5113978826832473,25.307418566593295,"[[0.8741551908808187, 0.1256929721311116], [0.00011350193392530007, 3.833505414486256e-05]]","[[9.396280846255561e-12, 1.4655627553925854e-27], [0.9999999999906029, 3.663690644080761e-16]]","[[-54.54931123426796, -56.48872695392048], [-29.15860407467915, -30.244059221021747]]"
eggs,"parked(5, 2)",0.5113479398787901,25.35009207458667,"[[0.874119693828524, 0.12568786808316754], [0.00012168137186760648, 7.075671644073703e-05]]","[[8.73795673828325e-12, 1.3628822045014377e-27], [0.9999999999912597, 6.307678496089504e-16]]","[[-54.536625882132746, -56.47604160178526], [-29.073281145743803, -29.61543960397776]]"
bread,"parked(4, 4)",0.5113026654048167,25.383350796870342,"[[0.8741416044428403, 0.12569101856521392], [0.00012915872933349766, 3.8218262612253936e-05]]","[[8.24754110424454e-12, 1.2863907820259707e-27], [0.9999999999917535, 3.2097643739655045e-16]]","[[-47.50796109539218, -49.4473768150447], [-21.986855087422988, -23.204583715114765]]"
eggs,"parked(4, 2)",0.5112693860866016,25.410230779591426,"[[0.8741013240397032, 0.12568522672911694], [0.00013469161464465764, 7.875761653495877e-05]]","[[7.881692578889314e-12, 1.2293284206886151e-27], [0.9999999999921187, 6.342755655060427e-16]]","[[-54.639759586584375, -56.57917530623689], [-29.073281145743803, -29.60989398420804]]"
milk,"parked(5, 0)",0.5109239120152146,25.620289865939306,"[[0.8741177124517778, 0.1256875831850914], [0.00019378951461494464, 9.1484851557112e-07]]","[[5.485682256174399e-12, 8.556163586544182e-28], [0.9999999999945147, 5.12088341611088e-18]]","[[-55.0874837187991, -57.026899438451615], [-29.15860407467915, -34.5143734526836]]"
eggs+milk,"parked(5, 1)",0.5108168079253244,25.676474965809707,"[[0.8740802244180867, 0.12568219285803836], [0.00021266804076904602, 2.4914683106233264e-05]]","[[4.9830231624072735e-12, 7.772152914089531e-28], [0.9999999999950155, 1.2708055809661502e-16]]","[[-57.129507787857484, -59.06892350751], [-31.10452343950801, -33.24879858280305]]"
milk,"parked(6, 1)",0.5102569140464747,25.908440702364203,"[[0.8740012685565114, 0.1256708399575326], [0.0003149929753033522, 1.2898510652983367e-05]]","[[3.342791041233604e-12, 5.213839527842973e-28], [0.9999999999966568, 4.441858033326936e-17]]","[[-55.58281909148147, -57.522234811133984], [-29.15860407467915, -32.35404256118655]]"
eggs,"parked(5, 1)",0.5100512935723054,25.979727762246323,"[[0.8739314914382553, 0.1256608068495996], [0.0003539388978104687, 5.376281433457086e-05]]","[[2.958748378419282e-12, 4.61483803745345e-28], [0.9999999999970407, 1.647705822902939e-16]]","[[-55.619535927886254, -57.55895164753877], [-29.073281145743803, -30.957823394106338]]"
bread,"parked(4, 5)",0.50987972321303,26.032240871930636,"[[0.8739117057079028, 0.1256579619002362], [0.00038694130425054915, 4.339108761092221e-05]]","[[2.7022853371576546e-12, 4.214825854380482e-28], [0.9999999999972966, 1.216414030138758e-16]]","[[-48.62377836718144, -50.56319408683395], [-21.986855087422985, -24.17487403491551]]"
eggs+milk,"parked(6, 1)",0.5095146232303824,26.132841404810037,"[[0.8738611518270856, 0.1256506928619705], [0.0004585997636478031, 2.955554729572617e-05]]","[[2.2713278280482823e-12, 3.5426500383935393e-28], [0.9999999999977296, 6.990868855608136e-17]]","[[-57.915179948678585, -59.8545956683311], [-31.104523439508007, -33.846429842576484]]"
eggs,"parked(6, 1)",0.5089856577076941,26.260137939582727,"[[0.8737310785093592, 0.12563198988786412], [0.000565589411322909, 7.134219145326758e-05]]","[[1.8242048381478426e-12, 2.8452604948072094e-28], [0.9999999999981772, 1.3682679405896805e-16]]","[[-56.1031580747076, -58.042573794360116], [-29.073281145743803, -31.143661641114832]]"
apple+milk,"parked(4, 4)",0.5067404571175828,26.647580275588005,"[[0.8730275005750242, 0.1255308238676712], [0.001054417063210699, 0.00038725849409404505]]","[[9.344072837140221e-13, 1.4574197342393625e-28], [0.9999999999990652, 3.9839557206577066e-16]]","[[-52.18762546229604, -54.127041181948556], [-24.488761474500528, -25.490412407530446]]"
apple+milk,"parked(3, 4)",0.5064906131045579,26.681767394241067,"[[0.8729263403263675, 0.12551627824413908], [0.0011118306375260427, 0.00044555079196685154]]","[[8.807720592254431e-13, 1.3737634571721321e-28], [0.9999999999991186, 4.34694913659044e-16]]","[[-52.246739006546974, -54.18615472619949], [-24.488761474500528, -25.403213381767483]]"
bread+milk,"parked(3, 4)",0.5062027094389808,26.736338302796394,"[[0.8723885550125557, 0.1254389512029379], [0.0011786649048443289, 0.0009938288796617625]]","[[8.056008607739134e-13, 1.2565169523779213e-28], [0.9999999999991926, 9.14633778092373e-16]]","[[-52.096698021802275, -54.03611374145479], [-24.249510036784155, -24.42008263853498]]"
bread+milk,"parked(5, 4)",0.5043503024100422,26.931726856887046,"[[0.8719481763305934, 0.12537563006044916], [0.0016248327159319321, 0.0010513608930258055]]","[[5.707099872705711e-13, 8.90151449450994e-29], [0.9999999999994277, 7.018901368137996e-16]]","[[-52.44140478168818, -54.38082050134069], [-24.24950956420365, -24.684829017076705]]"
bread+milk,"parked(4, 4)",0.503917733378338,26.958279111509363,"[[0.8721881855906025, 0.12541014049697605], [0.00173279458380401, 0.0006688793286170646]]","[[5.420225422848609e-13, 8.454068833760421e-29], [0.9999999999994562, 4.1872285699999004e-16]]","[[-52.49297930384013, -54.432395023492646], [-24.249510500436234, -25.201397582888546]]"
eggs+milk,"parked(7, 2)",0.5036000400725723,26.98401579245369,"[[0.872164300759814, 0.12540670614641453], [0.0018129441101984072, 0.0006160489835731253]]","[[5.173945906199433e-13, 8.0699401631483e-29], [0.9999999999994813, 3.6860125150196743e-16]]","[[-58.924871054718416, -60.86428677437093], [-30.634900474576927, -31.714281378448458]]"
milk,"parked(7, 2)",0.5019774755248181,27.113235831239702,"[[0.8717335304629051, 0.1253447665737973], [0.0022331448474138546, 0.0006885581158835538]]","[[4.106501764468647e-13, 6.405019325659635e-29], [0.9999999999995874, 3.3446423462077996e-16]]","[[-57.6796387697263, -59.61905448937882], [-29.15860407467915, -30.335170467124772]]"
milk,"parked(5, 2)",0.4980474282575236,27.335254917578396,"[[0.8713838909912852, 0.12529449263523273], [0.0033197495203933077, 1.8668530884003662e-06]]","[[2.714072931318201e-13, 4.233211276506687e-29], [0.99999999999973, 6.100013576626355e-19]]","[[-50.86026282243561, -52.799678542088124], [-21.92510704682659, -29.408497487353937]]"
milk,"parked(5, 4)",0.49751374512092,27.424316466186518,"[[0.8692890161362692, 0.1249932749000793], [0.0034742618224009084, 0.0022434471412502892]]","[[2.3551252197877665e-13, 3.6733510448254707e-29], [0.9999999999997649, 7.004534411900548e-16]]","[[-51.00211935780974, -52.941535077462255], [-21.92510704682659, -22.362475492755507]]"
milk,"parked(4, 4)",0.49587943486541275,27.47749793030593,"[[0.8697316278294298, 0.12505691712264316], [0.003957149029192943, 0.0012543060187335535]]","[[2.1080078337752925e-13, 3.2879155272247886e-29], [0.9999999999997901, 3.4383261926094435e-16]]","[[-51.11369216124455, -53.053107880897066], [-21.925829299206566, -23.074770676550134]]"
bread,"parked(5, 4)",0.4952303946746025,27.497998087309796,"[[0.8698549127042039, 0.12507464400053717], [0.004152889143795854, 0.000917554151462885]]","[[2.019648415010917e-13, 3.150099006680088e-29], [0.9999999999997975, 2.396665046416077e-16]]","[[-51.21753785205586, -53.15695357170838], [-21.986855087422988, -23.49670303880023]]"
milk,"parked(3, 4)",0.4946713221276855,27.529271988565384,"[[0.869474403043606, 0.12501993130116287], [0.00432326523024004, 0.0011824004249904978]]","[[1.907870028357873e-13, 2.975755303020093e-29], [0.999999999999808, 2.96673443763213e-16]]","[[-51.21344805673239, -53.152863776384905], [-21.925829299206566, -23.222293625650348]]"
eggs,"parked(6, 0)",0.49168221081190366,27.619627299078985,"[[0.8696414379512558, 0.12504394890605863], [0.005261170230609505, 5.344291207555363e-05]]","[[1.579240127260368e-13, 2.4631825614882858e-29], [0.9999999999998437, 1.1018785690985398e-17]]","[[-58.549943555426, -60.48935927507851], [-29.073281145743803, -33.66277588385784]]"
bread+milk,"parked(4, 5)",0.4863980669658031,27.800325708792673,"[[0.8678983162734203, 0.12479330903483331], [0.007024940561902094, 0.0002834341298430661]]","[[1.0992392066742722e-13, 1.714512440537722e-29], [0.9999999999998899, 4.3765859986936556e-17]]","[[-54.08849839913708, -56.027914118789596], [-24.249510500436234, -27.45975278372451]]"
milk,"parked(4, 5)",0.4775484313713282,28.04922451628754,"[[0.8639269776194495, 0.12422227843984954], [0.010260636329631628, 0.00159010761106998]]","[[6.479943342092676e-14, 1.0106938877853786e-29], [0.999999999999936, 1.681040579125407e-16]]","[[-52.2933088343014, -54.232724553953915], [-21.925829299206566, -23.790342463597753]]"
milk,"parked(5, 5)",0.4652729418461368,28.27570378623076,"[[0.8589858444365265, 0.12351180308955001], [0.015295680336016027, 0.0022066721379076512]]","[[3.679086447160321e-14, 5.738368359835281e-30], [0.9999999999999644, 1.5649302613078576e-16]]","[[-52.85935612781524, -54.798771847467755], [-21.925829299206566, -23.86191419607064]]"
apple+eggs,"parked(4, 4)",0.46033654122846723,28.407859028356345,"[[0.8534920613079696, 0.12272186334329484], [0.017493039244104953, 0.006293036104630248]]","[[2.7115152176580626e-14, 4.229221942917423e-30], [0.9999999999999712, 3.9023024700678665e-16]]","[[-55.88985142268474, -57.82926714233726], [-24.65116772031692, -25.67352712284341]]"
eggs+milk,"parked(5, 4)",0.4591701496116949,28.531745823071578,"[[0.8465098012698354, 0.12171789857188951], [0.018026491425100603, 0.013745808733174745]]","[[2.1458072463442047e-14, 3.346872269943546e-30], [0.9999999999999779, 8.2715150855366215e-16]]","[[-55.52063927196928, -57.460054991621796], [-24.047963790257032, -24.319072253795422]]"
eggs+milk,"parked(6, 4)",0.44848565699806503,28.635671785038767,"[[0.8417862078564713, 0.12103870281642368], [0.02316520941823175, 0.014009879908873615]]","[[1.4626507407162782e-14, 2.2813350141564948e-30], [0.9999999999999851, 6.560306915637525e-16]]","[[-55.873050401573174, -57.81246612122569], [-24.01710946504425, -24.51999823566098]]"
bread+eggs,"parked(5, 4)",0.44796700603992456,28.559645305168786,"[[0.8466417331418729, 0.12173686878368652], [0.023426209213388696, 0.008195188861051967]]","[[1.6574107154412376e-14, 2.5851072937089076e-30], [0.999999999999982, 3.7947478607645095e-16]]","[[-56.158394637680715, -58.09781035733324], [-24.427459910387316, -25.477768099996872]]"
bread+eggs,"parked(4, 4)",0.4476405195145037,28.57393391450226,"[[0.8457747267637453, 0.12161220372459913], [0.023591055238134945, 0.009022014273520696]]","[[1.6058201790798416e-14, 2.504640170749176e-30], [0.999999999999982, 4.1484142575600346e-16]]","[[-56.190016571242644, -58.12943229089516], [-24.427459910387316, -25.388659914176756]]"
eggs+milk,"parked(4, 4)",0.441286906675016,28.62854613350837,"[[0.842324684151475, 0.12111612921238547], [0.02688357834614672, 0.009675608289992674]]","[[1.2792987563868639e-14, 1.9953560787061558e-30], [0.9999999999999853, 3.904066248891066e-16]]","[[-56.037851051436256, -57.97726677108877], [-24.04797183075563, -25.069879351256898]]"
eggs,"parked(7, 2)",0.4383157829140803,28.52420913571227,"[[0.8486333178684303, 0.12202323464428444], [0.028478567560653457, 0.0008648799266313214]]","[[1.4434567907204256e-14, 2.251397703104444e-30], [0.9999999999999856, 3.294303838919002e-17]]","[[-57.109132294366326, -59.04854801401884], [-25.239981778433876, -28.734298162216053]]"
eggs,"parked(6, 4)",0.429236934782775,28.81085802254621,"[[0.827939511028997, 0.11904771483557101], [0.03357237508872132, 0.019440399046710858]]","[[6.949501492819854e-15, 1.0839321134681134e-30], [0.9999999999999925, 6.281293467855041e-16]]","[[-54.53719014590126, -56.47660586555378], [-21.93708368034292, -22.48343391325065]]"
eggs,"parked(5, 4)",0.42046134790943596,28.744755564627727,"[[0.8298893615045921, 0.11932807981429051], [0.03881476833521953, 0.011967790345896944]]","[[6.329007978070113e-15, 9.871521001778484e-31], [0.9999999999999929, 3.3445904853536834e-16]]","[[-54.66818630426272, -56.607602023915234], [-21.97455341570218, -23.15113531391857]]"
eggs,"parked(6, 2)",0.4203075588769256,28.59393817353769,"[[0.8402438334880674, 0.12081692798682148], [0.03890946603723563, 2.977248787576214e-05]]","[[8.345427641788062e-15, 1.3016584039740265e-30], [0.9999999999999931, 8.300147916828279e-19]]","[[-54.3541462741816, -56.29356199383412], [-21.93708368034292, -29.1124917817754]]"
eggs,"parked(4, 4)",0.4167903246833385,28.74401658509833,"[[0.828427899132731, 0.11911793915380674], [0.041102076750694036, 0.011352084962768681]]","[[5.7500556775095466e-15, 8.968513798467273e-31], [0.9999999999999929, 2.9959726392194015e-16]]","[[-54.76412027280534, -56.70353599245786], [-21.97455341570218, -23.261210640924382]]"
milk,"parked(6, 4)",0.41600104646878155,28.725232951630687,"[[0.829436024421423, 0.11926289541001628], [0.04160119239002336, 0.00969988777853763]]","[[5.834587312264655e-15, 9.10036002313487e-31], [0.9999999999999931, 2.529221744480008e-16]]","[[-54.70080215714136, -56.640217876793876], [-21.925829299206566, -23.38184381306523]]"
eggs+milk,"parked(5, 5)",0.3969443739539568,28.682688182662325,"[[0.8213228645505719, 0.11809632088391343], [0.05445695304924394, 0.0061238615162701425]]","[[3.602092268950355e-15, 5.618278505335427e-31], [0.9999999999999966, 1.219826316875657e-16]]","[[-57.30523336320777, -59.244649082860285], [-24.047971830755625, -26.23318950376045]]"
eggs,"parked(7, 1)",0.3886982271931301,28.59733673031091,"[[0.8212824736559625, 0.11809051316047546], [0.06051220761461219, 0.00011480556894919381]]","[[3.238232380573409e-15, 5.050756621611616e-31], [0.9999999999999966, 2.0580026697957232e-18]]","[[-58.60373055396459, -60.543146273617104], [-25.239981778433876, -31.507342188132842]]"
eggs,"parked(5, 5)",0.37895323163329214,28.666293618253885,"[[0.8066582308005983, 0.11598772343980161], [0.06806671268991671, 0.009287333069683755]]","[[1.97252019502448e-15, 3.0765918764972477e-31], [0.9999999999999966, 1.4800698778348514e-16]]","[[-55.83401779863867, -57.773433518291185], [-21.97455341570218, -23.966390272686166]]"
milk,"parked(6, 5)",0.3731650982136348,28.626311120070017,"[[0.8036245868315404, 0.11555152202975873], [0.07276380066061783, 0.008060090478082862]]","[[1.7068115726250496e-15, 2.6621591161881618e-31], [0.9999999999999994, 1.2015739862807498e-16]]","[[-55.92997864150325, -57.86939436115576], [-21.925829299206566, -24.12612310504562]]"
eggs+milk,"parked(6, 5)",0.369868214732518,28.597056149449482,"[[0.8022069640119375, 0.11534768496808412], [0.07551076737024455, 0.006934583649734003]]","[[1.585924420453386e-15, 2.473608230229017e-31], [0.9999999999999997, 9.961792317943998e-17]]","[[-58.12558075777996, -60.06499647743247], [-24.047971830755625, -26.435726075140426]]"
eggs+milk,"parked(7, 4)",0.3681096558546993,28.683938377263342,"[[0.7926830701325172, 0.11397826390823837], [0.07699751348033883, 0.01634115247890547]]","[[1.218049387043332e-15, 1.89982381868767e-31], [0.9999999999999997, 2.3021412028394584e-16]]","[[-58.358658530708546, -60.29807425036106], [-24.01713285191816, -25.56721936269788]]"
eggs,"parked(6, 5)",0.3627189315838719,28.599513044342697,"[[0.7929467343635466, 0.11401617564426475], [0.08164948538162933, 0.01138760461055865]]","[[1.1564510609851623e-15, 1.803747281659349e-31], [0.9999999999999997, 1.512881470039666e-16]]","[[-56.367973925303815, -58.30738964495633], [-21.97455341570218, -23.944463483381558]]"
eggs,"parked(8, 3)",0.3552669676719598,28.565447172711206,"[[0.7853781545627736, 0.11292790516335385], [0.0883191485835068, 0.013374791690365316]]","[[8.802214302163073e-16, 1.3729046265549934e-31], [0.9999999999999998, 1.642699514734056e-16]]","[[-59.928215593549496, -61.86763131320201], [-25.261857420722407, -27.14944264496367]]"
eggs,"parked(7, 4)",0.35093122403125265,28.592734557041446,"[[0.7762118745278704, 0.11160990466070612], [0.09233014733721043, 0.019848073474212684]]","[[6.648804207410972e-16, 1.03703156320218e-31], [0.9999999999999998, 2.331851051957907e-16]]","[[-56.884804237280775, -58.82421995693329], [-21.937879769440094, -23.47514353276352]]"
eggs,"parked(8, 2)",0.33953892125028645,28.308084906307656,"[[0.7828238250067764, 0.11256062338427734], [0.10334044259702149, 0.0012751090119243243]]","[[7.044290751310494e-16, 1.09871664461704e-31], [0.9999999999999999, 1.3384525324757615e-17]]","[[-60.12912580010697, -62.068541519759485], [-25.239981778433876, -29.6349789097004]]"
eggs,"parked(7, 3)",0.33855228379242586,28.316385907932563,"[[0.7803386811918596, 0.11220328968022947], [0.10432683864857437, 0.0031311904793371505]]","[[6.54511297192079e-16, 1.0208585671751995e-31], [0.9999999999999999, 3.2556627927876734e-17]]","[[-56.89972650823707, -58.83914222788959], [-21.93708368034292, -25.443199053827257]]"
milk,"parked(7, 4)",0.33362177308871566,28.401696807362153,"[[0.7632127947248677, 0.10974079378376606], [0.10933643665875693, 0.017709974832609228]]","[[4.0086473328658145e-16, 6.252393182663535e-32], [0.9999999999999998, 1.757029300884081e-16]]","[[-57.378736926174035, -59.31815264582655], [-21.925829299206566, -23.746130971883662]]"
eggs,"parked(7, 5)",0.29803317697779486,27.899331060124386,"[[0.7281174459558405, 0.10469450596122036], [0.1497017350957927, 0.01748631298714707]]","[[1.1598643116795153e-16, 1.8090710189702245e-32], [0.9999999999999999, 1.267060608537543e-16]]","[[-58.63093823175846, -60.57035395141098], [-21.937879769440094, -24.085106191386988]]"
eggs,"parked(8, 4)",0.2723930724851162,27.433882423644825,"[[0.6936825770314188, 0.0997431871734271], [0.1838166679931964, 0.02275756780195754]]","[[3.710160606822762e-17, 5.786835547865861e-33], [0.9999999999999999, 1.3429719185308675e-16]]","[[-59.7707511844078, -61.71016690406031], [-21.937879769440094, -24.02692092002423]]"
eggs,"parked(9, 3)",0.26465920776210966,27.152047655960708,"[[0.6964236159711649, 0.10013731550974307], [0.19502073752810986, 0.008418330990981958]]","[[3.770588412586202e-17, 5.8810863934569554e-33], [0.9999999999999999, 4.6824287603176727e-17]]","[[-63.078572934731035, -65.01798865438354], [-25.261857420722407, -28.40455173092199]]"
apple,"parked(3, 0)",0.02469373083381419,3.5354494815427313,"[[0.8742879400540715, 0.1257120598609657], [0.0, 8.496405200597949e-11]]","[[0.9999999999146346, 1.559726415730026e-16], [0.0, 8.536540735437568e-11]]","[[-49.36562770703705, -51.305043426689565], [-Infinity, -38.0922725334378]]"
apple,"parked(4, 0)",0.024693730833808648,3.5354494815438477,"[[0.8742879400538769, 0.12571205986093772], [0.0, 8.51862533231477e-11]]","[[0.9999999999144112, 1.5597264156998537e-16], [0.0, 8.558865831177373e-11]]","[[-52.094267257832186, -54.0336829774847], [-Infinity, -40.818300258827186]]"
apple,"parked(5, 0)",0.024693730833804165,3.5354494815447706,"[[0.8742879400537159, 0.12571205986091458], [0.0, 8.537005284790582e-11]]","[[0.999999999914227, 1.5597264156749084e-16], [0.0, 8.57733260733985e-11]]","[[-55.06628928046403, -57.00570500011654], [-Infinity, -43.78816698622076]]"
apple,"parked(4, 1)",0.024693730833803443,3.535449481544913,"[[0.874287940053691, 0.125712059860911], [0.0, 8.539836217065537e-11]]","[[0.9999999999141983, 1.5597264156710408e-16], [0.0, 8.580176912444631e-11]]","[[-49.80654177308946, -51.74595749274197], [-Infinity, -38.528087926630086]]"
apple,"parked(5, 1)",0.024693730833798264,3.535449481545954,"[[0.8742879400535102, 0.125712059860885], [0.0, 8.560548067689327e-11]]","[[0.9999999999139907, 1.5597264156429295e-16], [0.0, 8.600986602234855e-11]]","[[-53.10293800461197, -55.04235372426449], [-Infinity, -41.82206177271833]]"
apple,"parked(6, 0)",0.02469373083379491,3.5354494815466264,"[[0.8742879400533934, 0.12571205986086822], [0.0, 8.57390417000336e-11]]","[[0.9999999999138561, 1.559726415624793e-16], [0.0, 8.61440579644446e-11]]","[[-58.1790216060581, -60.118437325710616], [-Infinity, -46.89658639755599]]"
apple,"parked(6, 1)",0.024693730833784615,3.535449481548724,"[[0.8742879400530287, 0.12571205986081577], [0.0, 8.615639180202553e-11]]","[[0.9999999999134365, 1.559726415568124e-16], [0.0, 8.656337955545604e-11]]","[[-56.46249530681584, -58.401911026468355], [-Infinity, -45.175204228478385]]"
apple,"parked(5, 2)",0.024693730833783692,3.5354494815489197,"[[0.8742879400529942, 0.1257120598608108], [0.0, 8.61954850514164e-11]]","[[0.9999999999133972, 1.5597264155628054e-16], [0.0, 8.660265747453215e-11]]","[[-52.23554409006433, -54.174959809716846], [-Infinity, -40.9477993671125]]"
apple,"parked(6, 2)",0.024693730833758712,3.5354494815539774,"[[0.8742879400521153, 0.12571205986068443], [0.0, 8.720146218007154e-11]]","[[0.9999999999123864, 1.5597264154262047e-16], [0.0, 8.761338666351628e-11]]","[[-55.90954686087988, -57.848962580532394], [-Infinity, -44.61019883765017]]"
apple,"parked(7, 0)",0.02469373083371952,3.5354494815619177,"[[0.8742879400507335, 0.12571205986048575], [0.0, 8.878165939546605e-11]]","[[0.9999999999107991, 1.559726415211665e-16], [0.0, 8.920104845468093e-11]]","[[-61.31780310576455, -63.25721882541706], [-Infinity, -50.00049609096491]]"
apple,"parked(1, 0)",0.024693730833696994,3.5354494815664834,"[[0.874287940049939, 0.1257120598603715], [0.0, 8.96902322722716e-11]]","[[0.9999999999098861, 1.5597264150882937e-16], [0.0, 9.01139132711353e-11]]","[[-46.6879055884551, -48.62732130810762], [-Infinity, -35.36041679405342]]"
apple,"parked(7, 1)",0.02469373083357366,3.535449481591471,"[[0.8742879400455916, 0.12571205985974643], [0.0, 9.466218412165147e-11]]","[[0.9999999999048909, 1.5597264144131686e-16], [0.0, 9.510935175303318e-11]]","[[-59.65170061729508, -61.59111633694759], [-Infinity, -48.270259094765905]]"
apple,"parked(8, 0)",0.024693730833535703,3.535449481599171,"[[0.8742879400442474, 0.1257120598595531], [0.0, 9.61962011019958e-11]]","[[0.9999999999033494, 1.5597264142048674e-16], [0.0, 9.665061516177909e-11]]","[[-64.42197767111492, -66.36139339076743], [-Infinity, -53.0244608786889]]"
apple,"parked(0, 0)",0.0246937308335306,3.5354494816002267,"[[0.8742879400440687, 0.1257120598595274], [0.0, 9.640427370300779e-11]]","[[0.9999999999031404, 1.5597264141766081e-16], [0.0, 9.685967066143255e-11]]","[[-47.50703391258943, -49.446449632241944], [-Infinity, -36.1073564538004]]"
apple,"parked(0, 1)",0.024693730833411878,3.5354494816242292,"[[0.8742879400398901, 0.1257120598589257], [0.0, 1.0118455460152754e-10]]","[[0.9999999998983374, 1.559726413527518e-16], [0.0, 1.0166253277236108e-10]]","[[-44.171342974875806, -46.11075869452833], [-Infinity, -32.72326992663239]]"
apple,"parked(9, 0)",0.024693730833250556,3.53544948165695,"[[0.8742879400341973, 0.12571205985810804], [0.0, 1.0769221048767443e-10]]","[[0.9999999998917992, 1.559726412643889e-16], [0.0, 1.0820092968878814e-10]]","[[-67.57632078058077, -69.51573650023329], [-Infinity, -56.06591659893467]]"
apple,"parked(8, 1)",0.024693730833114803,3.535449481684536,"[[0.8742879400294065, 0.12571205985742004], [0.0, 1.1317477880285259e-10]]","[[0.9999999998862907, 1.5597264118994497e-16], [0.0, 1.1370939669952385e-10]]","[[-62.70600429453, -64.6454200141825], [-Infinity, -51.1459440290835]]"
apple+milk,"parked(5, 2)",0.024693730832921416,3.535449481723688,"[[0.8742879400225921, 0.12571205985643935], [0.0, 1.2096941039917602e-10]]","[[0.9999999998784589, 1.5597264108410378e-16], [0.0, 1.215408487746979e-10]]","[[-53.45909561181485, -55.39851133146737], [-Infinity, -41.83243097752246]]"
apple+milk,"parked(6, 2)",0.024693730832810165,3.5354494817462427,"[[0.8742879400186685, 0.1257120598558752], [0.0, 1.2545726396342052e-10]]","[[0.9999999998739505, 1.559726410231677e-16], [0.0, 1.2604990217567714e-10]]","[[-57.22202290717548, -59.161438626827994], [-Infinity, -45.55893080511802]]"
apple+bread,"parked(5, 2)",0.02469373083268514,3.535449481771586,"[[0.8742879400142604, 0.12571205985524134], [0.0, 1.3049949284201605e-10]]","[[0.999999999868884, 1.5597264095470086e-16], [0.0, 1.3111594966320748e-10]]","[[-53.508664357505964, -55.44808007715848], [-Infinity, -41.80616808891418]]"
apple,"parked(7, 2)",0.02469373083267507,3.5354494817736315,"[[0.8742879400139038, 0.12571205985519007], [0.0, 1.3090676710966822e-10]]","[[0.9999999998684751, 1.5597264094916954e-16], [0.0, 1.31525147823397e-10]]","[[-58.65243574454444, -60.59185146419696], [-Infinity, -46.946823448035786]]"
apple+eggs,"parked(6, 2)",0.02469373083250767,3.5354494818075555,"[[0.8742879400080027, 0.12571205985434156], [0.0, 1.3765666143876216e-10]]","[[0.9999999998616933, 1.5597264085751613e-16], [0.0, 1.3830692747488444e-10]]","[[-57.10225525093173, -59.04167097058424], [-Infinity, -45.34636569775244]]"
apple,"parked(9, 1)",0.024693730832468393,3.5354494818155047,"[[0.8742879400066146, 0.12571205985414197], [0.0, 1.3924047507507812e-10]]","[[0.9999999998601019, 1.5597264083601156e-16], [0.0, 1.3989822277031225e-10]]","[[-65.82480737297854, -67.76422309263106], [-Infinity, -54.05747796926024]]"
apple+bread,"parked(4, 1)",0.024693730832050693,3.5354494819001765,"[[0.8742879399918901, 0.12571205985202477], [0.0, 1.5608580963314958e-10]]","[[0.9999999998431768, 1.5597264060727771e-16], [0.0, 1.5682313174792615e-10]]","[[-51.57415140461842, -53.513567124270935], [-Infinity, -39.6926185565143]]"
apple+bread,"parked(6, 2)",0.02469373083162501,3.535449481986464,"[[0.87428793997688, 0.12571205984986653], [0.0, 1.732543912170152e-10]]","[[0.9999999998259268, 1.5597264037415428e-16], [0.0, 1.7407281471385085e-10]]","[[-57.836296442549596, -59.77571216220211], [-Infinity, -45.85040852684407]]"
apple+milk,"parked(6, 1)",0.024693730831444126,3.535449482023103,"[[0.8742879399705057, 0.12571205984894995], [0.0, 1.8054496198907722e-10]]","[[0.9999999998186018, 1.559726402751595e-16], [0.0, 1.8139782486943096e-10]]","[[-58.704987131204845, -60.64440285085736], [-Infinity, -46.677880355097535]]"
apple+bread,"parked(6, 1)",0.0246937308312458,3.535449482063331,"[[0.8742879399635072, 0.12571205984794365], [0.0, 1.8854935283690125e-10]]","[[0.99999999981056, 1.5597264016647343e-16], [0.0, 1.8944002706218963e-10]]","[[-58.58387370131201, -60.523289420964524], [-Infinity, -46.51338697677079]]"
apple+bread,"parked(5, 1)",0.02469373083115549,3.5354494820816385,"[[0.8742879399603237, 0.1257120598474859], [0.0, 1.9219140689822755e-10]]","[[0.9999999998069012, 1.5597264011701767e-16], [0.0, 1.9309928555106054e-10]]","[[-55.27408382429936, -57.213499543951876], [-Infinity, -43.184465104453636]]"
apple+bread,"parked(6, 0)",0.024693730830903485,3.535449482132719,"[[0.8742879399514376, 0.1257120598462082], [0.0, 2.023549701271996e-10]]","[[0.9999999997966889, 1.5597263997901176e-16], [0.0, 2.0331085967834084e-10]]","[[-60.44438629452031, -62.38380201417282], [-Infinity, -48.30323592710777]]"
apple+bread,"parked(7, 0)",0.024693730830865943,3.535449482140262,"[[0.874287939950122, 0.12571205984601813], [0.0, 2.0386055050154036e-10]]","[[0.9999999997951762, 1.5597263995856857e-16], [0.0, 2.0482355215152117e-10]]","[[-63.523855622911675, -65.4632713425642], [-Infinity, -51.37529250429365]]"
apple,"parked(8, 2)",0.02469373083084716,3.53544948214414,"[[0.8742879399494502, 0.12571205984592243], [0.0, 2.0462797431929986e-10]]","[[0.9999999997944052, 1.5597263994815009e-16], [0.0, 2.055946011454168e-10]]","[[-61.520147881019064, -63.45956360067158], [-Infinity, -49.36782737541146]]"
apple+bread,"parked(7, 1)",0.024693730830827283,3.5354494821481635,"[[0.8742879399487504, 0.12571205984582182], [0.0, 2.0542841880737084e-10]]","[[0.9999999997936013, 1.5597263993728037e-16], [0.0, 2.06398826793505e-10]]","[[-61.74431912720547, -63.68373484685799], [-Infinity, -49.5880945462928]]"
apple+milk,"parked(7, 2)",0.024693730830705786,3.535449482172804,"[[0.8742879399444643, 0.12571205984520553], [0.0, 2.1033099863345546e-10]]","[[0.9999999997886749, 1.5597263987071072e-16], [0.0, 2.1132456555078066e-10]]","[[-60.3578344225034, -62.29725014215592], [-Infinity, -48.178025013636784]]"
apple+bread,"parked(5, 0)",0.02469373083066707,3.5354494821806557,"[[0.8742879399430985, 0.12571205984500913], [0.0, 2.1189321401899195e-10]]","[[0.9999999997871055, 1.5597263984949812e-16], [0.0, 2.1289416056906255e-10]]","[[-57.423775343829064, -59.36319106348158], [-Infinity, -45.23656596832731]]"
apple+bread,"parked(8, 0)",0.024693730830521482,3.5354494822101548,"[[0.874287939937962, 0.12571205984427058], [0.0, 2.1776456262648412e-10]]","[[0.9999999997812072, 1.5597263976977446e-16], [0.0, 2.187932444023393e-10]]","[[-66.58714226582008, -68.52655798547259], [-Infinity, -54.37260083888843]]"
apple+eggs,"parked(7, 2)",0.02469373083048933,3.5354494822166718,"[[0.8742879399368331, 0.12571205984410824], [0.0, 2.1905948716379754e-10]]","[[0.9999999997799055, 1.5597263975219117e-16], [0.0, 2.2009428593709417e-10]]","[[-59.919103473466635, -61.85851919311915], [-Infinity, -47.69863321383579]]"
apple+milk,"parked(5, 1)",0.024693730830278416,3.535449482259414,"[[0.8742879399293977, 0.12571205984303913], [0.0, 2.2756410529595532e-10]]","[[0.9999999997713608, 1.5597263963671263e-16], [0.0, 2.2863907840054714e-10]]","[[-55.7681872156002, -57.707602935252716], [-Infinity, -43.50962829882666]]"
apple+bread,"parked(3, 0)",0.024693730830262873,3.5354494822625497,"[[0.8742879399288523, 0.12571205984296072], [0.0, 2.281878164386676e-10]]","[[0.9999999997707342, 1.5597263962824221e-16], [0.0, 2.2926573584580787e-10]]","[[-51.879791227095566, -53.81920694674808], [-Infinity, -39.61849524432311]]"
apple+bread,"parked(4, 0)",0.02469373083016912,3.535449482281571,"[[0.8742879399255431, 0.12571205984248487], [0.0, 2.3197264691943022e-10]]","[[0.9999999997669321, 1.5597263957685022e-16], [0.0, 2.330684452049947e-10]]","[[-54.61187849212989, -56.551294211782405], [-Infinity, -42.334132091685234]]"
apple+bread,"parked(9, 0)",0.024693730829921875,3.5354494823316713,"[[0.8742879399168223, 0.12571205984123093], [0.0, 2.419433998045916e-10]]","[[0.9999999997569137, 1.559726394414627e-16], [0.0, 2.4308629818606167e-10]]","[[-69.71316924173989, -71.6525849613924], [-Infinity, -57.39333849023697]]"
apple+bread,"parked(8, 1)",0.02469373082983786,3.535449482348703,"[[0.8742879399138603, 0.12571205984080502], [0.0, 2.4533192638027975e-10]]","[[0.9999999997535095, 1.5597263939545178e-16], [0.0, 2.4649083156971404e-10]]","[[-64.78059892668972, -66.72001464634224], [-Infinity, -52.44685989340678]]"
apple+eggs,"parked(7, 1)",0.02469373082979951,3.5354494823564875,"[[0.8742879399125105, 0.12571205984061096], [0.0, 2.4687910048075515e-10]]","[[0.9999999997519544, 1.5597263937444355e-16], [0.0, 2.4804531425052996e-10]]","[[-61.81608431845119, -63.755500038103705], [-Infinity, -49.47605863515515]]"
apple+milk,"parked(7, 1)",0.024693730829655428,3.5354494823856912,"[[0.8742879399074301, 0.12571205983988046], [0.0, 2.526898905799574e-10]]","[[0.9999999997461163, 1.5597263929554173e-16], [0.0, 2.538835535076957e-10]]","[[-62.28330329862975, -64.22271901828226], [-Infinity, -49.92001335191315]]"
apple+bread,"parked(7, 2)",0.024693730829424377,3.5354494824325102,"[[0.8742879398992857, 0.12571205983870937], [0.0, 2.620054540507228e-10]]","[[0.9999999997367574, 1.5597263916905104e-16], [0.0, 2.632431220739583e-10]]","[[-60.59759250571595, -62.53700822536847], [-Infinity, -48.198100245630876]]"
apple+milk,"parked(8, 1)",0.024693730828750933,3.5354494825689997,"[[0.8742879398755371, 0.12571205983529463], [0.0, 2.891651245772654e-10]]","[[0.999999999709469, 1.5597263880026416e-16], [0.0, 2.905310901424506e-10]]","[[-65.235540141936, -67.17495586158851], [-Infinity, -52.73741530975374]]"
apple,"parked(9, 2)",0.024693730828736153,3.5354494825719938,"[[0.8742879398750167, 0.1257120598352198], [0.0, 2.897607719077161e-10]]","[[0.9999999997088694, 1.559726387921756e-16], [0.0, 2.9112955120689986e-10]]","[[-64.62928661543678, -66.5687023350893], [-Infinity, -52.1291040153804]]"
apple+bread,"parked(9, 1)",0.024693730828436334,3.5354494826327727,"[[0.8742879398644439, 0.12571205983369954], [0.0, 3.018541548363208e-10]]","[[0.9999999996967192, 1.559726386279663e-16], [0.0, 3.032800611651611e-10]]","[[-67.88783163913048, -69.827247358783], [-Infinity, -55.346760726387664]]"
apple+milk,"parked(8, 0)",0.02469373082833654,3.5354494826530027,"[[0.8742879398609236, 0.12571205983319336], [0.0, 3.0587950592686973e-10]]","[[0.9999999996926758, 1.5597263857330836e-16], [0.0, 3.0732442731150317e-10]]","[[-67.30749965074398, -69.2469153703965], [-Infinity, -54.753181454448075]]"
apple+milk,"parked(7, 0)",0.02469373082805816,3.535449482709436,"[[0.874287939851108, 0.12571205983178202], [0.0, 3.1710770631607534e-10]]","[[0.9999999996813935, 1.559726384208466e-16], [0.0, 3.1860566775909394e-10]]","[[-64.40302999833635, -66.34244571798887], [-Infinity, -51.81266157025822]]"
apple+milk,"parked(9, 0)",0.024693730827979782,3.535449482725323,"[[0.8742879398483436, 0.12571205983138453], [0.0, 3.2026905193310447e-10]]","[[0.9999999996782174, 1.559726383779204e-16], [0.0, 3.217819470209019e-10]]","[[-70.33248827798315, -72.27190399763566], [-Infinity, -57.73219990353667]]"
apple+eggs,"parked(6, 1)",0.024693730827577514,3.5354494828068814,"[[0.8742879398341609, 0.1257120598293452], [0.0, 3.364950460273303e-10]]","[[0.9999999996619157, 1.559726381575972e-16], [0.0, 3.380845898784456e-10]]","[[-59.28768196205997, -61.227097681712486], [-Infinity, -46.63797158910405]]"
apple+milk,"parked(9, 1)",0.02469373082733432,3.5354494828561456,"[[0.8742879398255865, 0.12571205982811232], [0.0, 3.4629895304754887e-10]]","[[0.9999999996520645, 1.5597263802447421e-16], [0.0, 3.4793480884383237e-10]]","[[-68.29355468420887, -70.23297040386139], [-Infinity, -55.61512530916642]]"
apple+eggs,"parked(8, 2)",0.02469373082707016,3.535449482909682,"[[0.8742879398162777, 0.12571205982677383], [0.0, 3.569492916573028e-10]]","[[0.9999999996413644, 1.5597263787985878e-16], [0.0, 3.5863545779381046e-10]]","[[-62.9734178539526, -64.91283357360511], [-Infinity, -50.26469717461858]]"
apple+milk,"parked(8, 2)",0.024693730826513872,3.535449483022457,"[[0.874287939796659, 0.1257120598239529], [0.0, 3.7938851103860534e-10]]","[[0.9999999996188198, 1.5597263757516862e-16], [0.0, 3.811806761299651e-10]]","[[-63.59188603741232, -65.53130175706484], [-Infinity, -50.82219831252028]]"
apple+milk,"parked(6, 0)",0.02469373082642387,3.535449483040717,"[[0.8742879397934825, 0.12571205982349615], [0.0, 3.830219790947973e-10]]","[[0.9999999996151686, 1.5597263752583176e-16], [0.0, 3.8483130805491214e-10]]","[[-61.5873379042426, -63.52675362389512], [-Infinity, -48.80811857994956]]"
apple+bread,"parked(8, 2)",0.024693730825661165,3.535449483195285,"[[0.8742879397665936, 0.12571205981962985], [0.0, 4.137767756164171e-10]]","[[0.9999999995842684, 1.5597263710822835e-16], [0.0, 4.157313848660344e-10]]","[[-63.48116807803869, -65.42058379769121], [-Infinity, -50.62471448619467]]"
apple+milk,"parked(5, 0)",0.024693730825523237,3.535449483223248,"[[0.87428793976173, 0.12571205981893055], [0.0, 4.1934008965943957e-10]]","[[0.9999999995786791, 1.5597263703268606e-16], [0.0, 4.213209790333356e-10]]","[[-58.605554239218144, -60.54496995887066], [-Infinity, -45.73574502544004]]"
apple+eggs,"parked(8, 1)",0.024693730824720442,3.535449483385963,"[[0.8742879397334199, 0.1257120598148599], [0.0, 4.517177542396686e-10]]","[[0.9999999995461488, 1.5597263659304829e-16], [0.0, 4.538515900484511e-10]]","[[-65.44831650623453, -67.38773222588705], [-Infinity, -52.50413200289858]]"
apple+eggs,"parked(9, 1)",0.024693730823320867,3.53544948366964,"[[0.8742879396840709, 0.1257120598077641], [0.0, 5.081620285550387e-10]]","[[0.9999999994894377, 1.5597263582662197e-16], [0.0, 5.105624972614771e-10]]","[[-68.4434747736485, -70.38289049330102], [-Infinity, -55.38154746209374]]"
apple+eggs,"parked(9, 0)",0.024693730822366353,3.5354494838631036,"[[0.8742879396504163, 0.12571205980292496], [0.0, 5.466558681184866e-10]]","[[0.9999999994507628, 1.559726353039347e-16], [0.0, 5.492381750026528e-10]]","[[-70.64173225416424, -72.58114797381675], [-Infinity, -57.50678581131712]]"
apple+milk,"parked(9, 2)",0.024693730822310907,3.5354494838743475,"[[0.8742879396484599, 0.12571205980264363], [0.0, 5.488933647075085e-10]]","[[0.9999999994485135, 1.5597263527355243e-16], [0.0, 5.514862411349327e-10]]","[[-66.74352242553962, -68.68293814519214], [-Infinity, -53.60449127387302]]"
apple+eggs,"parked(8, 0)",0.024693730821682382,3.53544948400176,"[[0.8742879396262944, 0.12571205979945652], [0.0, 5.742451890525906e-10]]","[[0.9999999994230422, 1.5597263492931372e-16], [0.0, 5.769578230722227e-10]]","[[-67.71709425642024, -69.65650997607275], [-Infinity, -54.53291082594301]]"
apple+bread,"parked(9, 2)",0.024693730821250728,3.5354494840892374,"[[0.8742879396110775, 0.12571205979726852], [0.0, 5.916506264532064e-10]]","[[0.9999999994055542, 1.559726346929743e-16], [0.0, 5.944454807204239e-10]]","[[-66.6027715590796, -68.54218727873211], [-Infinity, -53.38872828817464]]"
apple+eggs,"parked(9, 2)",0.02469373081986445,3.535449484370243,"[[0.8742879395621957, 0.12571205979023992], [0.0, 6.475621563249296e-10]]","[[0.9999999993493789, 1.5597263393378205e-16], [0.0, 6.506211268980585e-10]]","[[-66.67353610124579, -68.6129518208983], [-Infinity, -53.369194344836586]]"
apple+eggs,"parked(7, 0)",0.024693730818473245,3.5354494846522164,"[[0.8742879395131427, 0.12571205978318667], [0.0, 7.03667703551012e-10]]","[[0.9999999992930079, 1.5597263317195538e-16], [0.0, 7.069917069341652e-10]]","[[-64.98869703413823, -66.92811275379074], [-Infinity, -51.6012638234115]]"
apple+eggs,"parked(6, 0)",0.024693730817134784,3.5354494849235447,"[[0.8742879394659476, 0.12571205977640063], [0.0, 7.576524256421309e-10]]","[[0.9999999992387683, 1.559726324389256e-16], [0.0, 7.612314434276248e-10]]","[[-62.008021470985824, -63.94743719063834], [-Infinity, -48.54666974917237]]"
apple+bread,"parked(2, 0)",0.024693730805481776,3.535449487285512,"[[0.8742879390550609, 0.12571205971732002], [0.0, 1.2276195618539993e-09]]","[[0.9999999987665812, 1.5597262605749878e-16], [0.0, 1.2334186223426869e-09]]","[[-51.23015761300668, -53.1695733326592], [-Infinity, -37.28619833173265]]"
apple+bread,"parked(1, 0)",0.02469373079932685,3.5354494885330836,"[[0.8742879388380337, 0.12571205968611412], [0.0, 1.4758526910242601e-09]]","[[0.9999999985171754, 1.559726226868799e-16], [0.0, 1.4828243614778643e-09]]","[[-51.50174859523177, -53.44116431488428], [-Infinity, -37.37363035265444]]"
apple,"parked(9, 3)",0.024693730788308235,3.5354494907664704,"[[0.8742879384495095, 0.12571205963024903], [0.0, 1.920238286324684e-09]]","[[0.999999998070691, 1.5597261665281656e-16], [0.0, 1.9293091567483164e-09]]","[[-64.3704678481084, -66.30988356776092], [-Infinity, -49.97913619941317]]"
apple,"parked(8, 3)",0.024693730787704714,3.535449490888817,"[[0.8742879384282306, 0.1257120596271894], [0.0, 1.9445803059588396e-09]]","[[0.9999999980462339, 1.5597261632229123e-16], [0.0, 1.9537661638335212e-09]]","[[-61.42999930221189, -63.369415021864405], [-Infinity, -47.02607076440898]]"
apple,"parked(7, 3)",0.024693730787119544,3.535449491007408,"[[0.8742879384076009, 0.12571205962422308], [0.0, 1.968176476848303e-09]]","[[0.9999999980225261, 1.5597261600189109e-16], [0.0, 1.9774737989147744e-09]]","[[-59.119869994297545, -61.05928571395006], [-Infinity, -44.70388015942382]]"
apple+bread,"parked(0, 0)",0.024693730785663944,3.5354494913024497,"[[0.8742879383562755, 0.12571205961684312], [0.0, 2.0268817429062406e-09]]","[[0.9999999979635433, 1.5597261520476437e-16], [0.0, 2.036456378400628e-09]]","[[-52.59749453196425, -54.53691025161677], [-Infinity, -38.152113634960955]]"
apple,"parked(0, 5)",0.024693730785568645,3.5354494913217813,"[[0.8742879383529131, 0.12571205961635964], [0.0, 2.030728235168471e-09]]","[[0.9999999979596786, 1.559726151525373e-16], [0.0, 2.0403210408207715e-09]]","[[-37.24995881822989, -39.18937453788241], [-Infinity, -22.80268198045624]]"
apple+bread,"parked(1, 1)",0.024693730782324057,3.5354494919794206,"[[0.8742879382385104, 0.12571205959990991], [0.0, 2.1615806443820036e-09]]","[[0.9999999978282087, 1.5597261337576643e-16], [0.0, 2.1717915739708307e-09]]","[[-48.01944124281586, -49.958856962468374], [-Infinity, -33.50971912502771]]"
apple+eggs,"parked(7, 3)",0.02469373078014176,3.5354494924217663,"[[0.874287938161559, 0.12571205958884527], [0.0, 2.249596020089199e-09]]","[[0.9999999977397774, 1.5597261218065594e-16], [0.0, 2.2602227189468725e-09]]","[[-59.705750815617534, -61.64516653527005], [-Infinity, -45.156117770580465]]"
apple+eggs,"parked(5, 2)",0.02469373077991346,3.535449492468049,"[[0.8742879381535081, 0.12571205958768764], [0.0, 2.2588049145522783e-09]]","[[0.9999999977305253, 1.5597261205561374e-16], [0.0, 2.2694751146196786e-09]]","[[-57.2136659257781, -59.15308164543062], [-Infinity, -42.65994765885812]]"
bread,"parked(2, 0)",0.02469373077558688,3.535449493344995,"[[0.8742879380009543, 0.1257120595657522], [0.0, 2.4332939293261505e-09]]","[[0.9999999975552113, 1.5597260968632792e-16], [0.0, 2.444788385036525e-09]]","[[-49.67635883934034, -51.615774558992854], [-Infinity, -35.04823056585255]]"
bread,"parked(4, 0)",0.024693730775226956,3.5354494934179486,"[[0.8742879379882631, 0.12571205956392736], [0.0, 2.4478100315498453e-09]]","[[0.999999997540627, 1.5597260948922375e-16], [0.0, 2.459373058792873e-09]]","[[-52.48850542770047, -54.42792114735298], [-Infinity, -37.854429258728615]]"
bread,"parked(5, 0)",0.024693730774946715,3.5354494934747667,"[[0.8742879379783797, 0.12571205956250625], [0.0, 2.459114937510295e-09]]","[[0.9999999975292685, 1.5597260933571948e-16], [0.0, 2.4707313671554267e-09]]","[[-55.292685159245536, -57.23210087889805], [-Infinity, -40.65400124572987]]"
bread,"parked(5, 1)",0.02469373077469606,3.53544949352557,"[[0.874287937969542, 0.1257120595612355], [0.0, 2.4692232714844436e-09]]","[[0.9999999975191131, 1.5597260919846451e-16], [0.0, 2.4808874511345317e-09]]","[[-53.13549100707321, -55.07490672672573], [-Infinity, -38.4927049601857]]"
bread,"parked(6, 0)",0.024693730774522516,3.5354494935607343,"[[0.8742879379634254, 0.125712059560356], [0.0, 2.4762199145086345e-09]]","[[0.9999999975120829, 1.559726091034611e-16], [0.0, 2.4879171450788653e-09]]","[[-58.309478969902955, -60.24889468955547], [-Infinity, -43.663863389266794]]"
bread,"parked(6, 1)",0.024693730774140783,3.5354494936381218,"[[0.8742879379499626, 0.1257120595584202], [0.0, 2.491618248448821e-09]]","[[0.999999997496612, 1.5597260889437737e-16], [0.0, 2.503388218060301e-09]]","[[-56.44368021116296, -58.38309593081548], [-Infinity, -41.79186540016601]]"
apple+eggs,"parked(8, 3)",0.02469373077338937,3.535449493790443,"[[0.8742879379234649, 0.12571205955461018], [0.0, 2.5219260084900145e-09]]","[[0.9999999974661608, 1.5597260848284449e-16], [0.0, 2.533839146668708e-09]]","[[-62.71969517157993, -64.65911089123244], [-Infinity, -48.05578985761715]]"
bread,"parked(6, 2)",0.024693730773258957,3.5354494938168632,"[[0.8742879379188685, 0.12571205955394926], [0.0, 2.5271830225996493e-09]]","[[0.9999999974608794, 1.5597260841146283e-16], [0.0, 2.5391209939952156e-09]]","[[-55.690476532809015, -57.62989225246153], [-Infinity, -41.02448886446163]]"
bread,"parked(7, 0)",0.024693730771618964,3.535449494149281,"[[0.8742879378610412, 0.1257120595456344], [0.0, 2.5933253294927454e-09]]","[[0.9999999973944241, 1.5597260751335608e-16], [0.0, 2.6055757455987514e-09]]","[[-61.386751631019685, -63.3261673506722], [-Infinity, -46.69492824632407]]"
apple+milk,"parked(4, 1)",0.02469373077150847,3.535449494171667,"[[0.8742879378571469, 0.12571205954507447], [0.0, 2.5977794136140184e-09]]","[[0.9999999973899488, 1.559726074528754e-16], [0.0, 2.6100508700358095e-09]]","[[-55.3600005687195, -57.299416288372015], [-Infinity, -40.66646113842619]]"
apple+eggs,"parked(9, 3)",0.024693730770609434,3.5354494943538874,"[[0.8742879378254443, 0.125712059540516], [0.0, 2.6340379635083502e-09]]","[[0.999999997353519, 1.5597260696054168e-16], [0.0, 2.646480698989715e-09]]","[[-65.86615099698334, -67.80556671663585], [-Infinity, -51.158750555856436]]"
bread,"parked(1, 0)",0.02469373077007462,3.5354494944622865,"[[0.8742879378065905, 0.12571205953780504], [0.0, 2.6556052707554594e-09]]","[[0.9999999973318497, 1.5597260666769189e-16], [0.0, 2.6681498864309765e-09]]","[[-49.86245444767356, -51.80187016732607], [-Infinity, -35.146899418128655]]"
apple+bread,"parked(0, 1)",0.024693730769071998,3.535449494665524,"[[0.8742879377712353, 0.12571205953272138], [0.0, 2.696044060755747e-09]]","[[0.9999999972912202, 1.5597260611859616e-16], [0.0, 2.7087797022153023e-09]]","[[-49.51912697083133, -51.458542690483846], [-Infinity, -34.788459004470155]]"
bread,"parked(7, 1)",0.02469373076694543,3.5354494950965596,"[[0.8742879376962521, 0.12571205952193973], [0.0, 2.7818089353419224e-09]]","[[0.9999999972050503, 1.5597260495404752e-16], [0.0, 2.794949715095934e-09]]","[[-59.603363619792994, -61.54277933944551], [-Infinity, -44.8413797696345]]"
bread,"parked(1, 1)",0.024693730765272544,3.5354494954356492,"[[0.8742879376372635, 0.12571205951345787], [0.0, 2.8492791392207944e-09]]","[[0.9999999971372612, 1.5597260403790918e-16], [0.0, 2.8627386364387787e-09]]","[[-46.85730108600573, -48.79671680565824], [-Infinity, -32.071352613550545]]"
bread,"parked(8, 0)",0.024693730765003252,3.535449495490199,"[[0.8742879376277708, 0.12571205951209294], [0.0, 2.860134253437659e-09]]","[[0.9999999971263547, 1.5597260389051294e-16], [0.0, 2.873645028320093e-09]]","[[-64.44869912110713, -66.38811484075964], [-Infinity, -49.6589481108962]]"
bread,"parked(0, 0)",0.024693730760643733,3.5354494963738765,"[[0.8742879374740494, 0.12571205948998967], [0.0, 3.03596139193971e-09]]","[[0.999999996949697, 1.5597260150306007e-16], [0.0, 3.0503027435279914e-09]]","[[-51.031587578859245, -52.97100329851176], [-Infinity, -36.18217697613278]]"
bread,"parked(9, 0)",0.024693730755170618,3.535449497483209,"[[0.8742879372810658, 0.12571205946224093], [0.0, 3.2566910992029273e-09]]","[[0.9999999967279245, 1.559725985059028e-16], [0.0, 3.2720751393926666e-09]]","[[-67.57393628919525, -69.51335200884776], [-Infinity, -52.65434213028044]]"
apple+milk,"parked(7, 3)",0.024693730751808404,3.5354494981647124,"[[0.874287937162515, 0.12571205944519476], [0.0, 3.3922911253378657e-09]]","[[0.9999999965916838, 1.559725966646725e-16], [0.0, 3.408315716377604e-09]]","[[-61.13916759673629, -63.07858331638881], [-Infinity, -46.178779564397104]]"
bread,"parked(8, 1)",0.0246937307517993,3.5354494981665736,"[[0.874287937162191, 0.12571205944514818], [0.0, 3.3926613416140063e-09]]","[[0.9999999965913118, 1.559725966596445e-16], [0.0, 3.4086876814908063e-09]]","[[-62.63937409219888, -64.5787898118514], [-Infinity, -47.67887693119956]]"
apple+milk,"parked(8, 3)",0.024693730751490922,3.5354494982290006,"[[0.874287937151327, 0.12571205944358516], [0.0, 3.4050876072150183e-09]]","[[0.9999999965788267, 1.5597259649091455e-16], [0.0, 3.421172646601104e-09]]","[[-63.476887398093716, -65.41630311774624], [-Infinity, -48.51273423767091]]"
apple+milk,"parked(9, 3)",0.024693730751352533,3.535449498257128,"[[0.8742879371464345, 0.12571205944288258], [0.0, 3.410680517058179e-09]]","[[0.9999999965732091, 1.5597259641497243e-16], [0.0, 3.426791976373925e-09]]","[[-66.44117222409285, -68.38058794374537], [-Infinity, -51.47537789494019]]"
bread,"parked(0, 1)",0.02469373074706286,3.5354494991266017,"[[0.8742879369951837, 0.12571205942113456], [0.0, 3.5836819677120743e-09]]","[[0.9999999963993891, 1.5597259406588964e-16], [0.0, 3.6006106556776087e-09]]","[[-48.05025095687713, -49.989666676529644], [-Infinity, -33.03497769468037]]"
apple,station,0.02469373074600947,3.535449499340115,"[[0.874287936958041, 0.12571205941579386], [0.0, 3.626165775745692e-09]]","[[0.9999999963567042, 1.5597259348902874e-16], [0.0, 3.6432951498034207e-09]]","[[-38.246445572291776, -40.18586129194429], [-Infinity, -23.219387230968668]]"
bread,"parked(7, 2)",0.02469373074159267,3.535449500235352,"[[0.8742879368023043, 0.1257120593934008], [0.0, 3.804295110742272e-09]]","[[0.9999999961777342, 1.5597259107032046e-16], [0.0, 3.822265936680189e-09]]","[[-58.452842287860626, -60.39225800751314], [-Infinity, -43.37782904021246]]"
apple+bread,"parked(9, 3)",0.02469373073975254,3.5354495006083453,"[[0.8742879367374143, 0.12571205938407043], [0.0, 3.878512422139849e-09]]","[[0.9999999961031666, 1.559725900625681e-16], [0.0, 3.896833837699724e-09]]","[[-66.33253673172356, -68.27195245137608], [-Infinity, -51.23820251458354]]"
bread+milk,"parked(6, 2)",0.024693730739441866,3.53544950067131,"[[0.8742879367264653, 0.12571205938249608], [0.0, 3.8910389594219585e-09]]","[[0.9999999960905805, 1.559725898924764e-16], [0.0, 3.909419548157036e-09]]","[[-56.99170474737485, -58.93112046702736], [-Infinity, -41.89414600625472]]"
apple+bread,"parked(8, 3)",0.024693730739001395,3.5354495007605387,"[[0.8742879367109393, 0.1257120593802627], [0.0, 3.9087981378507e-09]]","[[0.9999999960727369, 1.5597258965133536e-16], [0.0, 3.927262617844221e-09]]","[[-63.38496987327239, -65.32438559292491], [-Infinity, -48.282857392138105]]"
apple+bread,"parked(7, 3)",0.02469373073836369,3.535449500889855,"[[0.8742879366884476, 0.1257120593770296], [0.0, 3.9345238626502036e-09]]","[[0.9999999960468897, 1.5597258930202388e-16], [0.0, 3.953109866476398e-09]]","[[-61.06652284080938, -63.00593856046189], [-Infinity, -45.957850428606456]]"
bread+eggs,"parked(6, 2)",0.024693730732255642,3.5354495021278924,"[[0.8742879364730772, 0.12571205934606194], [0.0, 4.180861549352619e-09]]","[[0.9999999957993886, 1.55972585957155e-16], [0.0, 4.200611209404431e-09]]","[[-56.883193811628544, -58.82260953128106], [-Infinity, -41.71379391434769]]"
bread,"parked(9, 1)",0.02469373073087376,3.5354495024079817,"[[0.8742879364243483, 0.1257120593390553], [0.0, 4.236593962729604e-09]]","[[0.9999999957433925, 1.5597258520039882e-16], [0.0, 4.256606892972273e-09]]","[[-65.74664437015042, -67.68606008980294], [-Infinity, -50.5640021698615]]"
apple+eggs,"parked(5, 1)",0.024693730720059606,3.5354495045999217,"[[0.8742879360430397, 0.1257120592842277], [0.0, 4.672732749278033e-09]]","[[0.9999999953051945, 1.559725792783437e-16], [0.0, 4.6948059230059585e-09]]","[[-58.85371422866291, -60.793129948315425], [-Infinity, -43.57308755445886]]"
apple+bread,"parked(0, 2)",0.024693730718327884,3.535449504950878,"[[0.8742879359819842, 0.12571205927544776], [0.0, 4.742568415964509e-09]]","[[0.9999999952350285, 1.55972578330088e-16], [0.0, 4.7649714811897375e-09]]","[[-46.819712178694026, -48.75912789834655], [-Infinity, -31.524250721234846]]"
bread+milk,"parked(6, 1)",0.024693730701475226,3.535449508366811,"[[0.8742879353877461, 0.1257120591900044], [0.0, 5.422249450496317e-09]]","[[0.9999999945521365, 1.559725691011357e-16], [0.0, 5.447863210267948e-09]]","[[-58.55497895811827, -60.494394677770785], [-Infinity, -43.12558553323256]]"
apple+milk,"parked(4, 0)",0.024693730700496744,3.535449508565147,"[[0.874287935353244, 0.1257120591850434], [0.0, 5.461713005388865e-09]]","[[0.9999999945124869, 1.5597256856528443e-16], [0.0, 5.487513184104133e-09]]","[[-58.42689123804555, -60.366306957698065], [-Infinity, -42.99024608904022]]"
bread,"parked(0, 2)",0.024693730693659096,3.5354495099510834,"[[0.8742879351121444, 0.12571205915037623], [0.0, 5.737479839722015e-09]]","[[0.9999999942354176, 1.5597256482082788e-16], [0.0, 5.764582692818491e-09]]","[[-45.565496120988186, -47.5049118406407], [-Infinity, -30.079593364171437]]"
bread,"parked(8, 2)",0.024693730687001227,3.535449511300553,"[[0.8742879348773887, 0.12571205911662114], [0.0, 6.0059909256757835e-09]]","[[0.9999999939656378, 1.5597256117489258e-16], [0.0, 6.034362178264846e-09]]","[[-61.337848880602024, -63.27726460025454], [-Infinity, -45.80620870333282]]"
bread+eggs,"parked(7, 2)",0.024693730671893913,3.5354495143626643,"[[0.8742879343446971, 0.12571205904002655], [0.0, 6.615276711172979e-09]]","[[0.9999999933534736, 1.559725529018084e-16], [0.0, 6.6465261234418116e-09]]","[[-59.71051585947916, -61.649931579131675], [-Infinity, -44.08225146029436]]"
bread+milk,"parked(7, 2)",0.02469373067160075,3.5354495144220954,"[[0.8742879343343586, 0.12571205903854], [0.0, 6.627101873666087e-09]]","[[0.9999999933415933, 1.5597255274124252e-16], [0.0, 6.658407145938061e-09]]","[[-60.128668614085825, -62.06808433373834], [-Infinity, -44.49861825592445]]"
bread+milk,"parked(5, 1)",0.024693730670083958,3.535449514729466,"[[0.8742879342808854, 0.12571205903085028], [0.0, 6.688265381623391e-09]]","[[0.9999999932801404, 1.5597255191074344e-16], [0.0, 6.719859579628845e-09]]","[[-55.63563099114469, -57.57504671079721], [-Infinity, -39.99639365790117]]"
bread+eggs,"parked(7, 1)",0.024693730652077445,3.535449518379283,"[[0.874287933645958, 0.12571205893955628], [0.0, 7.414486941699005e-09]]","[[0.9999999925504879, 1.5597254204987995e-16], [0.0, 7.449511683568341e-09]]","[[-61.687664533713374, -63.62708025336589], [-Infinity, -45.94534591126273]]"
bread+milk,"parked(7, 1)",0.024693730651055,3.5354495185864887,"[[0.874287933609911, 0.12571205893437315], [0.0, 7.455716397381682e-09]]","[[0.9999999925090637, 1.5597254149005376e-16], [0.0, 7.49093590000173e-09]]","[[-62.04270454791887, -63.98212026757139], [-Infinity, -46.294840663298096]]"
bread+milk,"parked(7, 0)",0.02469373062367638,3.5354495241358346,"[[0.8742879326445266, 0.12571205879556252], [0.0, 8.559907830050152e-09]]","[[0.9999999913996572, 1.5597252649701982e-16], [0.0, 8.600343340225093e-09]]","[[-64.16185343594579, -66.1012691555983], [-Infinity, -48.275881072448726]]"
bread,"parked(9, 2)",0.024693730622812517,3.5354495243109474,"[[0.8742879326140635, 0.1257120587911823], [0.0, 8.59475113930592e-09]]","[[0.999999991364649, 1.5597252602390804e-16], [0.0, 8.635351243190783e-09]]","[[-64.46097190169215, -66.40038762134466], [-Infinity, -48.57093727344813]]"
bread+milk,"parked(8, 0)",0.024693730621167764,3.535449524644315,"[[0.8742879325560707, 0.12571205878284364], [0.0, 8.661083316981706e-09]]","[[0.9999999912980038, 1.5597252512323165e-16], [0.0, 8.70199676249346e-09]]","[[-67.06677884669789, -69.0061945663504], [-Infinity, -51.16905608788072]]"
bread+milk,"parked(8, 1)",0.02469373061895032,3.535449525093793,"[[0.8742879324778781, 0.12571205877160047], [0.0, 8.75051905909885e-09]]","[[0.9999999912081459, 1.5597252390884756e-16], [0.0, 8.791854983442376e-09]]","[[-64.99542502608652, -66.93484074573904], [-Infinity, -49.08742904892389]]"
bread+milk,"parked(9, 0)",0.02469373060354995,3.535449528215241,"[[0.8742879319348605, 0.12571205869352112], [0.0, 9.371615986979394e-09]]","[[0.9999999905841139, 1.5597251547542725e-16], [0.0, 9.415885864777303e-09]]","[[-70.0921849649132, -72.03160068456572], [-Infinity, -54.11561640802527]]"
bread+milk,"parked(6, 0)",0.024693730596205263,3.535449529703934,"[[0.8742879316758864, 0.1257120586562837], [0.0, 9.66783067796793e-09]]","[[0.9999999902864997, 1.5597251145334804e-16], [0.0, 9.713499822252036e-09]]","[[-61.34554557090729, -63.28496129055981], [-Infinity, -45.33785858450635]]"
bread+eggs,"parked(6, 1)",0.024693730593952294,3.5354495301606064,"[[0.8742879315964419, 0.1257120586448606], [0.0, 9.758698079519694e-09]]","[[0.9999999901952034, 1.5597251021952728e-16], [0.0, 9.804796465544823e-09]]","[[-59.15377474013407, -61.093190459786584], [-Infinity, -43.136732696818434]]"
bread+milk,"parked(9, 1)",0.024693730571642904,3.535449534682416,"[[0.8742879308098062, 0.12571205853175188], [0.0, 1.065843923170303e-08]]","[[0.9999999892912118, 1.5597249800262415e-16], [0.0, 1.0708787837851585e-08]]","[[-68.05400703257664, -69.99342275222915], [-Infinity, -51.94877191448728]]"
bread+eggs,"parked(8, 2)",0.024693730567270745,3.535449535568703,"[[0.874287930655632, 0.12571205850958436], [0.0, 1.083478467323517e-08]]","[[0.9999999891140342, 1.5597249560816698e-16], [0.0, 1.0885966304462674e-08]]","[[-62.77191572962334, -64.71133144927585], [-Infinity, -46.650270829132545]]"
bread+milk,"parked(5, 0)",0.02469373056479645,3.535449536070128,"[[0.8742879305683977, 0.12571205849704023], [0.0, 1.0934562312187659e-08]]","[[0.9999999890137842, 1.5597249425336363e-16], [0.0, 1.0986215275562093e-08]]","[[-58.51882941085177, -60.45824513050429], [-Infinity, -42.38801763619897]]"
bread+milk,"parked(8, 2)",0.02469373053586737,3.5354495419336773,"[[0.8742879295483491, 0.12571205835036953], [0.0, 1.2101282077395916e-08]]","[[0.9999999878415532, 1.559724784113947e-16], [0.0, 1.215844642125184e-08]]","[[-63.35314471490085, -65.29256043455337], [-Infinity, -47.12095006188717]]"
apple,"parked(9, 4)",0.02469373052670975,3.535449543789843,"[[0.8742879292254382, 0.12571205830393883], [0.0, 1.247062118286713e-08]]","[[0.9999999874704706, 1.5597247339643688e-16], [0.0, 1.2529530220177029e-08]]","[[-64.33560060417761, -66.27501632383013], [-Infinity, -48.07334175017568]]"
apple+eggs,"parked(5, 0)",0.024693730524565024,3.535449544224556,"[[0.8742879291498169, 0.12571205829306542], [0.0, 1.2557118439595395e-08]]","[[0.9999999873835644, 1.559724722219621e-16], [0.0, 1.2616436074845155e-08]]","[[-61.829642327292085, -63.7690580469446], [-Infinity, -45.56047132727546]]"
bread+eggs,"parked(8, 1)",0.02469373051211651,3.535449546747668,"[[0.8742879287108806, 0.12571205822995166], [0.0, 1.3059166378148173e-08]]","[[0.999999986879145, 1.5597246540506252e-16], [0.0, 1.312085560021058e-08]]","[[-65.23129230826123, -67.17070802791375], [-Infinity, -48.922918684004216]]"
apple+eggs,"parked(9, 4)",0.024693730482308576,3.5354495527893093,"[[0.8742879276598416, 0.12571205807882493], [0.0, 1.4261330751716413e-08]]","[[0.9999999856713017, 1.559724490818796e-16], [0.0, 1.4328698788402228e-08]]","[[-66.0285900275624, -67.96800574721492], [-Infinity, -49.63215485907578]]"
bread+eggs,"parked(9, 1)",0.024693730465797425,3.5354495561358936,"[[0.8742879270776494, 0.12571205799511273], [0.0, 1.4927234938083146e-08]]","[[0.9999999850022513, 1.5597244004013969e-16], [0.0, 1.499774858988994e-08]]","[[-68.22744985679644, -70.16686557644896], [-Infinity, -51.78537896890573]]"
bread+eggs,"parked(9, 0)",0.02469373045921159,3.5354495574707463,"[[0.8742879268454308, 0.1257120579617225], [0.0, 1.5192844285711644e-08]]","[[0.9999999847353878, 1.5597243643366107e-16], [0.0, 1.5264612629705737e-08]]","[[-70.42480435382164, -72.36422007347416], [-Infinity, -53.96509628914359]]"
bread+eggs,"parked(8, 0)",0.024693730454498772,3.5354495584259755,"[[0.8742879266792514, 0.1257120579378279], [0.0, 1.5382917144606993e-08]]","[[0.999999984544416, 1.5597243385282822e-16], [0.0, 1.545558335960306e-08]]","[[-67.4995196706232, -69.43893539027572], [-Infinity, -51.027378518333464]]"
bread+milk,"parked(9, 2)",0.024693730400837093,3.5354495693023695,"[[0.8742879247871223, 0.12571205766576257], [0.0, 1.7547113867193534e-08]]","[[0.9999999823699957, 1.5597240446715378e-16], [0.0, 1.763000336967537e-08]]","[[-66.506114396495, -68.44553011614751], [-Infinity, -49.90234118881885]]"
bread+eggs,"parked(7, 0)",0.0246937303942787,3.5354495706316538,"[[0.8742879245558682, 0.125712057632511], [0.0, 1.781161796075389e-08]]","[[0.9999999821042441, 1.5597240087569882e-16], [0.0, 1.7895756934395874e-08]]","[[-64.77050539815686, -66.70992111780937], [-Infinity, -48.15177071302084]]"
apple,"parked(8, 4)",0.024693730390760914,3.5354495713446568,"[[0.8742879244318333, 0.1257120576146763], [0.0, 1.79534910247804e-08]]","[[0.9999999819616994, 1.559723989493372e-16], [0.0, 1.8038300182008235e-08]]","[[-61.10383936074325, -63.04325508039577], [-Infinity, -44.477171019982116]]"
apple+eggs,"parked(8, 4)",0.02469373035919004,3.5354495777435493,"[[0.8742879233186317, 0.12571205745461134], [0.0, 1.922675775073792e-08]]","[[0.999999980682418, 1.5597238166085975e-16], [0.0, 1.9317581597688643e-08]]","[[-62.284347949286996, -64.22376366893951], [-Infinity, -45.58916113808747]]"
bread+eggs,"parked(9, 2)",0.024693730346672636,3.5354495802805945,"[[0.874287922877263, 0.12571205739114782], [0.0, 1.973158774143547e-08]]","[[0.9999999801752024, 1.5597237480626325e-16], [0.0, 1.9824796317127463e-08]]","[[-66.46025581206362, -68.39967153171614], [-Infinity, -49.73915110833606]]"
bread+eggs,"parked(6, 0)",0.024693730339678536,3.535449581698212,"[[0.874287922630645, 0.12571205735568713], [0.0, 2.0013668357030803e-08]]","[[0.9999999798917903, 1.5597237097616662e-16], [0.0, 2.01082094323045e-08]]","[[-61.91956773409901, -63.85898345375153], [-Infinity, -45.18426833809355]]"
apple+milk,"parked(9, 4)",0.024693730302857486,3.535449589161147,"[[0.8742879213323226, 0.12571205716900402], [0.0, 2.1498671411109456e-08]]","[[0.9999999783997725, 1.5597235081279827e-16], [0.0, 2.160022738155463e-08]]","[[-66.39694484056048, -68.336360560213], [-Infinity, -49.59006963486951]]"
apple,"parked(9, 5)",0.024693730246956345,3.535449600491257,"[[0.8742879193612245, 0.1257120568855839], [0.0, 2.3753189176099654e-08]]","[[0.9999999761346053, 1.5597232020105584e-16], [0.0, 2.3865395094866488e-08]]","[[-65.23190463576287, -67.17132035541539], [-Infinity, -48.32530356963541]]"
apple+bread,"parked(9, 4)",0.02469373021043523,3.5354496078933697,"[[0.8742879180734738, 0.1257120567004209], [0.0, 2.5226102925688695e-08]]","[[0.9999999746547347, 1.5597230020196136e-16], [0.0, 2.5345266631863247e-08]]","[[-66.30313115460444, -68.24254687425696], [-Infinity, -49.33636747401984]]"
apple+eggs,"parked(9, 5)",0.024693730163365405,3.53544961743344,"[[0.8742879164137741, 0.1257120564617761], [0.0, 2.7124448501321597e-08]]","[[0.9999999727474198, 1.5597227442646315e-16], [0.0, 2.725257966057678e-08]]","[[-67.20354852126769, -69.14296424092021], [-Infinity, -50.16422848432048]]"
apple,"parked(7, 4)",0.024693730141673587,3.5354496218299007,"[[0.8742879156489138, 0.1257120563517984], [0.0, 2.7999287852895557e-08]]","[[0.999999971868448, 1.5597226254803299e-16], [0.0, 2.8131551600515746e-08]]","[[-57.98168307683281, -59.921098796485325], [-Infinity, -40.91061936760709]]"
apple,"parked(8, 5)",0.02469373009661579,3.5354496309621073,"[[0.8742879140601583, 0.12571205612335454], [0.0, 2.981648772934211e-08]]","[[0.9999999700426643, 1.55972237874436e-16], [0.0, 2.9957335611926875e-08]]","[[-61.821533796829485, -63.760949516482], [-Infinity, -44.68758748542133]]"
apple+eggs,"parked(7, 4)",0.024693730081378682,3.535449634050336,"[[0.8742879135228884, 0.1257120560461016], [0.0, 3.0431010396327205e-08]]","[[0.9999999694252385, 1.5597222953057929e-16], [0.0, 3.0574761176705665e-08]]","[[-59.129927029661694, -61.06934274931421], [-Infinity, -41.9755800174627]]"
apple+milk,"parked(8, 4)",0.024693730071311613,3.5354496360906325,"[[0.8742879131679263, 0.12571205599506144], [0.0, 3.0837011980907815e-08]]","[[0.999999969017319, 1.5597222401798243e-16], [0.0, 3.098268064189093e-08]]","[[-63.145404019423104, -65.08481973907563], [-Infinity, -45.97780348296993]]"
apple,"parked(7, 5)",0.024693729949432888,3.5354496607924095,"[[0.8742879088704358, 0.12571205537713415], [0.0, 3.575243048578178e-08]]","[[0.999999964078681, 1.5597215727785335e-16], [0.0, 3.5921318725634594e-08]]","[[-58.41574788192117, -60.35516360157369], [-Infinity, -41.10024432134759]]"
apple+bread,"parked(8, 4)",0.024693729933889647,3.53544966394268,"[[0.8742879083223667, 0.12571205529832932], [0.0, 3.6379304553406755e-08]]","[[0.9999999634488456, 1.5597214876637994e-16], [0.0, 3.6551154036913746e-08]]","[[-63.06931146840746, -65.00872718805998], [-Infinity, -45.736426048980555]]"
apple,"parked(4, 5)",0.024693729915944505,3.5354496675796625,"[[0.8742879076896167, 0.1257120552073475], [0.0, 3.710303655265889e-08]]","[[0.9999999627216949, 1.5597213893981404e-16], [0.0, 3.7278304819779214e-08]]","[[-47.790411128429085, -49.7298268480816], [-Infinity, -30.437826888683734]]"
apple+eggs,"parked(8, 5)",0.024693729889607184,3.535449672917468,"[[0.8742879067609575, 0.1257120550738166], [0.0, 3.8165226336983896e-08]]","[[0.9999999616544885, 1.5597212451781361e-16], [0.0, 3.8345512203205455e-08]]","[[-63.98276006981241, -65.92217578946493], [-Infinity, -46.60194975592795]]"
apple,"parked(5, 5)",0.024693729887276583,3.5354496733898846,"[[0.874287906678771, 0.12571205506200006], [0.0, 3.8259229523193784e-08]]","[[0.9999999615600406, 1.5597212324147624e-16], [0.0, 3.843995944405569e-08]]","[[-51.33788271338317, -53.27729843303569], [-Infinity, -33.9546123611444]]"
apple,"parked(6, 5)",0.024693729874632076,3.5354496759525578,"[[0.8742879062329225, 0.12571205499789243], [0.0, 3.876918497563091e-08]]","[[0.9999999610476761, 1.559721163175102e-16], [0.0, 3.8952323837020764e-08]]","[[-54.91474939907851, -56.854165118731025], [-Infinity, -37.51823809891206]]"
apple+milk,"parked(7, 4)",0.02469372987153965,3.535449676579305,"[[0.8742879061238833, 0.1257120549822139], [0.0, 3.8893903192539545e-08]]","[[0.9999999609223691, 1.5597211462413922e-16], [0.0, 3.907763120101238e-08]]","[[-59.403654827527276, -61.34307054717979], [-Infinity, -42.00393173785694]]"
apple+bread,"parked(0, 3)",0.024693729853128413,3.535449680310683,"[[0.8742879054747026, 0.12571205488886866], [0.0, 3.9636429102302124e-08]]","[[0.9999999601763353, 1.5597210454243838e-16], [0.0, 3.982366467354048e-08]]","[[-45.97070152904144, -47.910117248693965], [-Infinity, -28.5520672605924]]"
apple,"parked(6, 4)",0.024693729819312466,3.5354496871642493,"[[0.8742879042823337, 0.1257120547174213], [0.0, 4.100024550371924e-08]]","[[0.9999999588060765, 1.559720860251554e-16], [0.0, 4.119392350553919e-08]]","[[-54.763116339338225, -56.70253205899074], [-Infinity, -37.3106525197983]]"
apple+milk,"parked(9, 5)",0.02469372980896349,3.535449689261684,"[[0.8742879039174216, 0.12571205466495133], [0.0, 4.1417625421273494e-08]]","[[0.9999999583867245, 1.5597208035816796e-16], [0.0, 4.16132750529567e-08]]","[[-67.45841597459791, -69.39783169425043], [-Infinity, -49.995823648261336]]"
apple,"parked(5, 4)",0.024693729801687263,3.5354496907363755,"[[0.8742879036608588, 0.1257120546280607], [0.0, 4.171108067052123e-08]]","[[0.9999999580918831, 1.5597207637377205e-16], [0.0, 4.190811653356963e-08]]","[[-51.1375453385315, -53.07696105818402], [-Infinity, -33.66789269467443]]"
apple+bread,"parked(1, 3)",0.024693729684350553,3.535449714516835,"[[0.874287899523527, 0.1257120540331614], [0.0, 4.6443311850609846e-08]]","[[0.9999999533372984, 1.559720121220808e-16], [0.0, 4.6662701947587424e-08]]","[[-45.158528180736106, -47.09794390038863], [-Infinity, -27.58140947305606]]"
apple+bread,"parked(9, 5)",0.02469372961200512,3.5354497291789295,"[[0.8742878969725858, 0.1257120536663677], [0.0, 4.936104455553867e-08]]","[[0.9999999504057825, 1.5597197250693228e-16], [0.0, 4.959421751242895e-08]]","[[-67.25965771037109, -69.1990734300236], [-Infinity, -49.6216096762443]]"
apple+eggs,"parked(6, 4)",0.024693729579697555,3.5354497357265666,"[[0.8742878958334106, 0.1257120535025681], [0.0, 5.066402119973235e-08]]","[[0.9999999490966509, 1.5597195481599293e-16], [0.0, 5.090334919081252e-08]]","[[-55.97590136134683, -57.915317080999344], [-Infinity, -38.31179873750176]]"
apple+eggs,"parked(7, 5)",0.024693729503836036,3.535449751100989,"[[0.8742878931585065, 0.1257120531179491], [0.0, 5.3723544972365255e-08]]","[[0.9999999460226746, 1.559719132759937e-16], [0.0, 5.397732561960789e-08]]","[[-60.653198839570756, -62.59261455922327], [-Infinity, -42.93046060776398]]"
apple+milk,"parked(5, 4)",0.024693729478419302,3.535449756252021,"[[0.8742878922623043, 0.12571205298908605], [0.0, 5.474861082859748e-08]]","[[0.9999999449927661, 1.559718993584407e-16], [0.0, 5.500723370798623e-08]]","[[-52.361935697360764, -54.30135141701328], [-Infinity, -34.620296740225335]]"
apple+milk,"parked(8, 5)",0.024693729462431674,3.5354497594921375,"[[0.8742878916985679, 0.12571205290802756], [0.0, 5.539340332278629e-08]]","[[0.9999999443449276, 1.5597189060395711e-16], [0.0, 5.565507208934803e-08]]","[[-64.1495383251591, -66.08895404481162], [-Infinity, -46.396190794208636]]"
apple+milk,"parked(6, 4)",0.024693729462211492,3.535449759536762,"[[0.8742878916908061, 0.1257120529069115], [0.0, 5.5402283007830644e-08]]","[[0.9999999443360058, 1.5597189048339627e-16], [0.0, 5.566399372047439e-08]]","[[-56.095619000006565, -58.03503471965908], [-Infinity, -38.34211117891885]]"
apple+bread,"parked(7, 4)",0.024693729426315526,3.535449766811504,"[[0.8742878904251031, 0.12571205272491867], [0.0, 5.6849979149166545e-08]]","[[0.999999942881471, 1.5597187082775816e-16], [0.0, 5.71185285256394e-08]]","[[-59.943936295465654, -61.88335201511817], [-Infinity, -42.164633297362116]]"
bread,"parked(0, 3)",0.024693729412128353,3.5354497696867218,"[[0.8742878899248534, 0.1257120526529888], [0.0, 5.742215808405229e-08]]","[[0.9999999423065895, 1.5597186305919082e-16], [0.0, 5.7693410333921204e-08]]","[[-44.92833060054386, -46.867746320196375], [-Infinity, -27.139013147885777]]"
bread,"parked(1, 3)",0.02469372940729217,3.535449770666766,"[[0.8742878897543354, 0.12571205262846946], [0.0, 5.7617195180661584e-08]]","[[0.9999999421106314, 1.5597186041114132e-16], [0.0, 5.788936875172469e-08]]","[[-44.58894557418973, -46.52836129384225], [-Infinity, -26.79623731213474]]"
bread,"parked(9, 3)",0.024693729401666434,3.535449771806941,"[[0.8742878895559616, 0.12571205259994664], [0.0, 5.784409056560292e-08]]","[[0.9999999418826646, 1.559718573305501e-16], [0.0, 5.811733595085271e-08]]","[[-64.21255362154125, -66.15196934119376], [-Infinity, -46.415915092890344]]"
bread,"parked(8, 3)",0.024693729387247978,3.535449774729022,"[[0.8742878890475595, 0.12571205252684453], [0.0, 5.8425596161499014e-08]]","[[0.9999999412984111, 1.55971849435366e-16], [0.0, 5.870158847766287e-08]]","[[-61.26505311589522, -63.204468835547736], [-Infinity, -43.45841174981381]]"
bread,"parked(7, 3)",0.024693729373817485,3.5354497774508356,"[[0.8742878885739993, 0.1257120524587523], [0.0, 5.8967248942142625e-08]]","[[0.9999999407541997, 1.559718420812775e-16], [0.0, 5.924579993147908e-08]]","[[-58.94662381407169, -60.88603953372421], [-Infinity, -41.130754297986165]]"
apple+milk,"parked(3, 0)",0.024693729268465924,3.5354497988013502,"[[0.8742878848592576, 0.12571205192461724], [0.0, 6.321612587140715e-08]]","[[0.9999999364852515, 1.5597178439397136e-16], [0.0, 6.35147478135779e-08]]","[[-58.1810025023125, -60.12041822196502], [-Infinity, -40.29555537867419]]"
apple+bread,"parked(8, 5)",0.024693729258657152,3.535449800789151,"[[0.8742878845134009, 0.1257120518748872], [0.0, 6.361171237207325e-08]]","[[0.9999999360877968, 1.5597177902308737e-16], [0.0, 6.391220299581063e-08]]","[[-63.883214209345454, -65.82262992899797], [-Infinity, -45.9915288658864]]"
apple+bread,"parked(5, 4)",0.024693729185287415,3.535449815658068,"[[0.8742878819263524, 0.12571205150290082], [0.0, 6.657074687392506e-08]]","[[0.9999999331147845, 1.5597173884833701e-16], [0.0, 6.688521546005346e-08]]","[[-52.553407125946855, -54.49282284559937], [-Infinity, -34.61625389016897]]"
bread+eggs,"parked(7, 3)",0.024693729126462612,3.5354498275792587,"[[0.8742878798521666, 0.12571205120465792], [0.0, 6.894317641178163e-08]]","[[0.9999999307311478, 1.559717066380549e-16], [0.0, 6.926885194086254e-08]]","[[-59.527762483261036, -61.46717820291355], [-Infinity, -41.555591650850296]]"
apple+milk,"parked(7, 5)",0.02469372897924772,3.5354498574128796,"[[0.8742878746613068, 0.1257120504582749], [0.0, 7.48804188222653e-08]]","[[0.9999999247658585, 1.559716260291633e-16], [0.0, 7.523414084795483e-08]]","[[-60.92188610801247, -62.86130182766499], [-Infinity, -42.86710496843032]]"
bread+eggs,"parked(8, 3)",0.024693728888987288,3.535449875704226,"[[0.8742878714786876, 0.12571205000065264], [0.0, 7.852066028743947e-08]]","[[0.9999999211084217, 1.559715766066489e-16], [0.0, 7.889157817828841e-08]]","[[-62.539259818546086, -64.4786755381986], [-Infinity, -44.4370090089596]]"
apple+bread,"parked(7, 5)",0.02469372886786087,3.5354498799853866,"[[0.8742878707337752, 0.12571204989354232], [0.0, 7.937268293250323e-08]]","[[0.9999999202523739, 1.559715650390248e-16], [0.0, 7.974762562957919e-08]]","[[-60.52847929834285, -62.467895017995374], [-Infinity, -42.41543592774157]]"
apple+milk,"parked(6, 5)",0.024693728855438787,3.535449882502787,"[[0.8742878702957582, 0.12571204983056167], [0.0, 7.98736809527705e-08]]","[[0.9999999197490099, 1.5597155823715188e-16], [0.0, 8.02509902770288e-08]]","[[-57.34141479788885, -59.28083051754137], [-Infinity, -39.222079250395105]]"
bread+eggs,"parked(9, 3)",0.024693728792940968,3.5354498951678712,"[[0.874287868092055, 0.12571204951369574], [0.0, 8.239424772483353e-08]]","[[0.9999999172165355, 1.5597152401639707e-16], [0.0, 8.278346376647626e-08]]","[[-65.68495823106937, -67.62437395072189], [-Infinity, -47.53455323752577]]"
apple+bread,"parked(6, 4)",0.024693728778162234,3.535449898162735,"[[0.8742878675709546, 0.1257120494387678], [0.0, 8.299027788508264e-08]]","[[0.99999991661769, 1.559715159243496e-16], [0.0, 8.338230946914642e-08]]","[[-56.715611684622594, -58.65502740427511], [-Infinity, -38.55799879749019]]"
apple+bread,"parked(4, 5)",0.02469372866940541,3.5354499202018626,"[[0.8742878637361475, 0.12571204888736878], [0.0, 8.73764845365651e-08]]","[[0.9999999122107641, 1.5597145637493349e-16], [0.0, 8.778923579509611e-08]]","[[-49.976461403822135, -51.91587712347465], [-Infinity, -31.767345411100315]]"
apple+bread,"parked(6, 5)",0.024693728602780903,3.535449933702928,"[[0.8742878613869393, 0.12571204854958098], [0.0, 9.0063480464037e-08]]","[[0.9999999095110753, 1.5597141989509916e-16], [0.0, 9.048892462222745e-08]]","[[-57.08964144619491, -59.029057165847426], [-Infinity, -38.850236650213716]]"
apple+eggs,"parked(6, 5)",0.024693728529187973,3.535449948615995,"[[0.8742878587920206, 0.12571204817646298], [0.0, 9.303151757476746e-08]]","[[0.9999999065290178, 1.5597137959992376e-16], [0.0, 9.347098222210237e-08]]","[[-57.873580903733775, -59.81299662338629], [-Infinity, -39.60175227519458]]"
apple+bread,"parked(5, 5)",0.02469372852715022,3.535449949028922,"[[0.8742878587201697, 0.12571204816613166], [0.0, 9.311369977060456e-08]]","[[0.9999999064464478, 1.5597137848419033e-16], [0.0, 9.355355263228485e-08]]","[[-53.58634591403649, -55.52576163368901], [-Infinity, -35.31363428814566]]"
bread+milk,"parked(4, 0)",0.024693728445769995,3.5354499655198586,"[[0.8742878558506699, 0.12571204775353223], [0.0, 9.63957981005894e-08]]","[[0.999999903148845, 1.5597133392544178e-16], [0.0, 9.685115502178454e-08]]","[[-58.15306961497314, -60.09248533462566], [-Infinity, -39.84571641549016]]"
apple+milk,"parked(5, 5)",0.02469372826576853,3.5354500019949366,"[[0.8742878495037472, 0.1257120468409213], [0.0, 1.0365533254834816e-07]]","[[0.9999998958550175, 1.5597123536870764e-16], [0.0, 1.0414498224288872e-07]]","[[-54.253905729485965, -56.19332144913848], [-Infinity, -35.87394322540819]]"
bread+milk,"parked(7, 3)",0.024693728053707457,3.535450044965564,"[[0.8742878420263883, 0.1257120457657673], [0.0, 1.1220784515920763e-07]]","[[0.999999887262104, 1.5597111925982137e-16], [0.0, 1.1273789543020593e-07]]","[[-60.9256885836215, -62.865104303274016], [-Infinity, -42.466443708472006]]"
bread+milk,"parked(8, 3)",0.02469372804829561,3.535450046062187,"[[0.874287841835561, 0.12571204573832861], [0.0, 1.1242611102530329e-07]]","[[0.9999998870428072, 1.5597111629666792e-16], [0.0, 1.1295719234614768e-07]]","[[-63.263285400986874, -65.20270112063939], [-Infinity, -44.80209720371191]]"
bread+milk,"parked(9, 3)",0.02469372804805353,3.5354500461112264,"[[0.8742878418270251, 0.12571204573710124], [0.0, 1.1243587237115405e-07]]","[[0.999999887033001, 1.5597111616414917e-16], [0.0, 1.1296699980289227e-07]]","[[-66.22742527757643, -68.16684099722895], [-Infinity, -47.766150258676625]]"
bread+eggs,"parked(5, 1)",0.024693727613949244,3.5354501340719984,"[[0.8742878265203314, 0.12571204353618337], [0.0, 1.299434858025782e-07]]","[[0.9999998694426843, 1.5597087848616048e-16], [0.0, 1.3055731614365144e-07]]","[[-58.73466847624091, -60.67408419589343], [-Infinity, -40.12867533789284]]"
apple+eggs,"parked(4, 0)",0.024693726429208765,3.535450374109402,"[[0.8742877847459067, 0.12571203752952498], [0.0, 1.7772456848628776e-07]]","[[0.9999998214358914, 1.5597022986054042e-16], [0.0, 1.7856410832025154e-07]]","[[-61.523391267658575, -63.46280698731109], [-Infinity, -42.60425861818156]]"
apple+eggs,"parked(4, 1)",0.02469372642519871,3.535450374921824,"[[0.8742877846045094, 0.12571203750919374], [0.0, 1.7788629715561263e-07]]","[[0.9999998212733991, 1.5597022766517109e-16], [0.0, 1.7872660096757536e-07]]","[[-59.22349365007846, -61.162909369730976], [-Infinity, -40.30345140419248]]"
bread+eggs,"parked(5, 0)",0.02469372438874657,3.5354507874485024,"[[0.8742877127983884, 0.12571202718433966], [0.0, 2.600172723642838e-07]]","[[0.9999997387544517, 1.5596911286377715e-16], [0.0, 2.612455485646005e-07]]","[[-61.60940993830488, -63.548825657957394], [-Infinity, -42.30975705004739]]"
apple+bread,"parked(0, 4)",0.024693723443896348,3.5354509788164163,"[[0.8742876794825839, 0.12571202239392887], [0.0, 2.981234868281162e-07]]","[[0.9999997004682302, 1.559685956828638e-16], [0.0, 2.995317701329467e-07]]","[[-45.22369625553608, -47.1631119751886], [-Infinity, -25.78728032633271]]"
apple+bread,"parked(0, 5)",0.02469372019525913,3.5354516366358864,"[[0.8742875649343252, 0.12571200592327098], [0.0, 4.2914240398172953e-07]]","[[0.9999995688304019, 1.559668177342446e-16], [0.0, 4.3116959777789117e-07]]","[[-44.5915270774736, -46.530942797126116], [-Infinity, -24.790818726944014]]"
bread,"parked(9, 4)",0.024693719962368983,3.53545168378497,"[[0.8742875567225246, 0.12571200474251312], [0.0, 4.385349620937524e-07]]","[[0.9999995593934755, 1.5596669029060894e-16], [0.0, 4.406065246946858e-07]]","[[-64.3395965914981, -66.27901231115061], [-Infinity, -44.51723669195961]]"
apple+eggs,"parked(5, 4)",0.024693719147781238,3.5354518486904087,"[[0.8742875279998342, 0.12571200061253668], [0.0, 4.7138762956271646e-07]]","[[0.9999995263856171, 1.5596624454240467e-16], [0.0, 4.736143824293748e-07]]","[[-56.08399083405926, -58.02340655371177], [-Infinity, -36.189386868048736]]"
bread+eggs,"parked(9, 4)",0.024693718298867278,3.5354520205291324,"[[0.8742874980667883, 0.12571199630852575], [0.0, 5.056246853323177e-07]]","[[0.9999994919868322, 1.559657800366419e-16], [0.0, 5.080131680733534e-07]]","[[-65.95216404929877, -67.89157976895129], [-Infinity, -45.98744318780552]]"
apple+bread,station,0.024693716809515442,3.535452321967768,"[[0.8742874455516478, 0.1257119887574811], [0.0, 5.656908708141353e-07]]","[[0.9999994316369039, 1.5596496516222978e-16], [0.0, 5.683630957291055e-07]]","[[-45.26216303066526, -47.201578750317786], [-Infinity, -25.185183845574986]]"
apple+bread,"parked(1, 5)",0.024693716762276698,3.5354523315279573,"[[0.8742874438859825, 0.12571198851797943], [0.0, 5.675960383311889e-07]]","[[0.9999994297227366, 1.5596493931753575e-16], [0.0, 5.702772629249084e-07]]","[[-45.26075551097655, -47.20017123062907], [-Infinity, -25.18041395896229]]"
bread,"parked(0, 4)",0.024693713572076177,3.535452977042646,"[[0.8742873313982268, 0.12571197234359702], [0.0, 6.962581763247752e-07]]","[[0.9999993004528214, 1.5596319413041372e-16], [0.0, 6.995471783967954e-07]]","[[-44.25969698500981, -46.199112704662326], [-Infinity, -23.975033674350446]]"
bread,"parked(8, 4)",0.02469371355294156,3.5354529809136657,"[[0.8742873307235387, 0.12571197224658412], [0.0, 6.970298769272218e-07]]","[[0.9999992996774755, 1.5596318366410507e-16], [0.0, 7.003225243781632e-07]]","[[-61.199465460781056, -63.13888118043358], [-Infinity, -40.91369434268785]]"
bread+eggs,"parked(8, 4)",0.024693712583759707,3.5354531769759197,"[[0.8742872965497888, 0.12571196733281198], [0.0, 7.361173999697325e-07]]","[[0.99999926040531, 1.5596265355102753e-16], [0.0, 7.395946900557302e-07]]","[[-62.310988355617766, -64.25040407527028], [-Infinity, -41.97065249659262]]"
bread+milk,"parked(9, 4)",0.02469371021410919,3.5354536562610925,"[[0.8742872129949381, 0.12571195531863405], [0.0, 8.316864272390185e-07]]","[[0.9999991643848327, 1.559613575681994e-16], [0.0, 8.35615168725702e-07]]","[[-66.34469033099323, -68.28410605064573], [-Infinity, -45.882280299755955]]"
bread+milk,"parked(2, 0)",0.024693708991251163,3.5354539035476797,"[[0.874287169876487, 0.12571194911871916], [0.0, 8.810047937868869e-07]]","[[0.9999991148334934, 1.5596068885652312e-16], [0.0, 8.851665066273233e-07]]","[[-57.625648871864065, -59.56506459151658], [-Infinity, -37.10562696516133]]"
bread+milk,"parked(3, 0)",0.024693708264516064,3.535454050492707,"[[0.8742871442515158, 0.1257119454341574], [0.0, 9.103143267689066e-07]]","[[0.9999990853855079, 1.5596029147192935e-16], [0.0, 9.146144927264093e-07]]","[[-57.51948121010829, -59.458896929760805], [-Infinity, -36.96672986874519]]"
bread,"parked(9, 5)",0.02469370570495363,3.535454567941223,"[[0.8742870540003147, 0.1257119324571233], [0.0, 1.0135425610461055e-06]]","[[0.9999989816696401, 1.559588920349531e-16], [0.0, 1.018330359161221e-06]]","[[-65.49526965833869, -67.4346853779912], [-Infinity, -44.835092338666286]]"
bread+eggs,"parked(9, 5)",0.02469370517571508,3.5354546749157567,"[[0.8742870353391461, 0.12571192977387236], [0.0, 1.0348869801990432e-06]]","[[0.9999989602243946, 1.559586027040566e-16], [0.0, 1.039775605624036e-06]]","[[-67.21772270662773, -69.15713842628024], [-Infinity, -46.53670298905354]]"
apple+milk,"parked(1, 0)",0.024693705015918808,3.535454707214028,"[[0.8742870297046678, 0.12571192896370237], [0.0, 1.041331629980192e-06]]","[[0.9999989537493016, 1.559585153466149e-16], [0.0, 1.0462506988056756e-06]]","[[-58.35609742086504, -60.295513140517556], [-Infinity, -37.66886905847239]]"
bread+milk,"parked(1, 0)",0.024693703221139653,3.535455069939358,"[[0.874286966420027, 0.12571191986413438], [0.0, 1.113715838577478e-06]]","[[0.9999988810231625, 1.5595753423956666e-16], [0.0, 1.118976837767938e-06]]","[[-57.97642906155486, -59.915844781207376], [-Infinity, -37.22199268898778]]"
apple+eggs,"parked(5, 5)",0.02469370280312101,3.5354551544109483,"[[0.8742869516805213, 0.12571191774477122], [0.0, 1.130574708169646e-06]]","[[0.9999988640846548, 1.5595730574844768e-16], [0.0, 1.135915345716937e-06]]","[[-57.3242603580879, -59.26367607774041], [-Infinity, -36.55479845259734]]"
apple+milk,"parked(2, 0)",0.024693702496095725,3.535455216450986,"[[0.8742869408546887, 0.12571191618814712], [0.0, 1.1429571644865448e-06]]","[[0.9999988516437058, 1.5595713793092587e-16], [0.0, 1.1483562945958188e-06]]","[[-57.690388134198905, -59.62980385385142], [-Infinity, -36.9100323396753]]"
bread+milk,"parked(2, 1)",0.02469370190689301,3.5354553355043836,"[[0.8742869200791619, 0.12571191320087693], [0.0, 1.1667199605659209e-06]]","[[0.9999988277686579, 1.559568158869234e-16], [0.0, 1.1722313419755103e-06]]","[[-54.92252408184169, -56.86193980149421], [-Infinity, -34.121588770815535]]"
apple+milk,"parked(4, 5)",0.024693700280236573,3.535455664144894,"[[0.874286862722601, 0.12571190495369533], [0.0, 1.2323237035480796e-06]]","[[0.9999987618550144, 1.559559268605788e-16], [0.0, 1.2381449855868368e-06]]","[[-53.69107795884481, -55.630493678497324], [-Infinity, -32.83543172962035]]"
bread+milk,"parked(3, 1)",0.024693698775875024,3.5354559680264974,"[[0.874286809678206, 0.12571189732655116], [0.0, 1.2929952435479585e-06]]","[[0.9999987008968725, 1.5595510475736265e-16], [0.0, 1.299103127350057e-06]]","[[-54.768914322412456, -56.70833004206497], [-Infinity, -33.86520297761241]]"
bread,"parked(0, 5)",0.024693698761757577,3.5354559708779885,"[[0.8742868091804191, 0.12571189725497542], [0.0, 1.2935646054622975e-06]]","[[0.9999987003248214, 1.559550970428582e-16], [0.0, 1.2996751788306869e-06]]","[[-43.63136867635982, -45.570784396012336], [-Infinity, -22.72721703562199]]"
bread+milk,"parked(8, 4)",0.024693698115295426,3.5354561014483163,"[[0.8742867863859023, 0.12571189397739885], [0.0, 1.3196366990294986e-06]]","[[0.9999986741295677, 1.5595474378959807e-16], [0.0, 1.325870432416422e-06]]","[[-63.19176822610724, -65.13118394575976], [-Infinity, -42.26765951719999]]"
bread,"parked(7, 4)",0.024693697684360805,3.535456188482056,"[[0.8742867711909745, 0.1257118917925515], [0.0, 1.3370164741484481e-06]]","[[0.9999986566676933, 1.5595450831770082e-16], [0.0, 1.3433323065589988e-06]]","[[-58.274153585394714, -60.21356930504723], [-Infinity, -37.33695921755065]]"
bread+milk,"parked(0, 0)",0.02469369718884858,3.535456288553247,"[[0.8742867537190144, 0.1257118892802944], [0.0, 1.357000691458983e-06]]","[[0.9999986365890732, 1.5595423756743792e-16], [0.0, 1.3634109258234133e-06]]","[[-59.23277235164296, -61.17218807129547], [-Infinity, -38.280739977080586]]"
apple+milk,"parked(3, 1)",0.024693696856324655,3.535456355705178,"[[0.8742867419940831, 0.12571188759439073], [0.0, 1.370411526710108e-06]]","[[0.9999986231148885, 1.5595405587962587e-16], [0.0, 1.376885111519107e-06]]","[[-54.932687687503815, -56.87210340715633], [-Infinity, -33.97081995914225]]"
bread+eggs,"parked(7, 4)",0.024693696487052507,3.5354564302753677,"[[0.8742867289734071, 0.12571188572217365], [0.0, 1.385304419300283e-06]]","[[0.999998608151644, 1.5595385411777937e-16], [0.0, 1.3918483555339924e-06]]","[[-59.325553250757594, -61.264968970410116], [-Infinity, -38.35287539504639]]"
bread+milk,"parked(1, 1)",0.02469369558731766,3.535456611954198,"[[0.8742866972483855, 0.12571188116049914], [0.0, 1.421591115455806e-06]]","[[0.9999985716935361, 1.5595336254324157e-16], [0.0, 1.428306463707516e-06]]","[[-55.15844823953971, -57.097863959192225], [-Infinity, -34.1599103964289]]"
apple+milk,"parked(2, 1)",0.02469369389626321,3.535456953372718,"[[0.8742866376211219, 0.12571187258681787], [0.0, 1.4897920609611456e-06]]","[[0.9999985031704217, 1.5595243870578896e-16], [0.0, 1.4968295785734813e-06]]","[[-54.88705606110306, -56.826471780755575], [-Infinity, -33.84165248851137]]"
bread,"parked(8, 5)",0.0246936938958334,3.535456953459404,"[[0.8742866376059771, 0.12571187258463934], [0.0, 1.4898093836362028e-06]]","[[0.9999985031530172, 1.5595243847115182e-16], [0.0, 1.4968469830778267e-06]]","[[-62.25821948366387, -64.1976352033164], [-Infinity, -41.212804282056126]]"
bread+milk,"parked(2, 2)",0.024693692113179667,3.5354573133048226,"[[0.8742865747488772, 0.12571186354654745], [0.0, 1.5617045750391888e-06]]","[[0.9999984309182051, 1.5595146470257778e-16], [0.0, 1.5690817948141894e-06]]","[[-52.914209727847435, -54.85362544749995], [-Infinity, -31.82165856250568]]"
apple+milk,"parked(0, 0)",0.024693691950855547,3.535457346068047,"[[0.8742865690252674, 0.1257118627235614], [0.0, 1.5682511714284876e-06]]","[[0.9999984243406832, 1.55951376039269e-16], [0.0, 1.5756593161819846e-06]]","[[-59.5645083432078, -61.503924062860314], [-Infinity, -38.46777341540696]]"
bread+eggs,"parked(8, 5)",0.02469369175204877,3.5354573861941163,"[[0.8742865620152617, 0.12571186171560714], [0.0, 1.5762691315399486e-06]]","[[0.9999984162848492, 1.5595126744993863e-16], [0.0, 1.583715151737316e-06]]","[[-64.08183488720333, -66.02125060685584], [-Infinity, -42.97999961245958]]"
bread+milk,"parked(0, 1)",0.024693686279673124,3.5354584903754604,"[[0.8742863690570902, 0.12571183397054958], [0.0, 1.7969723604297333e-06]]","[[0.9999981945390557, 1.55948278959576e-16], [0.0, 1.8054609441522664e-06]]","[[-56.39210483274206, -58.33152055239458], [-Infinity, -35.159207913706645]]"
bread+milk,"parked(9, 5)",0.024693685265600337,3.535458694918262,"[[0.8742863333004663, 0.1257118288291784], [0.0, 1.8378703536032994e-06]]","[[0.9999981534478676, 1.5594772528604534e-16], [0.0, 1.8465521323060756e-06]]","[[-67.56727355012552, -69.50668926977804], [-Infinity, -46.31186882267146]]"
bread,station,0.02469368322798457,3.5354591058476124,"[[0.8742862614533138, 0.1257118184984245], [0.0, 1.920048262453826e-06]]","[[0.9999980708817643, 1.5594661287840755e-16], [0.0, 1.929118235252359e-06]]","[[-44.3074969991369, -46.24691271878942], [-Infinity, -23.00834230080729]]"
bread,"parked(1, 5)",0.02469368322798457,3.5354591058476124,"[[0.8742862614533138, 0.1257118184984245], [0.0, 1.920048262453826e-06]]","[[0.9999980708817643, 1.5594661287840755e-16], [0.0, 1.929118235252359e-06]]","[[-44.3074969991369, -46.24691271878942], [-Infinity, -23.00834230080729]]"
bread+milk,"parked(7, 4)",0.024693681127302674,3.535459529402967,"[[0.8742861873824228, 0.12571180784792385], [0.0, 2.004769653390148e-06]]","[[0.9999979857601644, 1.559454661940495e-16], [0.0, 2.0142398352498572e-06]]","[[-59.675549375792464, -61.61496509544498], [-Infinity, -38.33320847872786]]"
apple+milk,"parked(1, 1)",0.024693679126674084,3.535459932697564,"[[0.874286116839455, 0.12571179770469595], [0.0, 2.085455849353923e-06]]","[[0.9999979046928207, 1.5594437426953812e-16], [0.0, 2.0953071787182226e-06]]","[[-54.93127927901708, -56.8706949986696], [-Infinity, -33.549473083895]]"
apple+milk,"parked(2, 2)",0.024693678150771302,3.535460129393092,"[[0.8742860824287263, 0.12571179275684824], [0.0, 2.1248144260210424e-06]]","[[0.9999978651483219, 1.5594384168182904e-16], [0.0, 2.134851678430827e-06]]","[[-52.24304952760431, -54.18246524725683], [-Infinity, -30.84254291174074]]"
bread+milk,"parked(1, 2)",0.024693677256692154,3.535460309579103,"[[0.8742860509031386, 0.125711788223849], [0.0, 2.160873012448896e-06]]","[[0.9999978289194004, 1.5594335377787809e-16], [0.0, 2.171080599326359e-06]]","[[-52.84878031295331, -54.788196032605825], [-Infinity, -31.431442725530232]]"
bread,"parked(7, 5)",0.024693676555624367,3.5354604508552265,"[[0.8742860261832067, 0.125711784669421], [0.0, 2.1891473729451493e-06]]","[[0.9999978005114768, 1.5594297122086683e-16], [0.0, 2.1994885229658572e-06]]","[[-59.078766326996465, -61.01818204664898], [-Infinity, -37.648426458262875]]"
apple+milk,"parked(0, 1)",0.024693671187791463,3.5354615322132945,"[[0.8742858369112528, 0.12571175745439706], [0.0, 2.405634350556478e-06]]","[[0.999997583001853, 1.5594004268440143e-16], [0.0, 2.4169981472683816e-06]]","[[-56.64258877102521, -58.582004490677726], [-Infinity, -35.1179286311746]]"
milk,"parked(3, 1)",0.02469366905908133,3.5354619608770195,"[[0.8742857618520733, 0.12571174666179247], [0.0, 2.4914861345807953e-06]]","[[0.9999974967445205, 1.5593888159935716e-16], [0.0, 2.503255480133826e-06]]","[[-53.129953326495475, -55.06936904614799], [-Infinity, -31.570219999270883]]"
apple+eggs,"parked(3, 0)",0.02469366902139298,3.5354619684655697,"[[0.8742857605231656, 0.12571174647071154], [0.0, 2.4930061235085886e-06]]","[[0.9999974952173517, 1.5593886104399633e-16], [0.0, 2.5047826492239735e-06]]","[[-61.45016737234176, -63.389583091994275], [-Infinity, -39.88982402611581]]"
milk,"parked(2, 2)",0.02469366886717841,3.535461999516246,"[[0.8742857550855082, 0.1257117456888411], [0.0, 2.4992256515370626e-06]]","[[0.9999974889684425, 1.5593877693557988e-16], [0.0, 2.5110315572171506e-06]]","[[-51.510213332791004, -53.44962905244353], [-Infinity, -29.947377763506587]]"
milk,"parked(2, 1)",0.02469366884467686,3.5354620040469023,"[[0.8742857542920861, 0.1257117455747575], [0.0, 2.5001331566501524e-06]]","[[0.9999974880566501, 1.5593876466320405e-16], [0.0, 2.511943349225983e-06]]","[[-53.17454647709774, -55.11396219675026], [-Infinity, -31.611347780507373]]"
milk,"parked(3, 0)",0.024693668779011854,3.5354620172682254,"[[0.8742857519767108, 0.12571174524183443], [0.0, 2.5027814555269106e-06]]","[[0.9999974853958419, 1.5593872884982261e-16], [0.0, 2.5146041582043353e-06]]","[[-55.60376819603415, -57.54318391568667], [-Infinity, -34.03951056727242]]"
milk,"parked(2, 0)",0.02469366874047456,3.5354620250274915,"[[0.874285750617867, 0.12571174504644908], [0.0, 2.504335684575149e-06]]","[[0.9999974838342712, 1.5593870783179663e-16], [0.0, 2.5161657291592903e-06]]","[[-55.68671450804173, -57.62613022769425], [-Infinity, -34.1218359365323]]"
milk,"parked(4, 0)",0.02469366849877324,3.5354620736918396,"[[0.8742857420953833, 0.12571174382101877], [0.0, 2.5140835981238902e-06]]","[[0.99999747404031, 1.5593857601076833e-16], [0.0, 2.5259596901500084e-06]]","[[-55.82521416231699, -57.764629881969505], [-Infinity, -34.25644988640851]]"
milk,"parked(6, 0)",0.024693666890640842,3.5354623974434594,"[[0.874285685391986, 0.1257117356677542], [0.0, 2.5789402601094065e-06]]","[[0.999997408877277, 1.5593769900589131e-16], [0.0, 2.59112272368517e-06]]","[[-58.9860702890777, -60.92548600873022], [-Infinity, -37.39183018910407]]"
milk,"parked(1, 0)",0.024693666652481204,3.535462445385492,"[[0.8742856769943823, 0.12571173446028008], [0.0, 2.588545337630148e-06]]","[[0.9999973992268263, 1.5593756913173334e-16], [0.0, 2.600773173915437e-06]]","[[-56.13517483446169, -58.0745905541142], [-Infinity, -34.5372163920579]]"
milk,"parked(1, 1)",0.024693663265031664,3.5354631271577155,"[[0.8742855575515459, 0.12571171728584093], [0.0, 2.7251626137322528e-06]]","[[0.9999972619641941, 1.5593572208699434e-16], [0.0, 2.738035806181643e-06]]","[[-53.46697198225512, -55.40638770190763], [-Infinity, -31.81756966613793]]"
bread,"parked(6, 4)",0.02469366266884563,3.5354632471237832,"[[0.8742855365297839, 0.12571171426316516], [0.0, 2.749207051767292e-06]]","[[0.9999972378061742, 1.5593539705099762e-16], [0.0, 2.762193825944727e-06]]","[[-55.38231665770405, -57.32173237735657], [-Infinity, -33.724127832973295]]"
bread+eggs,"parked(7, 5)",0.02469366253761789,3.5354632735287597,"[[0.87428553190264, 0.12571171359783767], [0.0, 2.7544995221922733e-06]]","[[0.9999972324887033, 1.5593532550831096e-16], [0.0, 2.7675112970761364e-06]]","[[-61.00597719850758, -62.945392918160096], [-Infinity, -39.34586467580075]]"
bread,"parked(6, 5)",0.024693662276621058,3.5354633260441424,"[[0.8742855226997889, 0.1257117122745787], [0.0, 2.7650256335680494e-06]]","[[0.9999972219128678, 1.559351832199564e-16], [0.0, 2.7780871319645987e-06]]","[[-55.76517852654383, -57.70459424619634], [-Infinity, -34.10125095015842]]"
milk,"parked(0, 0)",0.024693662197658568,3.535463341931963,"[[0.8742855199155403, 0.12571171187423733], [0.0, 2.7682102227967866e-06]]","[[0.9999972187132359, 1.5593514017223564e-16], [0.0, 2.781286764636947e-06]]","[[-57.45506342502099, -59.394479144673504], [-Infinity, -35.789984495821365]]"
bread+milk,"parked(8, 5)",0.02469366182964252,3.5354634159777545,"[[0.8742855069391443, 0.12571171000838807], [0.0, 2.7830524672870003e-06]]","[[0.999997203800878, 1.559349395448844e-16], [0.0, 2.79619912129924e-06]]","[[-64.38925353611806, -66.32866925577058], [-Infinity, -42.71882596757746]]"
bread,"parked(5, 5)",0.024693661475679283,3.535463487193407,"[[0.8742854944582602, 0.1257117082137875], [0.0, 2.7973279524646696e-06]]","[[0.9999971894579581, 1.5593474658301604e-16], [0.0, 2.810542041376955e-06]]","[[-52.27054677591068, -54.2099624955632], [-Infinity, -30.59500164621099]]"
milk,"parked(7, 0)",0.02469366145543664,3.5354634912660554,"[[0.874285493744496, 0.1257117081111568], [0.0, 2.7981443478737733e-06]]","[[0.9999971886377065, 1.5593473554792137e-16], [0.0, 2.811362293295461e-06]]","[[-61.80247415609455, -63.74188987574706], [-Infinity, -40.126637149906315]]"
milk,"parked(7, 1)",0.02469365675839922,3.5354644360378007,"[[0.874285328125061, 0.1257116842970798], [0.0, 2.9875778600393e-06]]","[[0.9999969983093437, 1.559321753860344e-16], [0.0, 3.001690656304885e-06]]","[[-59.683409415222734, -61.62282513487525], [-Infinity, -37.94204947645466]]"
bread+eggs,"parked(4, 0)",0.024693655889255182,3.5354646108089054,"[[0.8742852974786932, 0.12571167989050178], [0.0, 3.022630805228702e-06]]","[[0.9999969630908142, 1.5593170173474738e-16], [0.0, 3.036909185488544e-06]]","[[-61.283217913481614, -63.22263363313413], [-Infinity, -39.53019033628325]]"
milk,"parked(0, 1)",0.02469365245682019,3.535465300864218,"[[0.8742851764496495, 0.1257116624879852], [0.0, 3.161062365976811e-06]]","[[0.9999968240053271, 1.55929831438426e-16], [0.0, 3.175994672765195e-06]]","[[-54.74070344137014, -56.68011916102265], [-Infinity, -32.94288328663978]]"
bread+milk,"parked(0, 2)",0.02469365191890002,3.5354654089853454,"[[0.8742851574823689, 0.12571165976071905], [0.0, 3.1827569126357734e-06]]","[[0.9999968022082998, 1.5592953836827564e-16], [0.0, 3.1977917006756105e-06]]","[[-54.06288684092169, -56.00230256057421], [-Infinity, -32.25822519468926]]"
apple+milk,"parked(1, 2)",0.024693651701604744,3.5354654526596687,"[[0.8742851498204489, 0.12571165865902736], [0.0, 3.1915205237707283e-06]]","[[0.9999967934032907, 1.5592941998406465e-16], [0.0, 3.2065967095798137e-06]]","[[-52.5098849968166, -54.44930071646912], [-Infinity, -30.702472909778287]]"
milk,"parked(8, 0)",0.024693651564816187,3.5354654801524052,"[[0.8742851449972253, 0.12571165796550599], [0.0, 3.1970372675302585e-06]]","[[0.9999967878604865, 1.5592934546134947e-16], [0.0, 3.212139513473885e-06]]","[[-64.70755712971032, -66.64697284936284], [-Infinity, -42.89841749415785]]"
bread+eggs,"parked(6, 4)",0.02469364421854149,3.5354669560912355,"[[0.8742848859646182, 0.12571162071974162], [0.0, 3.4933156406936205e-06]]","[[0.9999964901825454, 1.5592534413646158e-16], [0.0, 3.5098174539546772e-06]]","[[-56.58146802788279, -58.52088374753531], [-Infinity, -34.683675932375536]]"
milk,"parked(1, 2)",0.024693643591622044,3.5354670819940597,"[[0.8742848638591889, 0.12571161754124752], [0.0, 3.5185995630221002e-06]]","[[0.9999964647791865, 1.5592500275505617e-16], [0.0, 3.5352208131187926e-06]]","[[-51.407863893939954, -53.34727961359247], [-Infinity, -29.502857875533156]]"
milk,"parked(9, 0)",0.0246936387308788,3.535468057893021,"[[0.8742846924674168, 0.12571159289717812], [0.0, 3.7146354043536715e-06]]","[[0.9999962678173073, 1.5592235634885337e-16], [0.0, 3.73218269354585e-06]]","[[-67.73311779743852, -69.67253351709104], [-Infinity, -45.77387733375653]]"
milk,"parked(8, 1)",0.024693638684769224,3.53546806714824,"[[0.8742846908415713, 0.12571159266340198], [0.0, 3.716495027411904e-06]]","[[0.9999962659488988, 1.5592233124851877e-16], [0.0, 3.7340511011388083e-06]]","[[-62.636412115156965, -64.57582783480947], [-Infinity, -40.676670995149586]]"
bread+milk,"parked(6, 4)",0.02469363145108419,3.535469518565968,"[[0.8742844357789215, 0.1257115559884687], [0.0, 4.0082326102503376e-06]]","[[0.9999959728331982, 1.5591839439975485e-16], [0.0, 4.027166801394992e-06]]","[[-56.70322199059913, -58.64263771025165], [-Infinity, -34.667886250109184]]"
bread+milk,"parked(7, 5)",0.024693619612187422,3.5354718917151637,"[[0.8742840183346507, 0.1257114959650179], [0.0, 4.4857003314625195e-06]]","[[0.9999954931100026, 1.5591195501808022e-16], [0.0, 4.506889996780377e-06]]","[[-61.348363508250436, -63.28777922790295], [-Infinity, -39.200442232768204]]"
milk,"parked(9, 1)",0.024693615480555105,3.535472719250445,"[[0.8742838726516237, 0.1257114750175559], [0.0, 4.652330818630543e-06]]","[[0.9999953256923836, 1.5590970885511557e-16], [0.0, 4.674307617284912e-06]]","[[-65.69521982570069, -67.6346355453532], [-Infinity, -43.510810431202955]]"
apple+milk,"parked(0, 2)",0.024693614756982014,3.53547286414149,"[[0.87428384713815, 0.12571147134902613], [0.0, 4.6815128245782575e-06]]","[[0.999995296372526, 1.5590931554299113e-16], [0.0, 4.7036274739350975e-06]]","[[-54.06471540786808, -56.004131127520594], [-Infinity, -31.874050525199028]]"
milk,"parked(0, 2)",0.02469360290928426,3.5354752350816745,"[[0.874283429383547, 0.12571141128095328], [0.0, 5.15933549974928e-06]]","[[0.9999948162926998, 1.5590287796770163e-16], [0.0, 5.183707300022366e-06]]","[[-52.6008690711457, -54.54028479079822], [-Infinity, -30.312976415838584]]"
milk,"parked(8, 2)",0.024693589310276032,3.535477953055978,"[[0.8742829498770357, 0.1257113423337], [0.0, 5.7077892650602725e-06]]","[[0.999994265248135, 1.558954945019905e-16], [0.0, 5.734751865193348e-06]]","[[-60.994918300881764, -62.93433402053429], [-Infinity, -38.605954297432675]]"
bread+milk,"parked(6, 5)",0.024693587295510647,3.5354783554282636,"[[0.8742828788355892, 0.12571133211879781], [0.0, 5.789045613336e-06]]","[[0.9999941836079451, 1.558944011172372e-16], [0.0, 5.816392054276028e-06]]","[[-58.007296754790175, -59.94671247444269], [-Infinity, -35.604190073070924]]"
bread+eggs,"parked(6, 5)",0.024693574172319235,3.535480974338533,"[[0.8742824161065689, 0.12571126558394627], [0.0, 6.318309485356161e-06]]","[[0.9999936518439239, 1.5588728257761933e-16], [0.0, 6.34815607645226e-06]]","[[-58.52242712439153, -60.46184284404404], [-Infinity, -36.031790537547735]]"
eggs+milk,"parked(7, 1)",0.024693547166235244,3.535486353263828,"[[0.8742814638611549, 0.12571112866254203], [0.0, 7.407476303695898e-06]]","[[0.9999925575320717, 1.5587265086381176e-16], [0.0, 7.442467928750389e-06]]","[[-61.46352061268332, -63.402936332335834], [-Infinity, -38.813752044958115]]"
bread+milk,"parked(5, 5)",0.024693546302955054,3.5354865249763106,"[[0.8742814334215451, 0.12571112428569328], [0.0, 7.442292762377319e-06]]","[[0.9999925225511462, 1.5587218352847416e-16], [0.0, 7.4774488543062864e-06]]","[[-54.94167126558261, -56.88108698523513], [-Infinity, -32.287210532807784]]"
milk,"parked(9, 2)",0.024693529731296324,3.5354898184485526,"[[0.874280849098172, 0.12571104026704055], [0.0, 8.110634786836043e-06]]","[[0.9999918510519886, 1.558632170571371e-16], [0.0, 8.148948009848109e-06]]","[[-64.14817464918174, -66.08759036883426], [-Infinity, -41.40765922141776]]"
eggs+milk,"parked(7, 0)",0.0246934580383397,3.5355040077579813,"[[0.8742783211756002, 0.12571067678226724], [0.0, 1.1002042130715817e-05]]","[[0.9999889459861423, 1.5582452424239012e-16], [0.0, 1.105401385744615e-05]]","[[-64.29598078943998, -66.2353965090925], [-Infinity, -41.25031231567691]]"
eggs+milk,"parked(8, 2)",0.02469345646318318,3.5355043184521473,"[[0.874278265634947, 0.12571066879619128], [0.0, 1.1065568862304574e-05]]","[[0.9999888821593217, 1.5582367588912847e-16], [0.0, 1.1117840678229747e-05]]","[[-62.36623703364913, -64.30565275330164], [-Infinity, -39.31480563625542]]"
eggs+milk,"parked(6, 0)",0.024693449276923074,3.5355057353491497,"[[0.8742780122445208, 0.12571063236170446], [0.0, 1.1355393775452458e-05]]","[[0.9999885909653259, 1.5581980643502456e-16], [0.0, 1.140903467369423e-05]]","[[-61.68343013466186, -63.62284585431438], [-Infinity, -38.606119434290896]]"
eggs+milk,"parked(8, 0)",0.02469344912285558,3.535505765716088,"[[0.8742780068120337, 0.12571063158057832], [0.0, 1.136160738715774e-05]]","[[0.9999885847223615, 1.5581972349403508e-16], [0.0, 1.1415277637416998e-05]]","[[-67.03366348528026, -68.97307920493277], [-Infinity, -43.955805207541175]]"
eggs+milk,"parked(8, 1)",0.02469344206438303,3.535507156493939,"[[0.8742777579274481, 0.12571059579397703], [0.0, 1.1646278574980742e-05]]","[[0.9999882987064377, 1.5581592438735147e-16], [0.0, 1.1701293562258145e-05]]","[[-64.77354580981391, -66.71296152946643], [-Infinity, -41.670916355627455]]"
eggs+milk,"parked(9, 0)",0.024693424122185056,3.5355106877556977,"[[0.8742771252783061, 0.12571050482666166], [0.0, 1.2369895031816751e-05]]","[[0.9999875716717425, 1.5580627398076434e-16], [0.0, 1.2428328256973075e-05]]","[[-69.96345791379792, -71.90287363345044], [-Infinity, -46.8004875157237]]"
eggs+milk,"parked(9, 1)",0.024693388812354104,3.5355176205745398,"[[0.8742758802394213, 0.125710325805088], [0.0, 1.3793955490218432e-05]]","[[0.9999861408842726, 1.5578730994032477e-16], [0.0, 1.3859115728508921e-05]]","[[-67.77243963402663, -69.71185535367914], [-Infinity, -44.5003827254347]]"
eggs+milk,"parked(9, 2)",0.024693242963545397,3.535546031047332,"[[0.8742707375515909, 0.12570958634861065], [0.0, 1.967609979861749e-05]]","[[0.9999802309537389, 1.5570935552201252e-16], [0.0, 1.9769046260464694e-05]]","[[-66.01348682577529, -67.9529025454278], [-Infinity, -42.38575519911877]]"
bread+milk,"parked(0, 3)",0.024692999790798392,3.5355926410926117,"[[0.8742621631824185, 0.1257083534577502], [0.0, 2.948335983169804e-05]]","[[0.9999703773659204, 1.555806536900464e-16], [0.0, 2.9622634079639694e-05]]","[[-53.436618000136654, -55.37603371978917], [-Infinity, -29.403638140287843]]"
bread+milk,"parked(1, 3)",0.02469299216009391,3.5355940891775086,"[[0.8742618941206994, 0.12570831476992048], [0.0, 2.979110938008727e-05]]","[[0.9999700681626169, 1.5557663945788467e-16], [0.0, 2.993183738323872e-05]]","[[-53.10434120512075, -55.04375692477326], [-Infinity, -29.060951567969198]]"
apple+eggs,"parked(4, 5)",0.024692855494180155,3.5356198817238997,"[[0.8742570752254324, 0.125707621870908], [0.0, 3.530290365980346e-05]]","[[0.9999645303315813, 1.5550498468248832e-16], [0.0, 3.54696684182571e-05]]","[[-57.29488821892782, -59.23430393858033], [-Infinity, -33.081282689082094]]"
apple+milk,"parked(0, 3)",0.024692845177941847,3.5356218179025403,"[[0.8742567114707085, 0.12570756956736645], [0.0, 3.571896192572152e-05]]","[[0.999964112307929, 1.5549959396512019e-16], [0.0, 3.588769207090043e-05]]","[[-53.1940369638797, -55.13345268353221], [-Infinity, -28.968680290602027]]"
bread+eggs,"parked(2, 0)",0.024692745435796803,3.535640461889341,"[[0.8742531945224262, 0.12570706387262595], [0.0, 3.974160494736245e-05]]","[[0.9999600706626428, 1.5544760200793394e-16], [0.0, 3.992933735705406e-05]]","[[-61.07409987396148, -63.013515593613995], [-Infinity, -36.74169186211788]]"
apple+milk,"parked(1, 3)",0.0246927175657211,3.5356456471919975,"[[0.8742522118123099, 0.12570692257076493], [0.0, 4.086561692492865e-05]]","[[0.9999589413410288, 1.5543311523284447e-16], [0.0, 4.105865897131421e-05]]","[[-52.3270992651963, -54.26651498484882], [-Infinity, -27.966707630052223]]"
apple+eggs,"parked(1, 0)",0.02469260678142142,3.5356661568433716,"[[0.8742483055131898, 0.1257063608920704], [0.0, 4.533359473953608e-05]]","[[0.9999544522572653, 1.5537570236243055e-16], [0.0, 4.554774273454695e-05]]","[[-61.81631065078109, -63.75572637043361], [-Infinity, -37.351790258054514]]"
milk,"parked(0, 3)",0.02469255266876094,3.5356761166365365,"[[0.8742463974789466, 0.1257060865397615], [0.0, 4.751598129228242e-05]]","[[0.999952259561499, 1.5534775735907368e-16], [0.0, 4.7740438501128705e-05]]","[[-51.98715764235247, -53.92657336200499], [-Infinity, -27.475439639695885]]"
milk,"parked(1, 3)",0.024692543476424345,3.535677804818028,"[[0.8742460733534545, 0.12570603993442458], [0.0, 4.788671212135865e-05]]","[[0.9999518870794015, 1.5534301653875783e-16], [0.0, 4.8112920598052044e-05]]","[[-51.66538145813189, -53.60479717778441], [-Infinity, -27.145860983060714]]"
bread+eggs,"parked(3, 0)",0.024692489573788737,3.535687682537949,"[[0.8742441727247697, 0.12570576664694563], [0.0, 5.006062828407505e-05]]","[[0.999949702894038, 1.5531525349072996e-16], [0.0, 5.0297105962000265e-05]]","[[-60.827429931491736, -62.76684565114426], [-Infinity, -36.26333394015871]]"
milk,"parked(9, 3)",0.02469247239574639,3.535690822754447,"[[0.8742435670200631, 0.125705679553915], [0.0, 5.075342602210241e-05]]","[[0.9999490068236447, 1.553064187892059e-16], [0.0, 5.0993176355856924e-05]]","[[-63.875278468668846, -65.81469418832137], [-Infinity, -39.297381306411324]]"
milk,"parked(8, 3)",0.02469246605830388,3.535691980334357,"[[0.8742433435592767, 0.1257056474229503], [0.0, 5.1009017773648797e-05]]","[[0.9999487500245215, 1.5530316100646368e-16], [0.0, 5.1249975478314664e-05]]","[[-60.911192324933026, -62.85060804458554], [-Infinity, -36.32825087325287]]"
bread+eggs,"parked(1, 0)",0.02469246189966681,3.5356927396677262,"[[0.8742431969240545, 0.12570562633857407], [0.0, 5.117673737213686e-05]]","[[0.9999485815126442, 1.5530102370639612e-16], [0.0, 5.1418487354970183e-05]]","[[-61.476667013709516, -63.41608273336203], [-Infinity, -36.890429155405585]]"
milk,"parked(7, 3)",0.024692460728789202,3.535692953421652,"[[0.8742431556384361, 0.12570562040220015], [0.0, 5.1223959364192215e-05]]","[[0.999948534067584, 1.5530042200848463e-16], [0.0, 5.146593241549024e-05]]","[[-58.573646654878644, -60.51306237453116], [-Infinity, -33.98648262384712]]"
eggs+milk,"parked(5, 0)",0.024692446148984557,3.5356956136659408,"[[0.8742426415486427, 0.12570554648228896], [0.0, 5.181196906860531e-05]]","[[0.9999479432802248, 1.5529293206448177e-16], [0.0, 5.205671977532117e-05]]","[[-60.745488733838855, -62.68490445349137], [-Infinity, -36.14686266614493]]"
eggs+milk,"parked(4, 0)",0.024692386802160567,3.5357064150779194,"[[0.8742405489556799, 0.12570524559266147], [0.0, 5.420545165849947e-05]]","[[0.9999455384912403, 1.5526249026420096e-16], [0.0, 5.446150876007861e-05]]","[[-60.375419791262125, -62.31483551091465], [-Infinity, -35.731437374284745]]"
eggs+milk,"parked(3, 0)",0.02469226320637074,3.535728773059854,"[[0.8742361909182366, 0.12570461895944593], [0.0, 5.919012231760571e-05]]","[[0.9999405302738649, 1.5519932464515812e-16], [0.0, 5.946972613532427e-05]]","[[-60.25163919662695, -62.19105491627946], [-Infinity, -35.519276677959056]]"
bread+eggs,"parked(2, 1)",0.024692262793443984,3.5357288474511646,"[[0.8742361763582756, 0.1257046168658992], [0.0, 5.9206775825419406e-05]]","[[0.9999405135416886, 1.5519911413094773e-16], [0.0, 5.948645831140917e-05]]","[[-58.47576105589261, -60.41517677554513], [-Infinity, -33.74311586418641]]"
bread+eggs,"parked(0, 0)",0.024692213758623356,3.5357376671269845,"[[0.8742344473707028, 0.12570436825834178], [0.0, 6.118437095555997e-05]]","[[0.9999385266047436, 1.5517413989462136e-16], [0.0, 6.147339525662132e-05]]","[[-62.762423216975876, -64.70183893662839], [-Infinity, -37.996761306413354]]"
eggs+milk,"parked(2, 0)",0.02469218909723594,3.535742092244194,"[[0.874233577800235, 0.12570424322459756], [0.0, 6.21789751675796e-05]]","[[0.9999375273021939, 1.551615974893882e-16], [0.0, 6.247269780578046e-05]]","[[-60.38724329817953, -62.32665901783204], [-Infinity, -35.60537541398294]]"
eggs+milk,"parked(4, 1)",0.02469218116870069,3.535743513402024,"[[0.8742332982368813, 0.12570420302675944], [0.0, 6.24987363593406e-05]]","[[0.9999372060305056, 1.5515756770596634e-16], [0.0, 6.279396949374359e-05]]","[[-57.96209999045645, -59.90151571010897], [-Infinity, -33.1750767188979]]"
eggs+milk,"parked(7, 3)",0.024692139583047987,3.5357509555866815,"[[0.8742318319099814, 0.1257039921866385], [0.0, 6.417590337956808e-05]]","[[0.9999355209408404, 1.5513645143751501e-16], [0.0, 6.447905915901088e-05]]","[[-59.136237285600146, -61.07565300525266], [-Infinity, -34.322596443947965]]"
eggs+milk,"parked(3, 1)",0.024692119159868943,3.5357546032644915,"[[0.8742311117804427, 0.12570388864069726], [0.0, 6.49995788598766e-05]]","[[0.9999346933744608, 1.551260933537616e-16], [0.0, 6.530662553891135e-05]]","[[-57.880980124762544, -59.82039584441506], [-Infinity, -33.05451952598554]]"
eggs+milk,"parked(1, 0)",0.02469211148162066,3.5357559734060984,"[[0.8742308410423082, 0.12570384971181925], [0.0, 6.53092458722548e-05]]","[[0.9999343822446354, 1.5512220124721403e-16], [0.0, 6.561775536435432e-05]]","[[-60.86818688648969, -62.807602606142204], [-Infinity, -36.03694837128609]]"
apple+eggs,"parked(0, 0)",0.02469210612577101,3.535756928731262,"[[0.8742306521928923, 0.12570382255755033], [0.0, 6.552524955718166e-05]]","[[0.9999341652205869, 1.5511948704083738e-16], [0.0, 6.583477941309078e-05]]","[[-63.05992560441468, -64.9993413240672], [-Infinity, -38.225367651013485]]"
eggs+milk,"parked(2, 1)",0.024692076083075755,3.535762281432522,"[[0.874229592875323, 0.1257036702404625], [0.0, 6.673688421425332e-05]]","[[0.9999329478623786, 1.551042724345622e-16], [0.0, 6.705213762139194e-05]]","[[-57.951959878274224, -59.89137559792674], [-Infinity, -33.09898160789882]]"
apple+eggs,"parked(2, 0)",0.024692036435624433,3.535769329844308,"[[0.874228194890185, 0.1257034692270626], [0.0, 6.833588275242932e-05]]","[[0.9999313413104489, 1.5508422016268075e-16], [0.0, 6.865868955037099e-05]]","[[-61.02324938792407, -62.96266510757658], [-Infinity, -36.146464615114695]]"
bread+eggs,"parked(1, 1)",0.024692031459895222,3.5357702131717725,"[[0.8742280194439641, 0.1257034440000123], [0.0, 6.853655602357111e-05]]","[[0.9999311396892325, 1.5508170573307785e-16], [0.0, 6.886031076712217e-05]]","[[-58.73369637335422, -60.673112093006736], [-Infinity, -33.85396311794464]]"
bread+eggs,"parked(4, 1)",0.024692025617438804,3.5357712500142875,"[[0.8742278134365967, 0.1257034143786378], [0.0, 6.877218476551053e-05]]","[[0.999930902947421, 1.5507875391303842e-16], [0.0, 6.909705257823169e-05]]","[[-58.3767521233307, -60.31616784298321], [-Infinity, -33.49356772927714]]"
eggs+milk,"parked(0, 0)",0.024692013615716536,3.5357733787299366,"[[0.8742273902510135, 0.12570335352965642], [0.0, 6.925621932969478e-05]]","[[0.9999304166263623, 1.5507269224034466e-16], [0.0, 6.958337363746209e-05]]","[[-62.20895350813286, -64.14836922778537], [-Infinity, -37.318716446750365]]"
eggs+milk,"parked(1, 1)",0.02469196720583991,3.535781595311749,"[[0.874225753820038, 0.12570311823062036], [0.0, 7.112794934158328e-05]]","[[0.9999285360546233, 1.550492777383561e-16], [0.0, 7.146394537621609e-05]]","[[-58.25923858483744, -60.198654304489956], [-Infinity, -33.34218311380175]]"
bread+eggs,"parked(3, 1)",0.02469194026726295,3.5357863537422807,"[[0.8742248039549416, 0.12570298165147703], [0.0, 7.2214393582159e-05]]","[[0.9999274444782089, 1.5503570534466098e-16], [0.0, 7.255552179033997e-05]]","[[-58.23078732663197, -60.170203046284485], [-Infinity, -33.2984852912398]]"
eggs+milk,"parked(2, 2)",0.02469192290545309,3.535789416327353,"[[0.8742241917705127, 0.12570289362674056], [0.0, 7.291460274643638e-05]]","[[0.9999267409613783, 1.5502696515661387e-16], [0.0, 7.325903862087719e-05]]","[[-56.383032668337755, -58.32244838799027], [-Infinity, -31.441024708176098]]"
eggs+milk,"parked(3, 2)",0.024691917568649836,3.5357903570678646,"[[0.8742240035926752, 0.12570286656903734], [0.0, 7.31298382874048e-05]]","[[0.9999265247091023, 1.5502427965700653e-16], [0.0, 7.347529089709193e-05]]","[[-56.43165917395646, -58.37107489360898], [-Infinity, -31.486686353853532]]"
bread+eggs,"parked(5, 5)",0.024691885068523482,3.535796079329727,"[[0.8742228576251033, 0.12570270179272347], [0.0, 7.444058217382056e-05]]","[[0.9999252077734897, 1.5500793684461183e-16], [0.0, 7.4792226509579e-05]]","[[-57.98986918309334, -59.929284902745856], [-Infinity, -33.02702615196343]]"
eggs+milk,"parked(8, 3)",0.024691844994142214,3.535803119496999,"[[0.874221444586237, 0.12570249861477903], [0.0, 7.60567989837746e-05]]","[[0.999923583921954, 1.5498781204188057e-16], [0.0, 7.641607804656763e-05]]","[[-62.13492696311849, -64.074342682771], [-Infinity, -37.15047492901458]]"
eggs+milk,"parked(0, 1)",0.024691784765047065,3.5358136681296974,"[[0.874219320884027, 0.12570219325201795], [0.0, 7.848586395521696e-05]]","[[0.9999211433825022, 1.5495762087326354e-16], [0.0, 7.885661749838595e-05]]","[[-59.54182530790082, -61.48124102755334], [-Infinity, -34.52574034239737]]"
eggs+milk,"parked(9, 3)",0.024691733013188177,3.5358227014329504,"[[0.8742174960925907, 0.1257019308690206], [0.0, 8.05730383887448e-05]]","[[0.999919046348619, 1.5493173136626902e-16], [0.0, 8.095365138089688e-05]]","[[-65.27606412603836, -67.21547984569088], [-Infinity, -40.233566521133426]]"
bread+eggs,"parked(0, 1)",0.02469172634576245,3.5358238631942687,"[[0.8742172609964665, 0.12570189706503374], [0.0, 8.08419385003106e-05]]","[[0.9999187761782702, 1.5492839938809522e-16], [0.0, 8.122382172981956e-05]]","[[-59.97725293429426, -61.91666865394678], [-Infinity, -34.93140203357929]]"
apple+eggs,"parked(3, 1)",0.024691644764346054,3.5358380409614,"[[0.874214384402788, 0.12570148344556104], [0.0, 8.41321516510978e-05]]","[[0.9999154704227249, 1.5488769369670134e-16], [0.0, 8.452957727529746e-05]]","[[-58.305579047788704, -60.24499476744122], [-Infinity, -33.21957244897372]]"
apple+eggs,"parked(2, 1)",0.024691614788985718,3.535843233082893,"[[0.8742133274594812, 0.1257013314698627], [0.0, 8.534107065632143e-05]]","[[0.9999142557929959, 1.5487276665096373e-16], [0.0, 8.574420700366196e-05]]","[[-58.34597183527331, -60.285387554925826], [-Infinity, -33.24560183155446]]"
bread+eggs,"parked(2, 2)",0.02469160565448629,3.5358448134747102,"[[0.8742130053733441, 0.12570128515776133], [0.0, 8.570946889446724e-05]]","[[0.999913885654508, 1.5486822099422774e-16], [0.0, 8.611434549101921e-05]]","[[-56.558121160955885, -58.4975368806084], [-Infinity, -31.453414320998416]]"
eggs+milk,"parked(1, 2)",0.024691519454248644,3.535859685724128,"[[0.8742099659181551, 0.12570084812076793], [0.0, 8.918596107667711e-05]]","[[0.9999103927399826, 1.5482539573091432e-16], [0.0, 8.960726001775377e-05]]","[[-56.27218305284487, -58.21159877249739], [-Infinity, -31.12743931569592]]"
apple+eggs,"parked(3, 2)",0.024691459682036745,3.535869954645823,"[[0.8742078583258277, 0.1257005450744136], [0.0, 9.15965997590907e-05]]","[[0.9999079707138612, 1.5479577493989158e-16], [0.0, 9.202928613813067e-05]]","[[-56.693438387470714, -58.63285410712323], [-Infinity, -31.521832804325932]]"
apple+eggs,"parked(0, 1)",0.024691235865380797,3.5359080965361507,"[[0.8741999664601561, 0.12569941031932408], [0.0, 0.00010062322052002626]]","[[0.9998989014529145, 1.5468539126093023e-16], [0.0, 0.00010109854708604912]]","[[-60.19664157114293, -62.13605729079545], [-Infinity, -34.93033374041913]]"
bread+eggs,"parked(1, 2)",0.024691205993486367,3.5359131509003836,"[[0.874198913165099, 0.1256992588682], [0.0, 0.00010182796670105094]]","[[0.9998976910157211, 1.546707210181331e-16], [0.0, 0.00010230898427856314]]","[[-56.488134669630895, -58.42755038928341], [-Infinity, -31.209830258087514]]"
bread+eggs,"parked(3, 2)",0.0246911506284654,3.5359224965784124,"[[0.8741969609721018, 0.12569897816639491], [0.0, 0.00010406086150386695]]","[[0.9998954475731117, 1.546435690013894e-16], [0.0, 0.00010455242688819166]]","[[-56.10642448082318, -58.045840200475695], [-Infinity, -30.806253360291002]]"
apple+eggs,"parked(1, 1)",0.024691073758819276,3.5359354250066857,"[[0.8741942505173335, 0.12569858843569362], [0.0, 0.00010716104697231399]]","[[0.9998923327429057, 1.5460595187536736e-16], [0.0, 0.00010766725709375342]]","[[-58.40752102430271, -60.346936743955226], [-Infinity, -33.07774974360354]]"
eggs+milk,"parked(0, 2)",0.024690868536128147,3.535969676915434,"[[0.8741870142823537, 0.12569754795238908], [0.0, 0.0001154377652564576]]","[[0.9998840169268437, 1.545059769528163e-16], [0.0, 0.00011598307315593971]]","[[-57.45807555546623, -59.397491275118746], [-Infinity, -32.0532586811691]]"
apple+eggs,"parked(2, 2)",0.024690852689530144,3.5359723060478463,"[[0.8741864555249107, 0.12569746760980866], [0.0, 0.0001160768652802804]]","[[0.9998833748078223, 1.5449828421038818e-16], [0.0, 0.00011662519217714939]]","[[-55.819644781610755, -57.75906050126327], [-Infinity, -30.409257069189103]]"
bread+eggs,"parked(0, 2)",0.024690496835350233,3.536030773197084,"[[0.8741739079627767, 0.12569566342172622], [0.0, 0.0001304286154974057]]","[[0.9998689552624329, 1.5432652205427463e-16], [0.0, 0.00013104473756709323]]","[[-57.697251269299194, -59.63666698895171], [-Infinity, -32.16917773086348]]"
eggs,"parked(3, 2)",0.0246904541624495,3.536037712359259,"[[0.8741724032990565, 0.12569544706923297], [0.0, 0.00013214963171066368]]","[[0.9998672261164384, 1.543060491265797e-16], [0.0, 0.0001327738835618042]]","[[-55.12430919811652, -57.063724917769036], [-Infinity, -29.58299420633703]]"
eggs,"parked(2, 2)",0.024690412809060536,3.5360444225789367,"[[0.8741709451618558, 0.12569523740669197], [0.0, 0.00013381743145194088]]","[[0.9998655504383012, 1.5428623407208676e-16], [0.0, 0.0001344495616991998]]","[[-55.06453955159147, -57.00395527124399], [-Infinity, -29.5105545726028]]"
eggs,"parked(2, 1)",0.024690209272935585,3.5360772463109917,"[[0.8741637683958552, 0.12569420547430935], [0.0, 0.00014202612983534661]]","[[0.9998573029634523, 1.5418905787575875e-16], [0.0, 0.00014269703654769573]]","[[-56.531475190152705, -58.47089090980522], [-Infinity, -30.917325534632575]]"
eggs,"parked(3, 1)",0.024690171841491988,3.5360832465528684,"[[0.8741624485480312, 0.12569401569611263], [0.0, 0.00014353575585647339]]","[[0.9998557862062201, 1.5417124926876526e-16], [0.0, 0.00014421379378001968]]","[[-56.43561122005855, -58.37502693971106], [-Infinity, -30.81077293905402]]"
apple+eggs,"parked(1, 2)",0.024690153432255064,3.536086193469429,"[[0.8741617994309017, 0.12569392236089924], [0.0, 0.00014427820819906272]]","[[0.9998550402466616, 1.541624978311878e-16], [0.0, 0.000144959753338578]]","[[-56.08618757204533, -58.02560329169785], [-Infinity, -30.456133261882492]]"
eggs,"parked(1, 1)",0.024690098402283818,3.536094986633485,"[[0.8741598590518773, 0.12569364335780098], [0.0, 0.00014649759032226976]]","[[0.9998528103805626, 1.5413636509396807e-16], [0.0, 0.00014718961943770834]]","[[-56.853343615936446, -58.79275933558896], [-Infinity, -31.207854234200465]]"
eggs,"parked(4, 1)",0.024690089287142954,3.5360964408338496,"[[0.8741595376483258, 0.1256935971438471], [0.0, 0.0001468652078273213]]","[[0.9998524410264965, 1.5413204045231618e-16], [0.0, 0.00014755897350405704]]","[[-56.47588282786899, -58.41529854752151], [-Infinity, -30.827859155939446]]"
eggs,"parked(1, 0)",0.024690048057356036,3.5361030103946884,"[[0.8741580838693792, 0.12569338810797048], [0.0, 0.00014852802265081692]]","[[0.9998507703568243, 1.5411249318459092e-16], [0.0, 0.00014922964317626327]]","[[-59.406256539428135, -61.34567225908065], [-Infinity, -33.746847605281886]]"
eggs,"parked(2, 0)",0.024690026869849203,3.5361063812682354,"[[0.874157336789331, 0.12569328068687108], [0.0, 0.00014938252379750492]]","[[0.9998499118191625, 1.5410245698538213e-16], [0.0, 0.00015008818083813515]]","[[-58.89718135064779, -60.83659707030031], [-Infinity, -33.231970647046666]]"
eggs,"parked(0, 0)",0.02468998926586789,3.536112355394689,"[[0.8741560108577521, 0.1256930900339038], [0.0, 0.00015089910834401453]]","[[0.9998483880705331, 1.5408465938427307e-16], [0.0, 0.00015161192946701275]]","[[-60.766025728389124, -62.70544144804164], [-Infinity, -35.090598359210624]]"
eggs,"parked(3, 0)",0.02468992461517755,3.5361226009668454,"[[0.8741537312482839, 0.1256927622535596], [0.0, 0.00015350649815613947]]","[[0.999845768363863, 1.5405410493706888e-16], [0.0, 0.00015423163613658208]]","[[-58.71934289914755, -60.658758618800064], [-Infinity, -33.02658577124411]]"
eggs,"parked(0, 1)",0.024689842498653133,3.536135568459963,"[[0.8741508357864518, 0.12569234592107403], [0.0, 0.00015681829247473093]]","[[0.999842440925203, 1.5401537571566145e-16], [0.0, 0.00015755907479776186]]","[[-58.14484390176621, -60.084259621418724], [-Infinity, -32.43049047920687]]"
eggs,"parked(4, 0)",0.024689744505790163,3.5361509765030914,"[[0.8741473805185042, 0.12569184909522163], [0.0, 0.00016077038627445068]]","[[0.9998384701623956, 1.539692740839048e-16], [0.0, 0.00016152983760451045]]","[[-58.77426275556055, -60.713678475213065], [-Infinity, -33.03472054428883]]"
eggs,"parked(1, 2)",0.02468967591621913,3.5361617186802174,"[[0.8741449620225121, 0.1256915013446706], [0.0, 0.00016353663281703398]]","[[0.9998356908485821, 1.5393707942124069e-16], [0.0, 0.00016430915141739874]]","[[-54.94377689188231, -56.883192611534824], [-Infinity, -29.186965716415116]]"
eggs,"parked(5, 0)",0.02468938449620562,3.5362069764822337,"[[0.8741346864350579, 0.12569002383914188], [0.0, 0.00017528972579989154]]","[[0.9998238822360157, 1.5380095767902718e-16], [0.0, 0.00017611776398415474]]","[[-59.07768736307229, -61.01710308272481], [-Infinity, -33.25058836580231]]"
apple+eggs,"parked(0, 2)",0.024689191797827977,3.5362365704363836,"[[0.8741278918123829, 0.12568904685435997], [0.0, 0.00018306133325725148]]","[[0.9998160739168193, 1.537115265233254e-16], [0.0, 0.0001839260831800872]]","[[-57.65283646854579, -59.59225218819831], [-Infinity, -31.781774758598203]]"
eggs,"parked(0, 2)",0.024688534556824085,3.5363356120352463,"[[0.8741047172289168, 0.12568571462879619], [0.0, 0.00020956814228666998]]","[[0.9997894418941331, 1.5340980534832486e-16], [0.0, 0.00021055810586645616]]","[[-56.12153236395009, -58.060948083602604], [-Infinity, -30.113278122295423]]"
apple+milk,"parked(3, 5)",0.024688224277193426,3.536381397415287,"[[0.8740937766437104, 0.12568414150461205], [0.0, 0.00022208185167722362]]","[[0.9997768690720792, 1.5326906214053427e-16], [0.0, 0.00022313092792090495]]","[[-53.513014430046574, -55.45243014969909], [-Infinity, -27.445845266866723]]"
apple+milk,"parked(0, 4)",0.02468705098076715,3.5365493335749902,"[[0.8740524057373984, 0.1256781928673124], [0.0, 0.00026940139528932894]]","[[0.9997293259986814, 1.5274597055910904e-16], [0.0, 0.0002706740013194643]]","[[-52.5119337063346, -54.45134942598712], [-Infinity, -26.248189378846565]]"
bread+milk,"parked(0, 4)",0.024684700482977957,3.5368639673985744,"[[0.8739695262348205, 0.12566627579455875], [0.0, 0.00036419797062098926]]","[[0.9996340816190934, 1.517365201942599e-16], [0.0, 0.0003659183809063399]]","[[-52.82066185847784, -54.76007757813036], [-Infinity, -26.248791753618647]]"
apple+milk,"parked(0, 5)",0.02468465140990263,3.536870258523879,"[[0.8739677958983262, 0.1256660269930427], [0.0, 0.0003661771086309902]]","[[0.9996320931319407, 1.5171593807984446e-16], [0.0, 0.0003679068680595784]]","[[-51.83929909771458, -53.778714817367096], [-Infinity, -25.26187381520947]]"
milk,"parked(9, 4)",0.024684361027607023,3.5369072698124366,"[[0.8739575569010887, 0.1256645547487457], [0.0, 0.00037788835016606454]]","[[0.9996203265683055, 1.5159453055557404e-16], [0.0, 0.00037967343169404994]]","[[-64.03681498490343, -65.97623070455595], [-Infinity, -37.4271074901013]]"
apple+milk,station,0.024682369483835318,3.5371517358996347,"[[0.8738873342611649, 0.12565445758017085], [0.0, 0.00045820815866399296]]","[[0.9995396273417227, 1.5077862154728434e-16], [0.0, 0.0004603726582772981]]","[[-52.469400944178716, -54.40881666383123], [-Infinity, -25.66157193830142]]"
apple+milk,"parked(1, 5)",0.024682298510737184,3.537160162959568,"[[0.8738848317209549, 0.12565409774507505], [0.0, 0.00046107053396992714]]","[[0.9995367514450231, 1.5075005572669706e-16], [0.0, 0.0004632485549769456]]","[[-52.46779194015389, -54.4072076598064], [-Infinity, -25.653546003303298]]"
apple+milk,"parked(1, 4)",0.024681605128642686,3.5372415243792243,"[[0.87386038278714, 0.12565058228330267], [0.0, 0.0004890349295575562]]","[[0.999508654950263, 1.5047271864200054e-16], [0.0, 0.0004913450497358379]]","[[-52.45656103161618, -54.3959767512687], [-Infinity, -25.58159080168078]]"
eggs+milk,"parked(9, 4)",0.024681112354273352,3.537298307822394,"[[0.8738430073629374, 0.12564808390688986], [0.0, 0.0005089087301726399]]","[[0.9994886872691855, 1.502774907967592e-16], [0.0, 0.0005113127308130417]]","[[-65.55930038934821, -67.49871610900072], [-Infinity, -38.643197116097724]]"
apple+milk,"parked(2, 5)",0.024680723187674482,3.5373425625878014,"[[0.8738292851906915, 0.12564611082404178], [0.0, 0.0005246039852661855]]","[[0.9994729178724181, 1.5012437439449358e-16], [0.0, 0.0005270821275813459]]","[[-53.10230296151481, -55.041718681167325], [-Infinity, -26.154805302187153]]"
milk,"parked(0, 4)",0.02467867878363942,3.537566985029059,"[[0.8737571986735648, 0.1256357456524078], [0.0, 0.0006070556740272228]]","[[0.9993900766967514, 1.4933459771515413e-16], [0.0, 0.0006099233032485766]]","[[-51.408347358508536, -53.34776307816105], [-Infinity, -24.309598155903085]]"
milk,"parked(8, 4)",0.024678488016946196,3.537587269737942,"[[0.8737504721623509, 0.1256347784612324], [0.0, 0.0006147493764174886]]","[[0.9993823466507449, 1.4926209371170248e-16], [0.0, 0.0006176533492549261]]","[[-60.915857972427666, -62.85527369208018], [-Infinity, -33.80402897849023]]"
bread+milk,"parked(0, 5)",0.024677613917318056,3.5376788624698445,"[[0.8737196510537197, 0.12563034675758447], [0.0, 0.0006500021886961986]]","[[0.999346927310824, 1.489323397851341e-16], [0.0, 0.0006530726891758909]]","[[-52.16968174370834, -54.109097463360854], [-Infinity, -24.99988001602571]]"
bread+milk,"parked(1, 4)",0.024676349442876135,3.537807587975974,"[[0.8736750651698998, 0.12562393584529924], [0.0, 0.00070099898480129]]","[[0.9992956896155988, 1.4846219931639276e-16], [0.0, 0.0007043103844008383]]","[[-52.88032576908376, -54.81974148873628], [-Infinity, -25.631831602660185]]"
eggs+milk,"parked(8, 4)",0.024675870185099705,3.537855262014595,"[[0.8736581663454118, 0.1256215059981765], [0.0, 0.0007203276564121183]]","[[0.9992762696390525, 1.4828604707408725e-16], [0.0, 0.0007237303609475564]]","[[-61.96960058998209, -63.90901630963461], [-Infinity, -34.692719459225515]]"
milk,"parked(9, 5)",0.024674392765265767,3.5379985665902414,"[[0.873606071919786, 0.12561401544814982], [0.0, 0.0007799126320625506]]","[[0.9992164031953559, 1.4774973208552243e-16], [0.0, 0.0007835968046439853]]","[[-65.31393569484682, -67.25335141449933], [-Infinity, -37.95395553328703]]"
eggs+milk,"parked(0, 3)",0.0246743284752331,3.538004680879542,"[[0.8736038050270215, 0.12561368949631338], [0.0, 0.0007825054766652722]]","[[0.9992137981026465, 1.4772661769774525e-16], [0.0, 0.0007862018973533958]]","[[-56.84740655950585, -58.78682227915837], [-Infinity, -29.483950924833035]]"
eggs+milk,"parked(1, 3)",0.02467412511174153,3.5380239566982987,"[[0.8735966343473736, 0.1256126584390757], [0.0, 0.0007907072135501217]]","[[0.9992055576223071, 1.4765362142195218e-16], [0.0, 0.0007944423776925477]]","[[-56.5292154830777, -58.468631202730215], [-Infinity, -29.154838764918708]]"
eggs,"parked(7, 0)",0.024672997775504503,3.538129055931097,"[[0.8735568840118687, 0.12560694282030951], [0.0, 0.0008361731678217461]]","[[0.9991598768953627, 1.4725220260816535e-16], [0.0, 0.0008401231046366972]]","[[-62.23800082971528, -64.1774165493678], [-Infinity, -34.804993779910404]]"
bread+eggs,"parked(0, 3)",0.024672384141615746,3.538185048548058,"[[0.8735352470306232, 0.12560383168339892], [0.0, 0.0008609212859777901]]","[[0.9991350118716349, 1.4703594287823682e-16], [0.0, 0.000864988128364762]]","[[-57.07349746933478, -59.0129131889873], [-Infinity, -29.609853356921807]]"
bread+eggs,"parked(1, 3)",0.02467212241724464,3.5382086770319967,"[[0.8735260185225241, 0.12560250473525125], [0.0, 0.0008714767422242949]]","[[0.9991244065533279, 1.4694417255491664e-16], [0.0, 0.0008755934466719962]]","[[-56.74374350776259, -58.6831592274151], [-Infinity, -29.267288966358045]]"
bread+milk,station,0.02467073436509947,3.538331537062522,"[[0.8734770752375458, 0.12559546728123966], [0.0, 0.0009274574812148576]]","[[0.9990681613712515, 1.4646200955768779e-16], [0.0, 0.000931838628748233]]","[[-52.82258806362992, -54.76200378328244], [-Infinity, -25.280589087181998]]"
bread+milk,"parked(1, 5)",0.02467073436509947,3.538331537062522,"[[0.8734770752375458, 0.12559546728123966], [0.0, 0.0009274574812148576]]","[[0.9990681613712515, 1.4646200955768779e-16], [0.0, 0.000931838628748233]]","[[-52.82258806362992, -54.76200378328244], [-Infinity, -25.280589087181998]]"
eggs+milk,"parked(9, 5)",0.024669845117902083,3.5384081497508237,"[[0.8734457200184903, 0.1255909587789554], [0.0, 0.000963321202554691]]","[[0.9990321282358385, 1.4615700211978555e-16], [0.0, 0.0009678717641607216]]","[[-66.8521882996282, -68.79160401928071], [-Infinity, -39.27016470080278]]"
bread+milk,"parked(3, 5)",0.02466799461827431,3.5385626023085517,"[[0.8733804706463515, 0.125581576706299], [0.0, 0.0010379526473493603]]","[[0.9989571442443694, 1.4553154269363884e-16], [0.0, 0.001042855755631368]]","[[-53.7971546598801, -55.736570379532616], [-Infinity, -26.136223967129087]]"
apple+eggs,"parked(0, 3)",0.024667756032180344,3.538582044661688,"[[0.8733720580032831, 0.12558036706970152], [0.0, 0.001047574927015583]]","[[0.9989474765105879, 1.4545177995938385e-16], [0.0, 0.001052523489412866]]","[[-56.773891552556144, -58.71330727220866], [-Infinity, -29.103184895710182]]"
bread+milk,"parked(2, 5)",0.02466523521205663,3.5387812411814887,"[[0.8732831728563947, 0.12556758645773786], [0.0, 0.0011492406858679071]]","[[0.9988453304983559, 1.4462066724428423e-16], [0.0, 0.0011546695016444021]]","[[-53.43844286126875, -55.37785858092126], [-Infinity, -25.669382255258917]]"
apple+eggs,"parked(1, 3)",0.02466459047116846,3.5388304326386018,"[[0.8732604390292954, 0.12556431760762307], [0.0, 0.0011752433630811646]]","[[0.9988192049883791, 1.444113860513417e-16], [0.0, 0.0011807950116207084]]","[[-55.88961641218576, -57.829032131838275], [-Infinity, -28.09673386076963]]"
milk,"parked(1, 4)",0.02466455841685341,3.538832860264615,"[[0.8732593087810445, 0.12556415509155802], [0.0, 0.0011765361273977405]]","[[0.9988179061172362, 1.444010150962208e-16], [0.0, 0.0011820938827637223]]","[[-51.5132708072246, -53.452686526877116], [-Infinity, -23.719217045280853]]"
milk,"parked(8, 5)",0.02466439490494896,3.538845217503998,"[[0.8732535432844956, 0.1255633260826985], [0.0, 0.0011831306328055214]]","[[0.9988112804603645, 1.443481613109015e-16], [0.0, 0.0011887195396358427]]","[[-62.190015765380444, -64.12943148503297], [-Infinity, -34.39000654774686]]"
eggs,"parked(0, 3)",0.024660875695787166,3.5391009300633933,"[[0.8731294545303844, 0.12554548361665333], [0.0, 0.0013250618529620252]]","[[0.9986686787780019, 1.4322989235775596e-16], [0.0, 0.0013313212219987233]]","[[-55.515468533908944, -57.45488425356146], [-Infinity, -27.5943869877706]]"
eggs,"parked(1, 3)",0.0246605798902265,3.539121567608964,"[[0.873119024305236, 0.1255439838760894], [0.0, 0.0013369918186750325]]","[[0.9986566924568927, 1.4313751178421973e-16], [0.0, 0.0013433075431067893]]","[[-55.201421215185384, -57.1408369348379], [-Infinity, -27.27073144056826]]"
milk,"parked(0, 5)",0.02465935058938684,3.539205980661415,"[[0.8730756786542013, 0.12553775129431863], [0.0, 0.0013865700514797284]]","[[0.9986068800239047, 1.4275615629767392e-16], [0.0, 0.0013931199760951545]]","[[-50.74256031314086, -52.68197603279337], [-Infinity, -22.772791792978474]]"
eggs,"parked(8, 0)",0.02465835474175243,3.5392728035926684,"[[0.8730405646584886, 0.1255327023252905], [0.0, 0.0014267330162212656]]","[[0.9985665273353979, 1.4245017688352738e-16], [0.0, 0.0014334726646007966]]","[[-64.96655575241249, -66.905971472065], [-Infinity, -36.96608744265301]]"
eggs+milk,"parked(8, 5)",0.024658214701765248,3.539282091044995,"[[0.8730356267911289, 0.12553199231952625], [0.0, 0.001432380889344538]]","[[0.9985608527825862, 1.424073564418138e-16], [0.0, 0.0014391472174132066]]","[[-63.74505311846259, -65.68446883811511], [-Infinity, -35.74033337322143]]"
apple+milk,"parked(2, 4)",0.024655284188443836,3.5394704783756916,"[[0.872932295688599, 0.12551713455339264], [0.0, 0.0015505697580090257]]","[[0.998442105608347, 1.4152262032135605e-16], [0.0, 0.0015578943916527974]]","[[-52.740956921255176, -54.68037264090769], [-Infinity, -24.65072065064288]]"
bread+milk,"parked(2, 4)",0.024655018280451965,3.539487025505557,"[[0.872922919663533, 0.12551578639408453], [0.0, 0.0015612939423829781]]","[[0.9984313307646768, 1.4144338222625081e-16], [0.0, 0.0015686692353230499]]","[[-53.39130363360466, -55.33071935325717], [-Infinity, -25.2936148306354]]"
milk,"parked(7, 5)",0.02464599004886408,3.5400001054665733,"[[0.8726045804948561, 0.12547001306152966], [0.0, 0.0019254064436141781]]","[[0.9980654982610189, 1.388463714426695e-16], [0.0, 0.001934501738981193]]","[[-59.24682061589294, -61.18623633554546], [-Infinity, -30.92097822702751]]"
eggs,"parked(8, 1)",0.0246458147914319,3.540009196520665,"[[0.8725984008453053, 0.12546912450246497], [0.0, 0.0019324746522296052]]","[[0.9980583966635257, 1.3879762884003747e-16], [0.0, 0.0019416033364746336]]","[[-62.69792393998918, -64.6373396596417], [-Infinity, -34.36806613552894]]"
eggs,"parked(9, 0)",0.024645702013596872,3.5400150303122953,"[[0.8725944242521865, 0.12546855271634133], [0.0, 0.0019370230314698872]]","[[0.9980538267986045, 1.3876629451257896e-16], [0.0, 0.0019461732013958048]]","[[-67.89127843256303, -69.83069415221554], [-Infinity, -39.55884395736088]]"
milk,station,0.024641808452373987,3.5402088458414838,"[[0.8724571356711351, 0.12544881227440152], [0.0, 0.002094052054462043]]","[[0.9978960560003859, 1.3769918715562827e-16], [0.0, 0.00210394399961452]]","[[-51.38084784506427, -53.32026356471678], [-Infinity, -22.96274499414559]]"
milk,"parked(1, 5)",0.024641808452373987,3.5402088458414838,"[[0.8724571356711351, 0.12544881227440152], [0.0, 0.002094052054462043]]","[[0.9978960560003859, 1.3769918715562827e-16], [0.0, 0.00210394399961452]]","[[-51.38084784506427, -53.32026356471678], [-Infinity, -22.96274499414559]]"
eggs+milk,"parked(7, 5)",0.0246333324551924,3.540583838986905,"[[0.8721582684924337, 0.1254058387791283], [0.0, 0.0024358927284376516]]","[[0.9975526005325038, 1.3546738349674965e-16], [0.0, 0.002447399467495781]]","[[-60.802752926684725, -62.74216864633724], [-Infinity, -32.217097131579514]]"
eggs,"parked(9, 1)",0.024628901316588334,3.5407568769155704,"[[0.8720020247032726, 0.1253833728069055], [0.0, 0.0026146024898216036]]","[[0.9973730465741031, 1.3434561287755285e-16], [0.0, 0.002626953425896097]]","[[-65.6931391166658, -67.63255483631832], [-Infinity, -37.02836933996934]]"
milk,"parked(2, 4)",0.024625659613620773,3.5408743818906343,"[[0.8718877209081576, 0.12536693729993406], [0.0, 0.0027453417919080184]]","[[0.9972416896777754, 1.335428227079695e-16], [0.0, 0.0027583103222243123]]","[[-52.15735397183604, -54.096769691488554], [-Infinity, -23.43779720216658]]"
milk,"parked(2, 5)",0.024624110180265585,3.5409279704400944,"[[0.8718330872432097, 0.1253590816379219], [0.0, 0.0028078311188686235]]","[[0.9971789051593261, 1.3316419378526173e-16], [0.0, 0.002821094840674671]]","[[-51.9357977850748, -53.87521350472731], [-Infinity, -23.19089496538177]]"
milk,"parked(3, 5)",0.024622644527564238,3.5409771792838556,"[[0.871781407718775, 0.12535165074568186], [0.0, 0.0028669415355426406]]","[[0.9971195155123628, 1.328089673422944e-16], [0.0, 0.002880484487637728]]","[[-52.22274901868321, -54.162164738335726], [-Infinity, -23.45434159848168]]"
eggs,"parked(9, 2)",0.024586277141957373,3.541813353335964,"[[0.8704990784070378, 0.12516726725848726], [0.0, 0.004333654334474761]]","[[0.995645874160094, 1.247631736511483e-16], [0.0, 0.00435412583990599]]","[[-63.92336791827393, -65.86278363792646], [-Infinity, -34.679300707950034]]"
apple+eggs,"parked(3, 5)",0.02455596287199304,3.5420791038801287,"[[0.8694301841980615, 0.12501357316455428], [0.0, 0.00555624263738461]]","[[0.9944175106368182, 1.1893114288739427e-16], [0.0, 0.005582489363182236]]","[[-56.96767039249646, -58.907086112148974], [-Infinity, -27.427219612335527]]"
apple+eggs,"parked(0, 4)",0.024539684505621856,3.5421007902426873,"[[0.8688562019528026, 0.12493104144122907], [0.0, 0.006212756605967662]]","[[0.9937578953967565, 1.1604915371438484e-16], [0.0, 0.0062421046032436695]]","[[-56.10296038009683, -58.04237609974935], [-Infinity, -26.426296143432797]]"
eggs+milk,"parked(0, 4)",0.024507653248490448,3.5419453671374037,"[[0.8677267659954009, 0.124768642174145], [0.0, 0.007504591830454384]]","[[0.9924599574748223, 1.1079225687875621e-16], [0.0, 0.007540042525177715]]","[[-56.26498851691879, -58.2044042365713], [-Infinity, -26.35305690781811]]"
bread+eggs,"parked(0, 4)",0.024499682320617538,3.541871184935196,"[[0.8674457076292157, 0.12472822937129553], [0.0, 0.007826062999489269]]","[[0.9921369676243299, 1.095588955180899e-16], [0.0, 0.007863032375670154]]","[[-56.45933282108776, -58.39874854074028], [-Infinity, -26.494262078633398]]"
apple+eggs,"parked(0, 5)",0.024498258311886182,3.541856579296288,"[[0.8673954964636599, 0.12472100961135048], [0.0, 0.007883493924988752]]","[[0.9920792653859754, 1.0934142167277935e-16], [0.0, 0.00792073461402403]]","[[-55.417174678460384, -57.3565903981129], [-Infinity, -25.44280534307552]]"
apple+eggs,station,0.024462561926089775,3.5413683209976266,"[[0.8661368260953342, 0.1245400279948382], [0.0, 0.0093231459098277]]","[[0.9906328125000643, 1.0414998033222208e-16], [0.0, 0.009367187499935828]]","[[-56.03476736889403, -57.974183088546546], [-Infinity, -25.844025781400884]]"
apple+eggs,"parked(1, 5)",0.024461245302891187,3.541346150469563,"[[0.8660904013608468, 0.12453335267800773], [0.0, 0.009376245961146014]]","[[0.990579461621355, 1.039673999225289e-16], [0.0, 0.00942053837864533]]","[[-56.032992224271986, -57.9724079439245], [-Infinity, -25.8348166970547]]"
bread+eggs,"parked(4, 5)",0.024448311255103706,3.541114042838251,"[[0.8656343408444024, 0.12446777667687943], [0.0, 0.009897882478718723]]","[[0.990055361160348, 1.0220456514908495e-16], [0.0, 0.009944638839651921]]","[[-57.717354458457315, -59.65677017810983], [-Infinity, -27.44793653287393]]"
apple+eggs,"parked(1, 4)",0.024443568844683555,3.5410226454040665,"[[0.8654671212105787, 0.12444373251058803], [0.0, 0.010089146278833089]]","[[0.9898631939775215, 1.0157175683739666e-16], [0.0, 0.010136806022478493]]","[[-56.05662326738786, -57.99603898704038], [-Infinity, -25.761855144122837]]"
apple+eggs,"parked(2, 5)",0.024438431444979543,3.540919974755412,"[[0.865285974038028, 0.1244176857322258], [0.0, 0.01029634022974625]]","[[0.9896550214350317, 1.0089414540616738e-16], [0.0, 0.010344978564968396]]","[[-56.62912203217329, -58.56853775182581], [-Infinity, -26.3073320196896]]"
eggs,"parked(0, 4)",0.02440690681519865,3.5402120882613852,"[[0.8641743997757245, 0.12425785476144298], [0.0, 0.01156774546283259]]","[[0.9883776120794399, 9.69048233921271e-17], [0.0, 0.01162238792056072]]","[[-54.94449629868338, -56.8839120183359], [-Infinity, -24.465931686871457]]"
bread+eggs,"parked(0, 5)",0.02439432043335502,3.53989486505544,"[[0.8637305972858088, 0.12419404131666953], [0.0, 0.012075361397521595]]","[[0.9878675993574708, 9.538732837116309e-17], [0.0, 0.012132400642529153]]","[[-55.784878920452385, -57.7242946401049], [-Infinity, -25.24758437562948]]"
eggs+milk,"parked(1, 4)",0.02437955204938802,3.539499630425588,"[[0.863209856012828, 0.12411916500294962], [0.0, 0.012670978984222394]]","[[0.9872691697251597, 9.365706773563343e-17], [0.0, 0.012730830274840132]]","[[-56.36822241697811, -58.30763813663062], [-Infinity, -25.764475005096802]]"
bread+eggs,"parked(1, 4)",0.02437030636744745,3.5392401929504596,"[[0.8628838481131621, 0.12407228899938101], [0.0, 0.013043862887456716]]","[[0.9868945254715115, 9.26001518942586e-17], [0.0, 0.013105474528488833]]","[[-56.52296857501828, -58.4623842946708], [-Infinity, -25.878868635889596]]"
eggs+milk,"parked(0, 5)",0.024343870805687895,3.5384508021110945,"[[0.8619517151132845, 0.12393825951766156], [0.0, 0.014110025369053454]]","[[0.985823330077096, 8.968286691009612e-17], [0.0, 0.014176669922904114]]","[[-55.56934314553086, -57.508758865183374], [-Infinity, -24.81466456645971]]"
bread+eggs,station,0.02431041680014569,3.5373593266050984,"[[0.8607721074366723, 0.12376864616254016], [0.0, 0.015459246400787071]]","[[0.9844677401020008, 8.619539978140854e-17], [0.0, 0.01553225989799973]]","[[-56.41480617364863, -58.354221893301144], [-Infinity, -25.52914316303442]]"
bread+eggs,"parked(1, 5)",0.02431041680014569,3.5373593266050984,"[[0.8607721074366723, 0.12376864616254016], [0.0, 0.015459246400787071]]","[[0.9844677401020008, 8.619539978140854e-17], [0.0, 0.01553225989799973]]","[[-56.41480617364863, -58.354221893301144], [-Infinity, -25.52914316303442]]"
bread+eggs,"parked(3, 5)",0.024294187610865468,3.5367959298494287,"[[0.8601998568361384, 0.12368636342883879], [0.0, 0.016113779735023374]]","[[0.9838101168929281, 8.457877926950886e-17], [0.0, 0.016189883107071628]]","[[-57.27855304901929, -59.2179687686718], [-Infinity, -26.332489225257063]]"
apple+eggs,"parked(3, 4)",0.024266232869734564,3.5357779983720596,"[[0.8592141568063613, 0.12354463165436116], [0.0, 0.017241211539277587]]","[[0.9826773621909598, 8.189993809185658e-17], [0.0, 0.01732263780903968]]","[[-56.648703950333704, -58.58811966998622], [-Infinity, -25.602827320053617]]"
bread+eggs,"parked(2, 5)",0.02425972061708904,3.535532703490435,"[[0.8589845311621712, 0.12351161425653884], [0.0, 0.017503854581289956]]","[[0.982413479005255, 8.12941090098093e-17], [0.0, 0.017586520994744375]]","[[-56.985704555518986, -58.9251202751715], [-Infinity, -25.91728467822743]]"
eggs,"parked(9, 4)",0.024246677589778127,3.535032599926054,"[[0.8585246268823044, 0.12344548556859583], [0.0, 0.018029887549099805]]","[[0.9818849620446998, 8.0100460296549e-17], [0.0, 0.018115037955300246]]","[[-63.4194070963598, -65.3588228160123], [-Infinity, -32.30658560209676]]"
eggs,"parked(1, 4)",0.024227933272758708,3.5342940885752663,"[[0.8578636922705816, 0.12335045114381729], [0.0, 0.018785856585600766]]","[[0.9811254227882484, 7.84294519528734e-17], [0.0, 0.018874577211751016]]","[[-55.06233795276462, -57.00175367241714], [-Infinity, -23.887360901476676]]"
eggs+milk,station,0.02422786261704757,3.5342912620023497,"[[0.8578612009131406, 0.12335009291666876], [0.0, 0.018788706170189944]]","[[0.9811225597449013, 7.842324923724581e-17], [0.0, 0.018877440255098486]]","[[-56.17941355195006, -58.11882927160258], [-Infinity, -25.004205734663678]]"
eggs+milk,"parked(1, 5)",0.02422786261704757,3.5342912620023497,"[[0.8578612009131406, 0.12335009291666876], [0.0, 0.018788706170189944]]","[[0.9811225597449013, 7.842324923724581e-17], [0.0, 0.018877440255098486]]","[[-56.17941355195006, -58.11882927160258], [-Infinity, -25.004205734663678]]"
eggs,"parked(9, 5)",0.02419032160537371,3.53274639556016,"[[0.8565374857743208, 0.12315975864674858], [0.0, 0.020302755578930298]]","[[0.9796013583394241, 7.522443072417136e-17], [0.0, 0.020398641660574954]]","[[-64.71812432777348, -66.657540047426], [-Infinity, -33.42377139399399]]"
eggs+milk,"parked(4, 5)",0.024155814452153496,3.531255470903327,"[[0.8553207469859656, 0.12298480628564498], [0.0, 0.02169444672838953]]","[[0.9782030915256559, 7.244402363599485e-17], [0.0, 0.02179690847434384]]","[[-57.23646252397933, -59.17587824363184], [-Infinity, -25.838147877954007]]"
eggs,"parked(0, 5)",0.024153940270868625,3.531172676124656,"[[0.8552546624743966, 0.12297530413001223], [0.0, 0.021770033395590853]]","[[0.9781271476782654, 7.22971225289653e-17], [0.0, 0.02187285232173397]]","[[-54.24307093050239, -56.18248665015491], [-Infinity, -22.839248336724953]]"
eggs+milk,"parked(3, 5)",0.024138215053951504,3.530470937089928,"[[0.8547001840067463, 0.12289557681464683], [0.0, 0.022404239178606792]]","[[0.9774899448729156, 7.108052693592631e-17], [0.0, 0.022510055127084136]]","[[-56.94181894742665, -58.88123466707916], [-Infinity, -25.492309584787392]]"
eggs+milk,"parked(2, 5)",0.024134730249691122,3.530313751323923,"[[0.8545773081986995, 0.12287790875561388], [0.0, 0.02254478304568632]]","[[0.977348736821182, 7.081471883560608e-17], [0.0, 0.02265126317881729]]","[[-56.69071237780383, -58.63012809745634], [-Infinity, -25.23120295493864]]"
eggs,"parked(8, 5)",0.02413406616525292,3.5302837292549984,"[[0.8545538922750346, 0.12287454182824065], [0.0, 0.02257156589672458]]","[[0.9773218273983257, 7.076421867218567e-17], [0.0, 0.02267817260167426]]","[[-61.61733501540414, -63.55675073505665], [-Infinity, -30.155924924614077]]"
bread+eggs,"parked(2, 4)",0.02411918744643829,3.5296054834576336,"[[0.8540292618119546, 0.122799106295897], [0.0, 0.023171631892148336]]","[[0.9767189255091995, 6.96454809581968e-17], [0.0, 0.023281074490800593]]","[[-57.04354587026711, -58.982961589919626], [-Infinity, -25.53996223407778]]"
eggs+milk,"parked(2, 4)",0.0241130072213527,3.5293206589218262,"[[0.8538113442453105, 0.12276777237839952], [0.0, 0.023420883376290627]]","[[0.9764684960372595, 6.918781871789822e-17], [0.0, 0.02353150396274061]]","[[-57.005251169270394, -58.94466688892291], [-Infinity, -25.484375193537325]]"
apple+eggs,"parked(2, 4)",0.024106523380634747,3.5290199296784537,"[[0.8535827210549067, 0.12273489912133978], [0.0, 0.023682379823752858]]","[[0.9762057637155436, 6.871201422171653e-17], [0.0, 0.023794236284456653]]","[[-56.3724925197639, -58.31190823941642], [-Infinity, -24.83361252951853]]"
eggs+milk,"parked(3, 4)",0.02409759482187953,3.5286026612826733,"[[0.853267895987075, 0.12268963107409832], [0.0, 0.024042472938826664]]","[[0.9758439687232129, 6.806396357760891e-17], [0.0, 0.024156031276786727]]","[[-56.83307670639528, -58.7724924260478], [-Infinity, -25.26962984380686]]"
bread+eggs,"parked(3, 4)",0.024007207754554505,3.5241887776814265,"[[0.8500808052034877, 0.12223136586304678], [0.0, 0.027687828933465452]]","[[0.9721813845725887, 6.193535471789969e-17], [0.0, 0.027818615427411375]]","[[-56.444029545988656, -58.38344526564117], [-Infinity, -24.645054629688666]]"
eggs,station,0.02399025800656825,3.5233257553532726,"[[0.8494831485491243, 0.12214543004526006], [0.0, 0.02837142140561563]]","[[0.971494561826495, 6.086662949358415e-17], [0.0, 0.028505438173505405]]","[[-54.847864648692884, -56.7872803683454], [-Infinity, -23.00709416002]]"
eggs,"parked(1, 5)",0.02399025800656825,3.5233257553532726,"[[0.8494831485491243, 0.12214543004526006], [0.0, 0.02837142140561563]]","[[0.971494561826495, 6.086662949358415e-17], [0.0, 0.028505438173505405]]","[[-54.847864648692884, -56.7872803683454], [-Infinity, -23.00709416002]]"
eggs,"parked(2, 4)",0.023869456395331404,3.5168980870900124,"[[0.8452236170070706, 0.12153296078923767], [0.0, 0.033243422203691836]]","[[0.966599544064991, 5.3882788562591027e-17], [0.0, 0.033400455935008934]]","[[-55.741300312855174, -57.68071603250769], [-Infinity, -23.62018119222089]]"
eggs,"parked(2, 5)",0.023860421058193793,3.5163995354711903,"[[0.8449050256713736, 0.12148715119810695], [0.0, 0.03360782313051944]]","[[0.9662334218885323, 5.3401149672832135e-17], [0.0, 0.03376657811146756]]","[[-55.34113726741981, -57.280552987072326], [-Infinity, -23.20013736732939]]"
eggs,"parked(3, 5)",0.023852467157943296,3.515958771031919,"[[0.8446245664096446, 0.12144682453925261], [0.0, 0.0339286090511031]]","[[0.9659111207548018, 5.298147032197201e-17], [0.0, 0.034088879245198045]]","[[-55.56391807364528, -57.5033337932978], [-Infinity, -23.405528424984066]]"
eggs,"parked(4, 5)",0.023852301465605123,3.5159495706353714,"[[0.8446187239987871, 0.12144598447104421], [0.0, 0.03393529153016832]]","[[0.9659044067116321, 5.2972770245166803e-17], [0.0, 0.034095593288367816]]","[[-55.810412288476385, -57.7498280081289], [-Infinity, -23.65166147892818]]"
eggs,"parked(3, 4)",0.023852141652824444,3.515940695998134,"[[0.8446130889046408, 0.12144517421247808], [0.0, 0.03394173688288174]]","[[0.9658979309148668, 5.296438052458085e-17], [0.0, 0.03410206908513319]]","[[-55.580220047317944, -57.51963576697046], [-Infinity, -23.421120934668565]]"
-,"parked(0, 1)",4.953236196042128e-07,7.560185696641485e-05,"[[0.9999973254693929, 2.6745306075571585e-06], [0.0, 9.181976952958598e-21]]","[[0.9999999999999999, 2.9011802329499542e-21], [0.0, 8.065634702465347e-21]]","[[-18.921583293308306, -31.753317285598165], [-Infinity, -30.73082250981284]]"
-,"parked(0, 5)",1.1016628219214591e-08,1.6814837324911497e-06,"[[0.9999999405149621, 5.948503697503685e-08], [0.0, 5.448505306959407e-16]]","[[0.9999999999999994, 6.45258504966723e-23], [0.0, 4.786065003825279e-16]]","[[-18.921583264727786, -35.55912424067497], [-Infinity, -19.73980085165453]]"
-,"parked(0, 4)",1.0435526681287746e-08,1.5927893574039585e-06,"[[0.9999999436526621, 5.6347339003144564e-08], [0.0, 7.568575187621443e-17]]","[[0.9999999999999999, 6.112226109096887e-23], [0.0, 6.648372476460194e-17]]","[[-18.921583286549502, -35.61331405043718], [-Infinity, -21.71372245361025]]"
-,"parked(0, 3)",1.0003280994520286e-08,1.5268151021922495e-06,"[[0.9999999459865996, 5.4013399603874193e-08], [0.0, 3.1904963952557464e-18]]","[[0.9999999999999999, 5.859054151801734e-23], [0.0, 2.802589370539547e-18]]","[[-18.92158330278133, -35.65561692911942], [-Infinity, -24.880135882135427]]"
-,"parked(0, 2)",9.946397924940379e-09,1.5181329423999327e-06,"[[0.9999999462937458, 5.370625509395312e-08], [0.0, 1.6504013754534515e-19]]","[[0.9999999999999999, 5.825736930039976e-23], [0.0, 1.4497422273934961e-19]]","[[-18.921583304917423, -35.661319611229764], [-Infinity, -27.84187897588089]]"
-,"parked(1, 3)",1.7509155887797181e-09,2.672447524852024e-07,"[[0.999999990545813, 9.454188429974572e-09], [0.0, 4.113931598199268e-18]]","[[0.9999999999999999, 1.025534402769469e-23], [0.0, 3.61375128698845e-18]]","[[-18.921583612676752, -37.39839157675321], [-Infinity, -24.625933586578665]]"
-,"parked(1, 4)",1.6402313289440632e-09,2.503508721666621e-07,"[[0.9999999911434576, 8.856541720095761e-09], [0.0, 1.2190196782813176e-16]]","[[0.9999999999999999, 9.60705224500952e-24], [0.0, 1.0708087442554489e-16]]","[[-18.921583616833196, -37.46369308154835], [-Infinity, -21.237095576505332]]"
-,"parked(1, 2)",1.587978416290533e-09,2.4237540859181493e-07,"[[0.9999999914256037, 8.574397674544376e-09], [0.0, 3.1614214670592505e-19]]","[[0.9999999999999999, 9.300999081693934e-24], [0.0, 2.777049304914933e-19]]","[[-18.92158361879542, -37.49606869861816], [-Infinity, -27.191876093268526]]"
-,station,1.0445245169216245e-09,1.594272700573654e-07,"[[0.9999999943600169, 5.639981383847398e-09], [0.0, 4.670841683921194e-16]]","[[0.9999999999999997, 6.117917958684918e-24], [0.0, 4.102951077163462e-16]]","[[-18.921583639203366, -37.91496870574155], [-Infinity, -19.893803307887612]]"
-,"parked(1, 5)",1.0445245169216245e-09,1.594272700573654e-07,"[[0.9999999943600169, 5.639981383847398e-09], [0.0, 4.670841683921194e-16]]","[[0.9999999999999997, 6.117917958684918e-24], [0.0, 4.102951077163462e-16]]","[[-18.921583639203366, -37.91496870574155], [-Infinity, -19.893803307887612]]"
-,"parked(1, 1)",1.0192872010139407e-09,1.5557525958371703e-07,"[[0.9999999944962886, 5.503710704948335e-09], [0.0, 3.8533119124905364e-20]]","[[0.9999999999999999, 5.970099591650317e-24], [0.0, 3.384818268251124e-20]]","[[-18.921583640151088, -37.93942693321833], [-Infinity, -29.296549952973397]]"
-,"parked(0, 0)",2.222241167333817e-10,3.391837629723157e-08,"[[0.999999998800085, 1.199913964970613e-09], [0.0, 8.909235577555948e-22]]","[[0.9999999999999999, 1.3015956371062774e-24], [0.0, 7.826032227374806e-22]]","[[-18.921583670082644, -39.46259964746328], [-Infinity, -33.063564744677805]]"
-,"parked(2, 4)",5.0769024054032764e-11,7.74895051559866e-09,"[[0.9999999997258691, 2.7413087611108154e-10], [0.0, 1.3985154791670797e-16]]","[[0.9999999999999999, 2.973609462247692e-25], [0.0, 1.2284810638393876e-16]]","[[-18.921583676521173, -40.938999149785545], [-Infinity, -21.099731336109745]]"
-,"parked(2, 2)",5.061249674672588e-11,7.725059146680656e-09,"[[0.9999999997267145, 2.7328569220788493e-10], [0.0, 1.6056738148277112e-19]]","[[0.9999999999999999, 2.9644414076008735e-25], [0.0, 1.4104526589807384e-19]]","[[-18.921583676527053, -40.942087052584], [-Infinity, -27.869354426300355]]"
-,"parked(1, 0)",4.9223453913693406e-11,7.513038242151842e-09,"[[0.999999999734214, 2.6578509436212493e-10], [0.0, 3.2889238537037553e-21]]","[[0.9999999999999999, 2.8830793624019425e-25], [0.0, 2.88904966361713e-21]]","[[-18.921583676579218, -40.96991672593211], [-Infinity, -31.757507688020922]]"
-,"parked(2, 1)",4.161213734364181e-11,6.351304841067977e-09,"[[0.9999999997753121, 2.2468701118264917e-10], [0.0, 4.715465805011161e-20]]","[[0.9999999999999999, 2.4372716854890863e-25], [0.0, 4.142149682749321e-20]]","[[-18.92158367686504, -41.13789642019905], [-Infinity, -29.094635307123927]]"
-,"parked(2, 5)",3.928894004970891e-11,5.996721165811722e-09,"[[0.9999999997878565, 2.1214309968518355e-10], [0.0, 3.9826025545678654e-16]]","[[0.9999999999999997, 2.3012027593698715e-25], [0.0, 3.498389467734458e-16]]","[[-18.92158367695228, -41.19534374719069], [-Infinity, -20.053207124833936]]"
-,"parked(2, 0)",3.814395261106066e-12,5.821860876579292e-10,"[[0.9999999999794047, 2.0595734880949506e-11], [0.0, 5.395063177132696e-21]]","[[0.9999999999999999, 2.23410339532833e-26], [0.0, 4.739120194501981e-21]]","[[-18.92158367828443, -43.527520784447645], [-Infinity, -31.262583796148892]]"
-,"parked(3, 2)",1.4942396107844564e-12,2.2806170898181543e-10,"[[0.9999999999919316, 8.068017970872947e-12], [0.0, 1.3669338932728237e-19]]","[[0.9999999999999999, 8.751708276621812e-27], [0.0, 1.200739232403241e-19]]","[[-18.921583678371558, -44.464696946776556], [-Infinity, -28.030327721622516]]"
-,"parked(3, 4)",1.4422210705807733e-12,2.201208010940759e-10,"[[0.9999999999922125, 7.787094344322136e-12], [0.0, 1.4607783743982706e-16]]","[[0.9999999999999999, 8.446978956920318e-27], [0.0, 1.2831739066664997e-16]]","[[-18.921583678373512, -44.500137002154204], [-Infinity, -21.05617321342921]]"
-,"parked(3, 1)",1.4318733817216422e-12,2.1853449307395765e-10,"[[0.9999999999922692, 7.730999499666248e-12], [0.0, 5.1010607236022624e-20]]","[[0.9999999999999999, 8.386130590193107e-27], [0.0, 4.480863169639712e-20]]","[[-18.921583678373903, -44.50736663867424], [-Infinity, -29.01603450908617]]"
-,"parked(3, 5)",1.2211298736161539e-12,1.8638153934588955e-10,"[[0.9999999999934058, 6.593516720858006e-12], [0.0, 3.464442480066134e-16]]","[[0.9999999999999997, 7.152256609518551e-27], [0.0, 3.043228370213064e-16]]","[[-18.92158367838181, -44.66651794308049], [-Infinity, -20.192590920961248]]"
-,"parked(3, 0)",2.030266107805841e-13,3.098504181961155e-11,"[[0.9999999999989021, 1.0960824865947297e-12], [0.0, 6.696643252681426e-21]]","[[0.9999999999999999, 1.1889653945188896e-27], [0.0, 5.8824514619318656e-21]]","[[-18.921583678420046, -46.460862347162134], [-Infinity, -31.046461711468957]]"
-,"parked(4, 1)",4.624922752269184e-14,7.064363630476395e-12,"[[0.9999999999997511, 2.4995334224260684e-13], [0.0, 4.9711650047245784e-20]]","[[0.9999999999999999, 2.7113458868759986e-28], [0.0, 4.36676044192931e-20]]","[[-18.92158367842593, -47.93908580392143], [-Infinity, -29.04182879224145]]"
-,"parked(4, 2)",4.287362292197496e-14,6.53957623536248e-12,"[[0.9999999999997689, 2.3135879488165426e-13], [0.0, 1.2245141167323654e-19]]","[[0.9999999999999999, 2.5096432448824267e-28], [0.0, 1.0756351479882143e-19]]","[[-18.92158367842606, -48.016390343224536], [-Infinity, -28.140353793363904]]"
-,"parked(4, 4)",3.9418810917536536e-14,6.016164282873463e-12,"[[0.9999999999997865, 2.1280996245329982e-13], [0.0, 1.418381088885769e-16]]","[[0.9999999999999999, 2.3084364914149453e-28], [0.0, 1.2459313711454446e-16]]","[[-18.921583678426188, -48.099960500925064], [-Infinity, -21.085626497314088]]"
-,"parked(4, 5)",3.524131210803034e-14,5.3653937997200585e-12,"[[0.9999999999998109, 1.8984680122392548e-13], [0.0, 3.06321075498897e-16]]","[[0.9999999999999997, 2.0593457123506023e-28], [0.0, 2.690779231319947e-16]]","[[-18.921583678426348, -48.21414263576634], [-Infinity, -20.315679008088992]]"
-,"parked(4, 0)",9.07347392969611e-15,1.3647113809205514e-12,"[[0.9999999999999503, 4.822928949139489e-14], [0.0, 6.906698286193908e-21]]","[[0.9999999999999999, 5.23162781166163e-29], [0.0, 6.0669675683310536e-21]]","[[-18.921583678427332, -49.58439357103894], [-Infinity, -31.015576398436192]]"
-,"parked(5, 1)",1.4082886423284832e-15,2.216998639969806e-13,"[[0.9999999999999927, 7.865945580823997e-15], [0.0, 4.4513791792732685e-20]]","[[0.9999999999999999, 8.532512110300868e-30], [0.0, 3.9101712563552793e-20]]","[[-18.921583678427613, -51.39781731763076], [-Infinity, -29.152269036185057]]"
-,"parked(5, 2)",1.1703790099522793e-15,1.8667198040480133e-13,"[[0.9999999999999927, 6.581335752257619e-15], [0.0, 1.136910916699182e-19]]","[[0.9999999999999999, 7.139043415834577e-30], [0.0, 9.986829269034493e-20]]","[[-18.921583678427623, -51.576122346740306], [-Infinity, -28.214583057008127]]"
-,"parked(5, 4)",1.1441145329912284e-15,1.6315101110488712e-13,"[[0.9999999999999926, 5.7140567995694115e-15], [0.0, 1.2990258507940512e-16]]","[[0.9999999999999999, 6.198270549968042e-30], [0.0, 1.1410875907153507e-16]]","[[-18.921583678427627, -51.717430829157465], [-Infinity, -21.17352800227112]]"
-,"parked(5, 5)",1.05634956469251e-15,1.4783925160800354e-13,"[[0.9999999999999957, 5.269919665440402e-15], [0.0, 2.7494546447159334e-16]]","[[0.9999999999999998, 5.7164968793201226e-30], [0.0, 2.415170240378403e-16]]","[[-18.92158367842763, -51.79834495465068], [-Infinity, -20.42374005929599]]"
-,"parked(5, 0)",3.1574408785123083e-16,5.5314960068766157e-14,"[[0.9999999999999963, 1.898324022480832e-15], [0.0, 6.0991878285146625e-21]]","[[0.9999999999999999, 2.059189520784368e-30], [0.0, 5.3576359087125806e-21]]","[[-18.921583678427655, -52.81938866987043], [-Infinity, -31.139912485817618]]"
-,"parked(6, 1)",1.5679954435986239e-16,6.739866479754639e-15,"[[0.9999999999999999, 2.471770985661716e-16], [0.0, 3.652142143072422e-20]]","[[0.9999999999999999, 2.681230838980637e-31], [0.0, 3.2081071184542364e-20]]","[[-18.921583678427666, -54.85801027436934], [-Infinity, -29.350169128316423]]"
-,"parked(6, 2)",1.46928982116271e-16,5.2866003783803545e-15,"[[0.9999999999999999, 1.9387979164731452e-16], [0.0, 1.1298967345459158e-19]]","[[0.9999999999999999, 2.1030932049749038e-31], [0.0, 9.925215435797644e-20]]","[[-18.921583678427666, -55.100877015991536], [-Infinity, -28.220771676087303]]"
-,"parked(6, 4)",1.4070471749977087e-16,4.3631487647970065e-15,"[[0.9999999999999999, 1.5949322245399414e-16], [0.0, 1.1233550677241652e-16]]","[[0.9999999999999999, 1.730088058856167e-31], [0.0, 9.867752261925243e-17]]","[[-18.921583678427666, -55.296113923449866], [-Infinity, -21.31882283666452]]"
-,"parked(6, 0)",1.239789814592193e-16,1.9076357464284665e-15,"[[0.9999999999999999, 6.996044363191195e-17], [0.0, 4.572484300110007e-21]]","[[0.9999999999999999, 7.588894766657891e-32], [0.0, 4.016552165152752e-21]]","[[-18.92158367842767, -56.120185360967895], [-Infinity, -31.42801143753536]]"
-,"parked(7, 2)",1.1362844651491341e-16,3.8368999753669887e-16,"[[0.9999999999999999, 1.407012402701963e-17], [0.0, 2.781988254360182e-19]]","[[0.9999999999999999, 1.5262437607838628e-32], [0.0, 2.4437483462132585e-19]]","[[-18.92158367842767, -57.7240616662352], [-Infinity, -27.3197320477986]]"
-,"parked(7, 4)",1.1356800200106316e-16,3.690086564263762e-16,"[[0.9999999999999999, 1.3104726759442614e-17], [0.0, 9.242719476072474e-17]]","[[0.9999999999999999, 1.4215231802482686e-32], [0.0, 8.11897045171381e-17]]","[[-18.92158367842767, -57.79514236586225], [-Infinity, -21.513891575346452]]"
-,"parked(7, 1)",1.127877960986457e-16,2.599349750948648e-16,"[[0.9999999999999999, 9.53268843058863e-18], [0.0, 3.105191069070115e-20]]","[[0.9999999999999999, 1.0340496084286653e-32], [0.0, 2.727655491651772e-20]]","[[-18.92158367842767, -58.11338857259202], [-Infinity, -29.512407762847516]]"
-,"parked(7, 3)",1.1260781698443586e-16,2.331749149322818e-16,"[[0.9999999999999999, 8.531989115947648e-18], [0.0, 4.1970411298373446e-18]]","[[0.9999999999999999, 9.254996708120173e-33], [0.0, 3.686756155046344e-18]]","[[-18.92158367842767, -58.22429282738641], [-Infinity, -24.60593304216229]]"
-,"parked(7, 0)",1.1151005039070235e-16,7.181185673188103e-17,"[[0.9999999999999999, 2.633608311476599e-18], [0.0, 2.8871072488121172e-21]]","[[0.9999999999999999, 2.8567823894236924e-33], [0.0, 2.536086755063442e-21]]","[[-18.92158367842767, -59.39976046488751], [-Infinity, -31.887813056396894]]"
-,"parked(9, 5)",1.1128598581641058e-16,2.6040563783100394e-17,"[[0.9999999999999998, 1.1110348072603397e-20], [0.0, 2.0371059559368575e-16]]","[[0.9999999999999998, 1.2051847868138247e-35], [0.0, 1.7894303842151903e-16]]","[[-18.92158367842767, -64.86799369847458], [-Infinity, -20.723612488725628]]"
-,"parked(8, 4)",1.1125881691313178e-16,3.078724444265357e-17,"[[0.9999999999999999, 8.311047076234534e-19], [0.0, 6.431036988172616e-17]]","[[0.9999999999999999, 9.015331862977748e-34], [0.0, 5.649138158528117e-17]]","[[-18.92158367842767, -60.55311484243115], [-Infinity, -21.876591934610843]]"
-,"parked(8, 3)",1.1119273294730616e-16,2.4825191341443882e-17,"[[0.9999999999999999, 8.906752196628516e-19], [0.0, 4.2649249573061834e-18]]","[[0.9999999999999999, 9.661517512459145e-34], [0.0, 3.746386525825808e-18]]","[[-18.92158367842767, -60.483890782445435], [-Infinity, -24.589888240499576]]"
-,"parked(8, 2)",1.1118499767200037e-16,2.393839268098297e-17,"[[0.9999999999999999, 8.767679171245768e-19], [0.0, 2.474530708277306e-19]]","[[0.9999999999999999, 9.510659327502041e-34], [0.0, 2.1736721269505644e-19]]","[[-18.92158367842767, -60.49962830664903], [-Infinity, -27.43684715405344]]"
-,"parked(8, 1)",1.1110186775061335e-16,1.171342213243065e-17,"[[0.9999999999999999, 4.2949402423471075e-19], [0.0, 1.7909487079767687e-20]]","[[0.9999999999999999, 4.658896918913824e-34], [0.0, 1.5732014455530338e-20]]","[[-18.92158367842767, -61.21326280328196], [-Infinity, -30.062737528365897]]"
-,"parked(9, 4)",1.1107162112447793e-16,5.2047908748537994e-18,"[[0.9999999999999999, 3.901707768187879e-20], [0.0, 3.2774793761552634e-17]]","[[0.9999999999999999, 4.232341609898424e-35], [0.0, 2.8789966286430344e-17]]","[[-18.92158367842767, -63.61187119173957], [-Infinity, -22.550653089207746]]"
-,"parked(8, 0)",1.1104193514593816e-16,2.890476164085702e-18,"[[0.9999999999999999, 1.0599912566862569e-19], [0.0, 1.2823465217354088e-21]]","[[0.9999999999999999, 1.1498157648760496e-34], [0.0, 1.1264361691145755e-21]]","[[-18.92158367842767, -62.61243978563377], [-Infinity, -32.699376485526]]"
-,"parked(9, 3)",1.1103399531907873e-16,1.5941826007807636e-18,"[[0.9999999999999999, 4.905854625881706e-20], [0.0, 2.0300650415012718e-18]]","[[0.9999999999999999, 5.321580676677684e-35], [0.0, 1.7832455187755767e-18]]","[[-18.92158367842767, -63.382856224814766], [-Infinity, -25.33224499359519]]"
-,"parked(9, 2)",1.1103018344433099e-16,1.153734692703968e-18,"[[0.9999999999999999, 4.182480569730976e-20], [0.0, 1.0513767553571806e-19]]","[[0.9999999999999999, 4.5369073235552105e-35], [0.0, 9.23548186490124e-20]]","[[-18.92158367842767, -63.54238103005178], [-Infinity, -28.292797418396603]]"
-,"parked(9, 1)",1.110257173124082e-16,5.024023902320619e-19,"[[0.9999999999999999, 1.8397565607561654e-20], [0.0, 5.933978591984315e-21]]","[[0.9999999999999999, 1.995659005438103e-35], [0.0, 5.212513154179945e-21]]","[[-18.92158367842767, -64.36365227937749], [-Infinity, -31.167373191091205]]"
-,"parked(9, 0)",1.1102307467486106e-16,1.13673172933497e-19,"[[0.9999999999999999, 4.167282340279098e-21], [0.0, 3.361499256819421e-22]]","[[0.9999999999999999, 4.5204211839652153e-36], [0.0, 2.9528011977673896e-22]]","[[-18.92158367842767, -65.84860652491118], [-Infinity, -34.03826611641926]]"
-,"parked(6, 5)",5.055898151413358e-17,4.128350766942791e-15,"[[0.9999999999999997, 1.4617135076100353e-16], [0.0, 2.5030562194653447e-16]]","[[0.9999999999999998, 1.5855802811397377e-31], [0.0, 2.1987294472614703e-16]]","[[-18.921583678427666, -55.38333578343439], [-Infinity, -20.517630167265366]]"
-,"parked(7, 5)",2.4492116877964224e-17,2.9165745992587035e-16,"[[0.9999999999999997, 5.551924821814874e-18], [0.0, 2.3150236967495547e-16]]","[[0.9999999999999998, 6.022399378543924e-33], [0.0, 2.0335583090653095e-16]]","[[-18.92158367842767, -58.653970669947064], [-Infinity, -20.595722716633183]]"
-,"parked(8, 5)",2.3493860700592916e-17,1.4555388076582603e-16,"[[0.9999999999999997, 2.580947128652881e-19], [0.0, 2.1761238602614076e-16]]","[[0.9999999999999998, 2.799658655783601e-34], [0.0, 1.9115462030921047e-16]]","[[-18.92158367842767, -61.722544009618225], [-Infinity, -20.65759739184614]]"
