domain,protocol,order_or_seed,method,rho,baseline,accuracy,violation_f1,unseen_accuracy,precision,recall,map_id,map_is_intended,map_equivalent_on_heldout,P_intended,map_posterior,n_refinements,refinement_points,n_hypotheses,n_hypotheses_generated,posterior_entropy,runtime_s,first_refinement
cart,original,"[0, 1, 2]",full,0.01,min,0.8,0.8,,1.0,0.6666666666666666,A0_any_to_last,False,False,,1.0,0,[],5,5,3.062501185436812e-15,0.6852595806121826,
cart,original,"[0, 1, 2]",full,0.01,median,0.8,0.8,,1.0,0.6666666666666666,A0_any_to_last,False,False,,1.0,0,[],5,5,3.062501185436812e-15,0.767566442489624,
cart,original,"[0, 1, 2]",full,0.025,min,0.8,0.8,,1.0,0.6666666666666666,A0_any_to_last,False,False,,1.0,0,[],5,5,3.062501185436812e-15,0.7168021202087402,
cart,original,"[0, 1, 2]",full,0.025,median,0.8,0.8,,1.0,0.6666666666666666,A0_any_to_last,False,False,,1.0,0,[],5,5,3.062501185436812e-15,0.7177248001098633,
cart,original,"[0, 1, 2]",full,0.05,min,0.8,0.8,,1.0,0.6666666666666666,A0_any_to_last,False,False,,1.0,0,[],5,5,3.062501185436812e-15,0.7610561847686768,
cart,original,"[0, 1, 2]",full,0.05,median,0.8,0.8,,1.0,0.6666666666666666,A0_any_to_last,False,False,,1.0,0,[],5,5,3.062501185436812e-15,0.723456859588623,
cart,original,"[0, 1, 2]",full,0.1,min,0.8,0.8,,1.0,0.6666666666666666,A0_any_to_last,False,False,,1.0,0,[],5,5,3.062501185436812e-15,0.7621595859527588,
cart,original,"[0, 1, 2]",full,0.1,median,0.8,0.8,,1.0,0.6666666666666666,A0_any_to_last,False,False,,1.0,0,[],5,5,3.062501185436812e-15,0.7637505531311035,
cart,original,"[0, 1, 2]",full,0.2,min,0.8,0.8,,1.0,0.6666666666666666,A0_any_to_last,False,False,,1.0,0,[],5,5,3.062501185436812e-15,0.7372729778289795,
cart,original,"[0, 1, 2]",full,0.2,median,0.8,0.8,,1.0,0.6666666666666666,A0_any_to_last,False,False,,1.0,0,[],5,5,3.062501185436812e-15,0.6365046501159668,
cart,original,"[0, 1, 2]",full,0.4,min,0.8,0.8,,1.0,0.6666666666666666,A0_any_to_last,False,False,,1.0,0,[],5,5,3.062501185436812e-15,0.7331678867340088,
cart,original,"[0, 1, 2]",full,0.4,median,0.8,0.8,,1.0,0.6666666666666666,A0_any_to_last,False,False,,1.0,0,[],5,5,3.062501185436812e-15,0.6897478103637695,
cart,original,"[0, 1, 2]",full,0.6,min,0.8,0.8,,1.0,0.6666666666666666,A0_any_to_last,False,False,,1.0,0,[],5,5,3.062501185436812e-15,0.7342190742492676,
cart,original,"[0, 1, 2]",full,0.6,median,0.8,0.8,,1.0,0.6666666666666666,A0_any_to_last,False,False,,1.0,0,[],5,5,3.062501185436812e-15,0.760953426361084,
cart,original,"[0, 1, 2]",full,0.8,min,0.8,0.8,,1.0,0.6666666666666666,A0_any_to_last,False,False,0.152100951894343,0.7544963540160216,1,[3],11,11,0.7204258126404098,1.051356315612793,3
cart,original,"[0, 1, 2]",full,0.8,median,0.8,0.8,,1.0,0.6666666666666666,A0_any_to_last,False,False,0.152100951894343,0.7544963540160216,1,[3],11,11,0.7204258126404098,1.0577778816223145,3
cart,original,"[0, 1, 2]",fixed,,min,0.8,0.8,,1.0,0.6666666666666666,A0_any_to_last,False,False,,1.0,0,[],5,5,3.062501185436812e-15,0.6826097965240479,
cart,original,"[0, 1, 2]",oracle,,min,0.8,0.8,,1.0,0.6666666666666666,A0_any_to_last,False,False,0.152100951894343,0.7544963540160216,0,[],11,11,0.7204258126404098,1.1520004272460938,
cart,original,"[0, 2, 1]",full,0.01,min,0.8,0.8,,1.0,0.6666666666666666,A0_any_to_last,False,False,,1.0,0,[],5,5,3.062501185436812e-15,0.7290685176849365,
cart,original,"[0, 2, 1]",full,0.01,median,0.8,0.8,,1.0,0.6666666666666666,A0_any_to_last,False,False,,1.0,0,[],5,5,3.062501185436812e-15,0.7204883098602295,
cart,original,"[0, 2, 1]",full,0.025,min,0.8,0.8,,1.0,0.6666666666666666,A0_any_to_last,False,False,,1.0,0,[],5,5,3.062501185436812e-15,0.6794764995574951,
cart,original,"[0, 2, 1]",full,0.025,median,0.8,0.8,,1.0,0.6666666666666666,A0_any_to_last,False,False,,1.0,0,[],5,5,3.062501185436812e-15,0.6751673221588135,
cart,original,"[0, 2, 1]",full,0.05,min,0.8,0.8,,1.0,0.6666666666666666,A0_any_to_last,False,False,,1.0,0,[],5,5,3.062501185436812e-15,0.5213496685028076,
cart,original,"[0, 2, 1]",full,0.05,median,0.8,0.8,,1.0,0.6666666666666666,A0_any_to_last,False,False,,1.0,0,[],5,5,3.062501185436812e-15,0.5235409736633301,
cart,original,"[0, 2, 1]",full,0.1,min,0.8,0.8,,1.0,0.6666666666666666,A0_any_to_last,False,False,,1.0,0,[],5,5,3.062501185436812e-15,0.4818737506866455,
cart,original,"[0, 2, 1]",full,0.1,median,0.8,0.8,,1.0,0.6666666666666666,A0_any_to_last,False,False,,1.0,0,[],5,5,3.062501185436812e-15,0.5162918567657471,
cart,original,"[0, 2, 1]",full,0.2,min,0.8,0.8,,1.0,0.6666666666666666,A0_any_to_last,False,False,,1.0,0,[],5,5,3.062501185436812e-15,0.5199434757232666,
cart,original,"[0, 2, 1]",full,0.2,median,0.8,0.8,,1.0,0.6666666666666666,A0_any_to_last,False,False,,1.0,0,[],5,5,3.062501185436812e-15,0.5090885162353516,
cart,original,"[0, 2, 1]",full,0.4,min,0.8,0.8,,1.0,0.6666666666666666,A0_any_to_last,False,False,,1.0,0,[],5,5,3.062501185436812e-15,0.4575378894805908,
cart,original,"[0, 2, 1]",full,0.4,median,0.8,0.8,,1.0,0.6666666666666666,A0_any_to_last,False,False,,1.0,0,[],5,5,3.062501185436812e-15,0.5657370090484619,
cart,original,"[0, 2, 1]",full,0.6,min,0.8,0.8,,1.0,0.6666666666666666,A0_any_to_last,False,False,,1.0,0,[],5,5,3.062501185436812e-15,0.4815254211425781,
cart,original,"[0, 2, 1]",full,0.6,median,0.8,0.8,,1.0,0.6666666666666666,A0_any_to_last,False,False,,1.0,0,[],5,5,3.062501185436812e-15,0.5361542701721191,
cart,original,"[0, 2, 1]",full,0.8,min,0.8,0.8,,1.0,0.6666666666666666,A0_any_to_last,False,False,,1.0,0,[],5,5,3.062501185436812e-15,0.561037540435791,
cart,original,"[0, 2, 1]",full,0.8,median,0.8,0.8,,1.0,0.6666666666666666,A0_any_to_last,False,False,,1.0,0,[],5,5,3.062501185436812e-15,0.5587005615234375,
cart,original,"[0, 2, 1]",fixed,,min,0.8,0.8,,1.0,0.6666666666666666,A0_any_to_last,False,False,,1.0,0,[],5,5,3.062501185436812e-15,0.5310051441192627,
cart,original,"[0, 2, 1]",oracle,,min,0.8,0.8,,1.0,0.6666666666666666,A0_any_to_last,False,False,0.152100951894343,0.7544963540160216,0,[],11,11,0.7204258126404098,0.9578690528869629,
cart,original,"[1, 0, 2]",full,0.01,min,0.8,0.8,,1.0,0.6666666666666666,A0_any_to_last,False,False,,1.0,0,[],5,5,3.062501185436812e-15,0.5297102928161621,
cart,original,"[1, 0, 2]",full,0.01,median,0.8,0.8,,1.0,0.6666666666666666,A0_any_to_last,False,False,,1.0,0,[],5,5,3.062501185436812e-15,0.5381107330322266,
cart,original,"[1, 0, 2]",full,0.025,min,0.8,0.8,,1.0,0.6666666666666666,A0_any_to_last,False,False,,1.0,0,[],5,5,3.062501185436812e-15,0.44995665550231934,
cart,original,"[1, 0, 2]",full,0.025,median,0.8,0.8,,1.0,0.6666666666666666,A0_any_to_last,False,False,,1.0,0,[],5,5,3.062501185436812e-15,0.524155855178833,
cart,original,"[1, 0, 2]",full,0.05,min,0.8,0.8,,1.0,0.6666666666666666,A0_any_to_last,False,False,,1.0,0,[],5,5,3.062501185436812e-15,0.5374681949615479,
cart,original,"[1, 0, 2]",full,0.05,median,0.8,0.8,,1.0,0.6666666666666666,A0_any_to_last,False,False,,1.0,0,[],5,5,3.062501185436812e-15,0.5229716300964355,
cart,original,"[1, 0, 2]",full,0.1,min,0.8,0.8,,1.0,0.6666666666666666,A0_any_to_last,False,False,,1.0,0,[],5,5,3.062501185436812e-15,0.5188608169555664,
cart,original,"[1, 0, 2]",full,0.1,median,0.8,0.8,,1.0,0.6666666666666666,A0_any_to_last,False,False,,1.0,0,[],5,5,3.062501185436812e-15,0.48457884788513184,
cart,original,"[1, 0, 2]",full,0.2,min,0.8,0.8,,1.0,0.6666666666666666,A0_any_to_last,False,False,,1.0,0,[],5,5,3.062501185436812e-15,0.5227892398834229,
cart,original,"[1, 0, 2]",full,0.2,median,0.8,0.8,,1.0,0.6666666666666666,A0_any_to_last,False,False,,1.0,0,[],5,5,3.062501185436812e-15,0.4889669418334961,
cart,original,"[1, 0, 2]",full,0.4,min,0.8,0.8,,1.0,0.6666666666666666,A0_any_to_last,False,False,,1.0,0,[],5,5,3.062501185436812e-15,0.5182802677154541,
cart,original,"[1, 0, 2]",full,0.4,median,0.8,0.8,,1.0,0.6666666666666666,A0_any_to_last,False,False,,1.0,0,[],5,5,3.062501185436812e-15,0.42895936965942383,
cart,original,"[1, 0, 2]",full,0.6,min,0.8,0.8,,1.0,0.6666666666666666,A0_any_to_last,False,False,0.152100951894343,0.7544963540160216,1,[3],11,11,0.7204258126404098,0.8740730285644531,3
cart,original,"[1, 0, 2]",full,0.6,median,0.8,0.8,,1.0,0.6666666666666666,A0_any_to_last,False,False,0.152100951894343,0.7544963540160216,1,[3],11,11,0.7204258126404098,0.8643534183502197,3
cart,original,"[1, 0, 2]",full,0.8,min,0.8,0.8,,1.0,0.6666666666666666,A0_any_to_last,False,False,0.152100951894343,0.7544963540160216,1,[3],11,11,0.7204258126404098,0.814781904220581,3
cart,original,"[1, 0, 2]",full,0.8,median,0.8,0.8,,1.0,0.6666666666666666,A0_any_to_last,False,False,0.152100951894343,0.7544963540160216,1,[3],11,11,0.7204258126404098,0.8590888977050781,3
cart,original,"[1, 0, 2]",fixed,,min,0.8,0.8,,1.0,0.6666666666666666,A0_any_to_last,False,False,,1.0,0,[],5,5,3.062501185436812e-15,0.49417662620544434,
cart,original,"[1, 0, 2]",oracle,,min,0.8,0.8,,1.0,0.6666666666666666,A0_any_to_last,False,False,0.152100951894343,0.7544963540160216,0,[],11,11,0.7204258126404098,0.9648575782775879,
cart,original,"[1, 2, 0]",full,0.01,min,0.8,0.8,,1.0,0.6666666666666666,A0_any_to_last,False,False,,1.0,0,[],5,5,3.062501185436812e-15,0.40255188941955566,
cart,original,"[1, 2, 0]",full,0.01,median,0.8,0.8,,1.0,0.6666666666666666,A0_any_to_last,False,False,,1.0,0,[],5,5,3.062501185436812e-15,0.5364384651184082,
cart,original,"[1, 2, 0]",full,0.025,min,0.8,0.8,,1.0,0.6666666666666666,A0_any_to_last,False,False,,1.0,0,[],5,5,3.062501185436812e-15,0.5352356433868408,
cart,original,"[1, 2, 0]",full,0.025,median,0.8,0.8,,1.0,0.6666666666666666,A0_any_to_last,False,False,,1.0,0,[],5,5,3.062501185436812e-15,0.5414543151855469,
cart,original,"[1, 2, 0]",full,0.05,min,0.8,0.8,,1.0,0.6666666666666666,A0_any_to_last,False,False,,1.0,0,[],5,5,3.062501185436812e-15,0.4920949935913086,
cart,original,"[1, 2, 0]",full,0.05,median,0.8,0.8,,1.0,0.6666666666666666,A0_any_to_last,False,False,,1.0,0,[],5,5,3.062501185436812e-15,0.5390703678131104,
cart,original,"[1, 2, 0]",full,0.1,min,0.8,0.8,,1.0,0.6666666666666666,A0_any_to_last,False,False,,1.0,0,[],5,5,3.062501185436812e-15,0.5349490642547607,
cart,original,"[1, 2, 0]",full,0.1,median,0.8,0.8,,1.0,0.6666666666666666,A0_any_to_last,False,False,,1.0,0,[],5,5,3.062501185436812e-15,0.5407309532165527,
cart,original,"[1, 2, 0]",full,0.2,min,0.8,0.8,,1.0,0.6666666666666666,A0_any_to_last,False,False,,1.0,0,[],5,5,3.062501185436812e-15,0.5185198783874512,
cart,original,"[1, 2, 0]",full,0.2,median,0.8,0.8,,1.0,0.6666666666666666,A0_any_to_last,False,False,,1.0,0,[],5,5,3.062501185436812e-15,0.5185337066650391,
cart,original,"[1, 2, 0]",full,0.4,min,0.8,0.8,,1.0,0.6666666666666666,A0_any_to_last,False,False,,1.0,0,[],5,5,3.062501185436812e-15,0.4923670291900635,
cart,original,"[1, 2, 0]",full,0.4,median,0.8,0.8,,1.0,0.6666666666666666,A0_any_to_last,False,False,,1.0,0,[],5,5,3.062501185436812e-15,0.4358201026916504,
cart,original,"[1, 2, 0]",full,0.6,min,0.8,0.8,,1.0,0.6666666666666666,A0_any_to_last,False,False,,1.0,0,[],5,5,3.062501185436812e-15,0.43192625045776367,
cart,original,"[1, 2, 0]",full,0.6,median,0.8,0.8,,1.0,0.6666666666666666,A0_any_to_last,False,False,,1.0,0,[],5,5,3.062501185436812e-15,0.5193171501159668,
cart,original,"[1, 2, 0]",full,0.8,min,0.8,0.8,,1.0,0.6666666666666666,A0_any_to_last,False,False,,1.0,0,[],5,5,3.062501185436812e-15,0.5211198329925537,
cart,original,"[1, 2, 0]",full,0.8,median,0.8,0.8,,1.0,0.6666666666666666,A0_any_to_last,False,False,,1.0,0,[],5,5,3.062501185436812e-15,0.5599620342254639,
cart,original,"[1, 2, 0]",fixed,,min,0.8,0.8,,1.0,0.6666666666666666,A0_any_to_last,False,False,,1.0,0,[],5,5,3.062501185436812e-15,0.4957749843597412,
cart,original,"[1, 2, 0]",oracle,,min,0.8,0.8,,1.0,0.6666666666666666,A0_any_to_last,False,False,0.152100951894343,0.7544963540160216,0,[],11,11,0.7204258126404098,0.8961930274963379,
cart,original,"[2, 0, 1]",full,0.01,min,0.8,0.8,,1.0,0.6666666666666666,A0_any_to_last,False,False,,1.0,0,[],5,5,3.062501185436812e-15,0.5169408321380615,
cart,original,"[2, 0, 1]",full,0.01,median,0.8,0.8,,1.0,0.6666666666666666,A0_any_to_last,False,False,,1.0,0,[],5,5,3.062501185436812e-15,0.5346858501434326,
cart,original,"[2, 0, 1]",full,0.025,min,0.8,0.8,,1.0,0.6666666666666666,A0_any_to_last,False,False,,1.0,0,[],5,5,3.062501185436812e-15,0.5334024429321289,
cart,original,"[2, 0, 1]",full,0.025,median,0.8,0.8,,1.0,0.6666666666666666,A0_any_to_last,False,False,,1.0,0,[],5,5,3.062501185436812e-15,0.5596663951873779,
cart,original,"[2, 0, 1]",full,0.05,min,0.8,0.8,,1.0,0.6666666666666666,A0_any_to_last,False,False,,1.0,0,[],5,5,3.062501185436812e-15,0.5561783313751221,
cart,original,"[2, 0, 1]",full,0.05,median,0.8,0.8,,1.0,0.6666666666666666,A0_any_to_last,False,False,,1.0,0,[],5,5,3.062501185436812e-15,0.5576903820037842,
cart,original,"[2, 0, 1]",full,0.1,min,0.8,0.8,,1.0,0.6666666666666666,A0_any_to_last,False,False,,1.0,0,[],5,5,3.062501185436812e-15,0.5328006744384766,
cart,original,"[2, 0, 1]",full,0.1,median,0.8,0.8,,1.0,0.6666666666666666,A0_any_to_last,False,False,,1.0,0,[],5,5,3.062501185436812e-15,0.517669677734375,
cart,original,"[2, 0, 1]",full,0.2,min,0.8,0.8,,1.0,0.6666666666666666,A0_any_to_last,False,False,,1.0,0,[],5,5,3.062501185436812e-15,0.4876880645751953,
cart,original,"[2, 0, 1]",full,0.2,median,0.8,0.8,,1.0,0.6666666666666666,A0_any_to_last,False,False,,1.0,0,[],5,5,3.062501185436812e-15,0.5188839435577393,
cart,original,"[2, 0, 1]",full,0.4,min,0.8,0.8,,1.0,0.6666666666666666,A0_any_to_last,False,False,,1.0,0,[],5,5,3.062501185436812e-15,0.466235876083374,
cart,original,"[2, 0, 1]",full,0.4,median,0.8,0.8,,1.0,0.6666666666666666,A0_any_to_last,False,False,,1.0,0,[],5,5,3.062501185436812e-15,0.5598890781402588,
cart,original,"[2, 0, 1]",full,0.6,min,0.8,0.8,,1.0,0.6666666666666666,A0_any_to_last,False,False,,1.0,0,[],5,5,3.062501185436812e-15,0.4932880401611328,
cart,original,"[2, 0, 1]",full,0.6,median,0.8,0.8,,1.0,0.6666666666666666,A0_any_to_last,False,False,,1.0,0,[],5,5,3.062501185436812e-15,0.5295193195343018,
cart,original,"[2, 0, 1]",full,0.8,min,0.8,0.8,,1.0,0.6666666666666666,A0_any_to_last,False,False,,1.0,0,[],5,5,3.062501185436812e-15,0.44895339012145996,
cart,original,"[2, 0, 1]",full,0.8,median,0.8,0.8,,1.0,0.6666666666666666,A0_any_to_last,False,False,,1.0,0,[],5,5,3.062501185436812e-15,0.5174603462219238,
cart,original,"[2, 0, 1]",fixed,,min,0.8,0.8,,1.0,0.6666666666666666,A0_any_to_last,False,False,,1.0,0,[],5,5,3.062501185436812e-15,0.4918820858001709,
cart,original,"[2, 0, 1]",oracle,,min,0.8,0.8,,1.0,0.6666666666666666,A0_any_to_last,False,False,0.152100951894343,0.7544963540160216,0,[],11,11,0.7204258126404098,0.9684605598449707,
cart,original,"[2, 1, 0]",full,0.01,min,0.8,0.8,,1.0,0.6666666666666666,A0_any_to_last,False,False,,1.0,0,[],5,5,3.062501185436812e-15,0.42441725730895996,
cart,original,"[2, 1, 0]",full,0.01,median,0.8,0.8,,1.0,0.6666666666666666,A0_any_to_last,False,False,,1.0,0,[],5,5,3.062501185436812e-15,0.4525411128997803,
cart,original,"[2, 1, 0]",full,0.025,min,0.8,0.8,,1.0,0.6666666666666666,A0_any_to_last,False,False,,1.0,0,[],5,5,3.062501185436812e-15,0.5386991500854492,
cart,original,"[2, 1, 0]",full,0.025,median,0.8,0.8,,1.0,0.6666666666666666,A0_any_to_last,False,False,,1.0,0,[],5,5,3.062501185436812e-15,0.5179939270019531,
cart,original,"[2, 1, 0]",full,0.05,min,0.8,0.8,,1.0,0.6666666666666666,A0_any_to_last,False,False,,1.0,0,[],5,5,3.062501185436812e-15,0.5717742443084717,
cart,original,"[2, 1, 0]",full,0.05,median,0.8,0.8,,1.0,0.6666666666666666,A0_any_to_last,False,False,,1.0,0,[],5,5,3.062501185436812e-15,0.5803792476654053,
cart,original,"[2, 1, 0]",full,0.1,min,0.8,0.8,,1.0,0.6666666666666666,A0_any_to_last,False,False,,1.0,0,[],5,5,3.062501185436812e-15,0.484821081161499,
cart,original,"[2, 1, 0]",full,0.1,median,0.8,0.8,,1.0,0.6666666666666666,A0_any_to_last,False,False,,1.0,0,[],5,5,3.062501185436812e-15,0.5353519916534424,
cart,original,"[2, 1, 0]",full,0.2,min,0.8,0.8,,1.0,0.6666666666666666,A0_any_to_last,False,False,,1.0,0,[],5,5,3.062501185436812e-15,0.5351617336273193,
cart,original,"[2, 1, 0]",full,0.2,median,0.8,0.8,,1.0,0.6666666666666666,A0_any_to_last,False,False,,1.0,0,[],5,5,3.062501185436812e-15,0.5365965366363525,
cart,original,"[2, 1, 0]",full,0.4,min,0.8,0.8,,1.0,0.6666666666666666,A0_any_to_last,False,False,,1.0,0,[],5,5,3.062501185436812e-15,0.44579601287841797,
cart,original,"[2, 1, 0]",full,0.4,median,0.8,0.8,,1.0,0.6666666666666666,A0_any_to_last,False,False,,1.0,0,[],5,5,3.062501185436812e-15,0.4874093532562256,
cart,original,"[2, 1, 0]",full,0.6,min,0.8,0.8,,1.0,0.6666666666666666,A0_any_to_last,False,False,,1.0,0,[],5,5,3.062501185436812e-15,0.4779198169708252,
cart,original,"[2, 1, 0]",full,0.6,median,0.8,0.8,,1.0,0.6666666666666666,A0_any_to_last,False,False,,1.0,0,[],5,5,3.062501185436812e-15,0.4883568286895752,
cart,original,"[2, 1, 0]",full,0.8,min,0.8,0.8,,1.0,0.6666666666666666,A0_any_to_last,False,False,,1.0,0,[],5,5,3.062501185436812e-15,0.5278804302215576,
cart,original,"[2, 1, 0]",full,0.8,median,0.8,0.8,,1.0,0.6666666666666666,A0_any_to_last,False,False,,1.0,0,[],5,5,3.062501185436812e-15,0.5125446319580078,
cart,original,"[2, 1, 0]",fixed,,min,0.8,0.8,,1.0,0.6666666666666666,A0_any_to_last,False,False,,1.0,0,[],5,5,3.062501185436812e-15,0.6327624320983887,
cart,original,"[2, 1, 0]",oracle,,min,0.8,0.8,,1.0,0.6666666666666666,A0_any_to_last,False,False,0.152100951894343,0.7544963540160216,0,[],11,11,0.7204258126404098,0.9539108276367188,
cart,pool,0,full,0.01,min,0.8,0.8,,1.0,0.6666666666666666,A0_any_to_last,False,False,,0.9999999999999991,0,[],5,5,8.881784197001248e-16,2.944779396057129,
cart,pool,0,full,0.01,median,0.8,0.8,,1.0,0.6666666666666666,A0_any_to_last,False,False,,0.9999999999999991,0,[],5,5,8.881784197001248e-16,3.417881727218628,
cart,pool,0,full,0.025,min,0.8,0.8,,1.0,0.6666666666666666,A0_any_to_last,False,False,,0.9999999999999991,0,[],5,5,8.881784197001248e-16,2.779559850692749,
cart,pool,0,full,0.025,median,0.8,0.8,,1.0,0.6666666666666666,A0_any_to_last,False,False,,0.9999999999999991,0,[],5,5,8.881784197001248e-16,3.5639889240264893,
cart,pool,0,full,0.05,min,0.8,0.8,,1.0,0.6666666666666666,A0_any_to_last,False,False,,0.9999999999999991,0,[],5,5,8.881784197001248e-16,3.0263965129852295,
cart,pool,0,full,0.05,median,0.8,0.8,,1.0,0.6666666666666666,A0_any_to_last,False,False,,0.9999999999999991,0,[],5,5,8.881784197001248e-16,3.1339879035949707,
cart,pool,0,full,0.1,min,0.8,0.8,,1.0,0.6666666666666666,A0_any_to_last,False,False,,0.9999999999999991,0,[],5,5,8.881784197001248e-16,2.8342249393463135,
cart,pool,0,full,0.1,median,1.0,1.0,,1.0,1.0,H_int,True,True,0.6639740393624711,0.6639740393624711,1,[4],11,11,0.6404502593741929,5.23831844329834,4
cart,pool,0,full,0.2,min,0.8,0.8,,1.0,0.6666666666666666,A0_any_to_last,False,False,,0.9999999999999991,0,[],5,5,8.881784197001248e-16,3.3513386249542236,
cart,pool,0,full,0.2,median,1.0,1.0,,1.0,1.0,H_int,True,True,0.6639740393624711,0.6639740393624711,2,"[4, 5]",11,17,0.6404502593741929,5.646581172943115,4
cart,pool,0,full,0.4,min,0.8,0.8,,1.0,0.6666666666666666,A0_any_to_last,False,False,,0.9999999999999991,0,[],5,5,8.881784197001248e-16,3.0337328910827637,
cart,pool,0,full,0.4,median,1.0,1.0,,1.0,1.0,H_int,True,True,0.6639740393624711,0.6639740393624711,15,"[4, 5, 7, 8, 9, 10, 11, 12, 13, 14, 15, 17, 18, 19, 20]",11,95,0.6404502593741929,5.941224813461304,4
cart,pool,0,full,0.6,min,1.0,1.0,,1.0,1.0,H_int,True,True,0.6639740393624711,0.6639740393624711,1,[4],11,11,0.6404502593741929,5.799447774887085,4
cart,pool,0,full,0.6,median,1.0,1.0,,1.0,1.0,H_int,True,True,0.6639740393624711,0.6639740393624711,15,"[4, 5, 7, 8, 9, 10, 11, 12, 13, 14, 15, 17, 18, 19, 20]",11,95,0.6404502593741929,4.901274919509888,4
cart,pool,0,full,0.8,min,1.0,1.0,,1.0,1.0,H_int,True,True,0.6639740393624711,0.6639740393624711,3,"[4, 11, 13]",11,23,0.6404502593741929,5.043654203414917,4
cart,pool,0,full,0.8,median,1.0,1.0,,1.0,1.0,H_int,True,True,0.6639740393624711,0.6639740393624711,15,"[4, 5, 7, 8, 9, 10, 11, 12, 13, 14, 15, 17, 18, 19, 20]",11,95,0.6404502593741929,5.429504871368408,4
cart,pool,0,fixed,,min,0.8,0.8,,1.0,0.6666666666666666,A0_any_to_last,False,False,,0.9999999999999991,0,[],5,5,8.881784197001248e-16,3.0336503982543945,
cart,pool,0,oracle,,min,1.0,1.0,,1.0,1.0,H_int,True,True,0.6639740393624711,0.6639740393624711,0,[],11,11,0.6404502593741929,5.138644695281982,
cart,pool,1,full,0.01,min,0.8,0.8,,1.0,0.6666666666666666,A0_any_to_last,False,False,,0.9999999999999938,0,[],5,5,6.217248937900858e-15,3.071380853652954,
cart,pool,1,full,0.01,median,0.8,0.8,,1.0,0.6666666666666666,A0_any_to_last,False,False,,0.9999999999999938,0,[],5,5,6.217248937900858e-15,2.7909953594207764,
cart,pool,1,full,0.025,min,1.0,1.0,,1.0,1.0,H_int,True,True,0.6639886834733068,0.6639886834733068,3,"[3, 4, 5]",11,23,0.6404399323905443,6.226397514343262,3
cart,pool,1,full,0.025,median,1.0,1.0,,1.0,1.0,H_int,True,True,0.6639886834733068,0.6639886834733068,3,"[3, 4, 5]",11,23,0.6404399323905443,5.372155427932739,3
cart,pool,1,full,0.05,min,1.0,1.0,,1.0,1.0,H_int,True,True,0.6639886834733068,0.6639886834733068,6,"[3, 4, 5, 6, 7, 8]",11,41,0.6404399323905443,6.716858148574829,3
cart,pool,1,full,0.05,median,1.0,1.0,,1.0,1.0,H_int,True,True,0.6639886834733068,0.6639886834733068,6,"[3, 4, 5, 6, 7, 8]",11,41,0.6404399323905443,7.63051700592041,3
cart,pool,1,full,0.1,min,1.0,1.0,,1.0,1.0,H_int,True,True,0.6639886834733068,0.6639886834733068,6,"[3, 4, 5, 6, 7, 8]",11,41,0.6404399323905443,7.001041889190674,3
cart,pool,1,full,0.1,median,1.0,1.0,,1.0,1.0,H_int,True,True,0.6639886834733068,0.6639886834733068,12,"[3, 4, 5, 6, 7, 8, 10, 11, 12, 13, 14, 16]",11,77,0.6404399323905443,7.660243511199951,3
cart,pool,1,full,0.2,min,1.0,1.0,,1.0,1.0,H_int,True,True,0.6639886834733068,0.6639886834733068,18,"[3, 4, 5, 6, 7, 8, 9, 10, 11, 12, 13, 14, 15, 16, 17, 18, 19, 20]",11,113,0.6404399323905443,8.575445175170898,3
cart,pool,1,full,0.2,median,1.0,1.0,,1.0,1.0,H_int,True,True,0.6639886834733068,0.6639886834733068,18,"[3, 4, 5, 6, 7, 8, 9, 10, 11, 12, 13, 14, 15, 16, 17, 18, 19, 20]",11,113,0.6404399323905443,7.380874395370483,3
cart,pool,1,full,0.4,min,1.0,1.0,,1.0,1.0,H_int,True,True,0.6639886834733068,0.6639886834733068,18,"[3, 4, 5, 6, 7, 8, 9, 10, 11, 12, 13, 14, 15, 16, 17, 18, 19, 20]",11,113,0.6404399323905443,7.297875881195068,3
cart,pool,1,full,0.4,median,1.0,1.0,,1.0,1.0,H_int,True,True,0.6639886834733068,0.6639886834733068,18,"[3, 4, 5, 6, 7, 8, 9, 10, 11, 12, 13, 14, 15, 16, 17, 18, 19, 20]",11,113,0.6404399323905443,5.6243369579315186,3
cart,pool,1,full,0.6,min,1.0,1.0,,1.0,1.0,H_int,True,True,0.6639886834733068,0.6639886834733068,18,"[3, 4, 5, 6, 7, 8, 9, 10, 11, 12, 13, 14, 15, 16, 17, 18, 19, 20]",11,113,0.6404399323905443,12.276782035827637,3
cart,pool,1,full,0.6,median,1.0,1.0,,1.0,1.0,H_int,True,True,0.6639886834733068,0.6639886834733068,18,"[3, 4, 5, 6, 7, 8, 9, 10, 11, 12, 13, 14, 15, 16, 17, 18, 19, 20]",11,113,0.6404399323905443,5.709277868270874,3
cart,pool,1,full,0.8,min,1.0,1.0,,1.0,1.0,H_int,True,True,0.6639886834733068,0.6639886834733068,18,"[3, 4, 5, 6, 7, 8, 9, 10, 11, 12, 13, 14, 15, 16, 17, 18, 19, 20]",11,113,0.6404399323905443,6.908103942871094,3
cart,pool,1,full,0.8,median,1.0,1.0,,1.0,1.0,H_int,True,True,0.6639886834733068,0.6639886834733068,18,"[3, 4, 5, 6, 7, 8, 9, 10, 11, 12, 13, 14, 15, 16, 17, 18, 19, 20]",11,113,0.6404399323905443,7.876832723617554,3
cart,pool,1,fixed,,min,0.8,0.8,,1.0,0.6666666666666666,A0_any_to_last,False,False,,0.9999999999999938,0,[],5,5,6.217248937900858e-15,4.116550922393799,
cart,pool,1,oracle,,min,1.0,1.0,,1.0,1.0,H_int,True,True,0.6639886834733068,0.6639886834733068,0,[],11,11,0.6404399323905443,7.078060626983643,
cart,pool,2,full,0.01,min,0.8,0.8,,1.0,0.6666666666666666,A0_any_to_last,False,False,,0.9999999999999871,0,[],5,5,1.2878587085651734e-14,5.030608892440796,
cart,pool,2,full,0.01,median,0.8,0.8,,1.0,0.6666666666666666,A0_any_to_last,False,False,,0.9999999999999871,0,[],5,5,1.2878587085651734e-14,5.329085350036621,
cart,pool,2,full,0.025,min,0.8,0.8,,1.0,0.6666666666666666,A0_any_to_last,False,False,,0.9999999999999871,0,[],5,5,1.2878587085651734e-14,3.343803882598877,
cart,pool,2,full,0.025,median,0.8,0.8,,1.0,0.6666666666666666,A0_any_to_last,False,False,,0.9999999999999871,0,[],5,5,1.2878587085651734e-14,4.5047221183776855,
cart,pool,2,full,0.05,min,0.8,0.8,,1.0,0.6666666666666666,A0_any_to_last,False,False,,0.9999999999999871,0,[],5,5,1.2878587085651734e-14,5.219265937805176,
cart,pool,2,full,0.05,median,0.8,0.8,,1.0,0.6666666666666666,A0_any_to_last,False,False,,0.9999999999999871,0,[],5,5,1.2878587085651734e-14,5.620477199554443,
cart,pool,2,full,0.1,min,0.8,0.8,,1.0,0.6666666666666666,A0_any_to_last,False,False,,0.9999999999999871,0,[],5,5,1.2878587085651734e-14,3.3048486709594727,
cart,pool,2,full,0.1,median,0.8,0.8,,1.0,0.6666666666666666,A0_any_to_last,False,False,,0.9999999999999871,0,[],5,5,1.2878587085651734e-14,4.317681312561035,
cart,pool,2,full,0.2,min,0.8,0.8,,1.0,0.6666666666666666,A0_any_to_last,False,False,,0.9999999999999871,0,[],5,5,1.2878587085651734e-14,7.383356332778931,
cart,pool,2,full,0.2,median,0.8,0.8,,1.0,0.6666666666666666,A0_any_to_last,False,False,,0.9999999999999871,0,[],5,5,1.2878587085651734e-14,3.827833414077759,
cart,pool,2,full,0.4,min,0.8,0.8,,1.0,0.6666666666666666,A0_any_to_last,False,False,,0.9999999999999871,0,[],5,5,1.2878587085651734e-14,7.545517921447754,
cart,pool,2,full,0.4,median,1.0,1.0,,1.0,1.0,H_int,True,True,0.6639994317835564,0.6639994317835564,1,[18],11,11,0.6404323504448319,4.909255743026733,18
cart,pool,2,full,0.6,min,0.8,0.8,,1.0,0.6666666666666666,A0_any_to_last,False,False,,0.9999999999999871,0,[],5,5,1.2878587085651734e-14,2.505415678024292,
cart,pool,2,full,0.6,median,1.0,1.0,,1.0,1.0,H_int,True,True,0.6639994317835564,0.6639994317835564,10,"[6, 7, 8, 9, 12, 14, 15, 16, 18, 20]",11,65,0.6404323504448319,4.992603778839111,6
cart,pool,2,full,0.8,min,1.0,1.0,,1.0,1.0,H_int,True,True,0.6639994317835564,0.6639994317835564,5,"[7, 8, 12, 14, 18]",11,35,0.6404323504448319,6.7103188037872314,7
cart,pool,2,full,0.8,median,1.0,1.0,,1.0,1.0,H_int,True,True,0.6639994317835564,0.6639994317835564,11,"[6, 7, 8, 9, 11, 12, 14, 15, 16, 18, 20]",11,71,0.6404323504448319,6.635537147521973,6
cart,pool,2,fixed,,min,0.8,0.8,,1.0,0.6666666666666666,A0_any_to_last,False,False,,0.9999999999999871,0,[],5,5,1.2878587085651734e-14,3.616262674331665,
cart,pool,2,oracle,,min,1.0,1.0,,1.0,1.0,H_int,True,True,0.6639994317835564,0.6639994317835564,0,[],11,11,0.6404323504448319,4.839317560195923,
cart,pool,3,full,0.01,min,0.8,0.8,,1.0,0.6666666666666666,A0_any_to_last,False,False,,0.9999999999999938,0,[],5,5,6.217248937900858e-15,2.6866414546966553,
cart,pool,3,full,0.01,median,0.8,0.8,,1.0,0.6666666666666666,A0_any_to_last,False,False,,0.9999999999999938,0,[],5,5,6.217248937900858e-15,2.7276344299316406,
cart,pool,3,full,0.025,min,0.8,0.8,,1.0,0.6666666666666666,A0_any_to_last,False,False,,0.9999999999999938,0,[],5,5,6.217248937900858e-15,2.25667667388916,
cart,pool,3,full,0.025,median,0.8,0.8,,1.0,0.6666666666666666,A0_any_to_last,False,False,,0.9999999999999938,0,[],5,5,6.217248937900858e-15,2.8211100101470947,
cart,pool,3,full,0.05,min,0.8,0.8,,1.0,0.6666666666666666,A0_any_to_last,False,False,,0.9999999999999938,0,[],5,5,6.217248937900858e-15,2.785698413848877,
cart,pool,3,full,0.05,median,0.8,0.8,,1.0,0.6666666666666666,A0_any_to_last,False,False,,0.9999999999999938,0,[],5,5,6.217248937900858e-15,2.799668788909912,
cart,pool,3,full,0.1,min,0.8,0.8,,1.0,0.6666666666666666,A0_any_to_last,False,False,,0.9999999999999938,0,[],5,5,6.217248937900858e-15,3.5065157413482666,
cart,pool,3,full,0.1,median,0.8,0.8,,1.0,0.6666666666666666,A0_any_to_last,False,False,,0.9999999999999938,0,[],5,5,6.217248937900858e-15,3.561610698699951,
cart,pool,3,full,0.2,min,0.8,0.8,,1.0,0.6666666666666666,A0_any_to_last,False,False,,0.9999999999999938,0,[],5,5,6.217248937900858e-15,3.503946304321289,
cart,pool,3,full,0.2,median,1.0,1.0,,1.0,1.0,H_int,True,True,0.6640139660377685,0.6640139660377685,7,"[8, 9, 12, 14, 15, 16, 18]",11,47,0.6404220987237899,6.615708827972412,8
cart,pool,3,full,0.4,min,0.8,0.8,,1.0,0.6666666666666666,A0_any_to_last,False,False,,0.9999999999999938,0,[],5,5,6.217248937900858e-15,4.038094997406006,
cart,pool,3,full,0.4,median,1.0,1.0,,1.0,1.0,H_int,True,True,0.6640139660377685,0.6640139660377685,12,"[4, 5, 8, 9, 10, 12, 14, 15, 16, 18, 19, 20]",11,77,0.6404220987237899,4.551837682723999,4
cart,pool,3,full,0.6,min,0.8,0.8,,1.0,0.6666666666666666,A0_any_to_last,False,False,,0.9999999999999938,0,[],5,5,6.217248937900858e-15,2.786508798599243,
cart,pool,3,full,0.6,median,1.0,1.0,,1.0,1.0,H_int,True,True,0.6640139660377685,0.6640139660377685,13,"[4, 5, 8, 9, 10, 12, 14, 15, 16, 17, 18, 19, 20]",11,83,0.6404220987237899,6.768593072891235,4
cart,pool,3,full,0.8,min,0.8,0.8,,1.0,0.6666666666666666,A0_any_to_last,False,False,,0.9999999999999938,0,[],5,5,6.217248937900858e-15,2.645695686340332,
cart,pool,3,full,0.8,median,1.0,1.0,,1.0,1.0,H_int,True,True,0.6640139660377685,0.6640139660377685,13,"[4, 5, 8, 9, 10, 12, 14, 15, 16, 17, 18, 19, 20]",11,83,0.6404220987237899,4.978379964828491,4
cart,pool,3,fixed,,min,0.8,0.8,,1.0,0.6666666666666666,A0_any_to_last,False,False,,0.9999999999999938,0,[],5,5,6.217248937900858e-15,2.7826244831085205,
cart,pool,3,oracle,,min,1.0,1.0,,1.0,1.0,H_int,True,True,0.6640139660377685,0.6640139660377685,0,[],11,11,0.6404220987237899,5.427564382553101,
cart,pool,4,full,0.01,min,0.8,0.8,,1.0,0.6666666666666666,A0_any_to_last,False,False,,0.9999999999999889,0,[],5,5,1.1102230246251504e-14,2.687008857727051,
cart,pool,4,full,0.01,median,0.8,0.8,,1.0,0.6666666666666666,A0_any_to_last,False,False,,0.9999999999999889,0,[],5,5,1.1102230246251504e-14,2.6369788646698,
cart,pool,4,full,0.025,min,0.8,0.8,,1.0,0.6666666666666666,A0_any_to_last,False,False,,0.9999999999999889,0,[],5,5,1.1102230246251504e-14,3.912041187286377,
cart,pool,4,full,0.025,median,0.8,0.8,,1.0,0.6666666666666666,A0_any_to_last,False,False,,0.9999999999999889,0,[],5,5,1.1102230246251504e-14,2.8397462368011475,
cart,pool,4,full,0.05,min,0.8,0.8,,1.0,0.6666666666666666,A0_any_to_last,False,False,,0.9999999999999889,0,[],5,5,1.1102230246251504e-14,2.7772605419158936,
cart,pool,4,full,0.05,median,0.8,0.8,,1.0,0.6666666666666666,A0_any_to_last,False,False,,0.9999999999999889,0,[],5,5,1.1102230246251504e-14,2.78584623336792,
cart,pool,4,full,0.1,min,0.8,0.8,,1.0,0.6666666666666666,A0_any_to_last,False,False,,0.9999999999999889,0,[],5,5,1.1102230246251504e-14,3.790060043334961,
cart,pool,4,full,0.1,median,0.8,0.8,,1.0,0.6666666666666666,A0_any_to_last,False,False,,0.9999999999999889,0,[],5,5,1.1102230246251504e-14,3.9455506801605225,
cart,pool,4,full,0.2,min,0.8,0.8,,1.0,0.6666666666666666,A0_any_to_last,False,False,,0.9999999999999889,0,[],5,5,1.1102230246251504e-14,2.7368242740631104,
cart,pool,4,full,0.2,median,0.8,0.8,,1.0,0.6666666666666666,A0_any_to_last,False,False,,0.9999999999999889,0,[],5,5,1.1102230246251504e-14,3.255824327468872,
cart,pool,4,full,0.4,min,1.0,1.0,,1.0,1.0,H_int,True,True,0.6640104149506069,0.6640104149506069,1,[3],11,11,0.6404246024217075,6.015178203582764,3
cart,pool,4,full,0.4,median,1.0,1.0,,1.0,1.0,H_int,True,True,0.6640104149506069,0.6640104149506069,8,"[3, 5, 9, 14, 16, 18, 19, 20]",11,53,0.6404246024217075,5.370144367218018,3
cart,pool,4,full,0.6,min,1.0,1.0,,1.0,1.0,H_int,True,True,0.6640104149506069,0.6640104149506069,12,"[3, 4, 5, 7, 8, 9, 10, 14, 16, 18, 19, 20]",11,77,0.6404246024217075,6.815046310424805,3
cart,pool,4,full,0.6,median,1.0,1.0,,1.0,1.0,H_int,True,True,0.6640104149506069,0.6640104149506069,14,"[3, 4, 5, 7, 8, 9, 10, 12, 14, 16, 17, 18, 19, 20]",11,89,0.6404246024217075,4.794893264770508,3
cart,pool,4,full,0.8,min,1.0,1.0,,1.0,1.0,H_int,True,True,0.6640104149506069,0.6640104149506069,12,"[3, 4, 5, 7, 8, 9, 10, 14, 16, 18, 19, 20]",11,77,0.6404246024217075,4.898733139038086,3
cart,pool,4,full,0.8,median,1.0,1.0,,1.0,1.0,H_int,True,True,0.6640104149506069,0.6640104149506069,14,"[3, 4, 5, 7, 8, 9, 10, 12, 14, 16, 17, 18, 19, 20]",11,89,0.6404246024217075,5.002085447311401,3
cart,pool,4,fixed,,min,0.8,0.8,,1.0,0.6666666666666666,A0_any_to_last,False,False,,0.9999999999999889,0,[],5,5,1.1102230246251504e-14,2.6945223808288574,
cart,pool,4,oracle,,min,1.0,1.0,,1.0,1.0,H_int,True,True,0.6640104149506069,0.6640104149506069,0,[],11,11,0.6404246024217075,5.1453845500946045,
cart,pool,5,full,0.01,min,0.8,0.8,,1.0,0.6666666666666666,A0_any_to_last,False,False,,0.9999999999999876,0,[],5,5,1.2434497875801676e-14,4.023946285247803,
cart,pool,5,full,0.01,median,0.8,0.8,,1.0,0.6666666666666666,A0_any_to_last,False,False,,0.9999999999999876,0,[],5,5,1.2434497875801676e-14,2.697690725326538,
cart,pool,5,full,0.025,min,0.8,0.8,,1.0,0.6666666666666666,A0_any_to_last,False,False,,0.9999999999999876,0,[],5,5,1.2434497875801676e-14,3.8324174880981445,
cart,pool,5,full,0.025,median,0.8,0.8,,1.0,0.6666666666666666,A0_any_to_last,False,False,,0.9999999999999876,0,[],5,5,1.2434497875801676e-14,3.887359619140625,
cart,pool,5,full,0.05,min,0.8,0.8,,1.0,0.6666666666666666,A0_any_to_last,False,False,,0.9999999999999876,0,[],5,5,1.2434497875801676e-14,2.5501060485839844,
cart,pool,5,full,0.05,median,0.8,0.8,,1.0,0.6666666666666666,A0_any_to_last,False,False,,0.9999999999999876,0,[],5,5,1.2434497875801676e-14,3.8898205757141113,
cart,pool,5,full,0.1,min,0.8,0.8,,1.0,0.6666666666666666,A0_any_to_last,False,False,,0.9999999999999876,0,[],5,5,1.2434497875801676e-14,2.600853443145752,
cart,pool,5,full,0.1,median,0.8,0.8,,1.0,0.6666666666666666,A0_any_to_last,False,False,,0.9999999999999876,0,[],5,5,1.2434497875801676e-14,3.552966356277466,
cart,pool,5,full,0.2,min,1.0,1.0,,1.0,1.0,H_int,True,True,0.6639855277398027,0.6639855277398027,1,[3],11,11,0.6404421589676779,4.571360111236572,3
cart,pool,5,full,0.2,median,1.0,1.0,,1.0,1.0,H_int,True,True,0.6639855277398027,0.6639855277398027,7,"[3, 11, 13, 15, 16, 17, 18]",11,47,0.6404421589676779,5.608788013458252,3
cart,pool,5,full,0.4,min,1.0,1.0,,1.0,1.0,H_int,True,True,0.6639855277398027,0.6639855277398027,14,"[3, 4, 5, 6, 11, 12, 13, 14, 15, 16, 17, 18, 19, 20]",11,89,0.6404421589676779,4.606323719024658,3
cart,pool,5,full,0.4,median,1.0,1.0,,1.0,1.0,H_int,True,True,0.6639855277398027,0.6639855277398027,16,"[3, 4, 5, 6, 9, 10, 11, 12, 13, 14, 15, 16, 17, 18, 19, 20]",11,101,0.6404421589676779,5.029423952102661,3
cart,pool,5,full,0.6,min,1.0,1.0,,1.0,1.0,H_int,True,True,0.6639855277398027,0.6639855277398027,14,"[3, 4, 5, 6, 11, 12, 13, 14, 15, 16, 17, 18, 19, 20]",11,89,0.6404421589676779,6.069912910461426,3
cart,pool,5,full,0.6,median,1.0,1.0,,1.0,1.0,H_int,True,True,0.6639855277398027,0.6639855277398027,16,"[3, 4, 5, 6, 9, 10, 11, 12, 13, 14, 15, 16, 17, 18, 19, 20]",11,101,0.6404421589676779,5.108742713928223,3
cart,pool,5,full,0.8,min,1.0,1.0,,1.0,1.0,H_int,True,True,0.6639855277398027,0.6639855277398027,14,"[3, 4, 5, 6, 11, 12, 13, 14, 15, 16, 17, 18, 19, 20]",11,89,0.6404421589676779,4.908801078796387,3
cart,pool,5,full,0.8,median,1.0,1.0,,1.0,1.0,H_int,True,True,0.6639855277398027,0.6639855277398027,16,"[3, 4, 5, 6, 9, 10, 11, 12, 13, 14, 15, 16, 17, 18, 19, 20]",11,101,0.6404421589676779,4.466247320175171,3
cart,pool,5,fixed,,min,0.8,0.8,,1.0,0.6666666666666666,A0_any_to_last,False,False,,0.9999999999999876,0,[],5,5,1.2434497875801676e-14,2.5629384517669678,
cart,pool,5,oracle,,min,1.0,1.0,,1.0,1.0,H_int,True,True,0.6639855277398027,0.6639855277398027,0,[],11,11,0.6404421589676779,6.772205829620361,
cart,pool,6,full,0.01,min,0.8,0.8,,1.0,0.6666666666666666,A0_any_to_last,False,False,,1.0000000000000044,0,[],5,5,-4.4408920985006364e-15,2.7768146991729736,
cart,pool,6,full,0.01,median,0.8,0.8,,1.0,0.6666666666666666,A0_any_to_last,False,False,,1.0000000000000044,0,[],5,5,-4.4408920985006364e-15,2.916548490524292,
cart,pool,6,full,0.025,min,0.8,0.8,,1.0,0.6666666666666666,A0_any_to_last,False,False,,1.0000000000000044,0,[],5,5,-4.4408920985006364e-15,2.8261823654174805,
cart,pool,6,full,0.025,median,0.8,0.8,,1.0,0.6666666666666666,A0_any_to_last,False,False,,1.0000000000000044,0,[],5,5,-4.4408920985006364e-15,2.8293259143829346,
cart,pool,6,full,0.05,min,0.8,0.8,,1.0,0.6666666666666666,A0_any_to_last,False,False,,1.0000000000000044,0,[],5,5,-4.4408920985006364e-15,3.1966283321380615,
cart,pool,6,full,0.05,median,0.8,0.8,,1.0,0.6666666666666666,A0_any_to_last,False,False,,1.0000000000000044,0,[],5,5,-4.4408920985006364e-15,2.694895029067993,
cart,pool,6,full,0.1,min,0.8,0.8,,1.0,0.6666666666666666,A0_any_to_last,False,False,,1.0000000000000044,0,[],5,5,-4.4408920985006364e-15,2.3177683353424072,
cart,pool,6,full,0.1,median,0.8,0.8,,1.0,0.6666666666666666,A0_any_to_last,False,False,,1.0000000000000044,0,[],5,5,-4.4408920985006364e-15,4.289143800735474,
cart,pool,6,full,0.2,min,0.8,0.8,,1.0,0.6666666666666666,A0_any_to_last,False,False,,1.0000000000000044,0,[],5,5,-4.4408920985006364e-15,3.5524001121520996,
cart,pool,6,full,0.2,median,0.8,0.8,,1.0,0.6666666666666666,A0_any_to_last,False,False,,1.0000000000000044,0,[],5,5,-4.4408920985006364e-15,3.74763560295105,
cart,pool,6,full,0.4,min,0.8,0.8,,1.0,0.6666666666666666,A0_any_to_last,False,False,,1.0000000000000044,0,[],5,5,-4.4408920985006364e-15,3.375523090362549,
cart,pool,6,full,0.4,median,1.0,1.0,,1.0,1.0,H_int,True,True,0.6639875954540776,0.6639875954540776,1,[11],11,11,0.6404407003255911,6.238464832305908,11
cart,pool,6,full,0.6,min,0.8,0.8,,1.0,0.6666666666666666,A0_any_to_last,False,False,,1.0000000000000044,0,[],5,5,-4.4408920985006364e-15,2.150582790374756,
cart,pool,6,full,0.6,median,1.0,1.0,,1.0,1.0,H_int,True,True,0.6639875954540776,0.6639875954540776,3,"[5, 11, 15]",11,23,0.6404407003255911,5.767354249954224,5
cart,pool,6,full,0.8,min,0.8,0.8,,1.0,0.6666666666666666,A0_any_to_last,False,False,,1.0000000000000044,0,[],5,5,-4.4408920985006364e-15,2.8662168979644775,
cart,pool,6,full,0.8,median,1.0,1.0,,1.0,1.0,H_int,True,True,0.6639875954540776,0.6639875954540776,6,"[5, 11, 12, 14, 15, 17]",11,41,0.6404407003255911,4.753338575363159,5
cart,pool,6,fixed,,min,0.8,0.8,,1.0,0.6666666666666666,A0_any_to_last,False,False,,1.0000000000000044,0,[],5,5,-4.4408920985006364e-15,3.8460938930511475,
cart,pool,6,oracle,,min,1.0,1.0,,1.0,1.0,H_int,True,True,0.6639875954540776,0.6639875954540776,0,[],11,11,0.6404407003255911,4.984639883041382,
cart,pool,7,full,0.01,min,0.8,0.8,,1.0,0.6666666666666666,A0_any_to_last,False,False,,1.0000000000000115,0,[],5,5,-1.1546319456101694e-14,2.7801427841186523,
cart,pool,7,full,0.01,median,0.8,0.8,,1.0,0.6666666666666666,A0_any_to_last,False,False,,1.0000000000000115,0,[],5,5,-1.1546319456101694e-14,2.6412436962127686,
cart,pool,7,full,0.025,min,0.8,0.8,,1.0,0.6666666666666666,A0_any_to_last,False,False,,1.0000000000000115,0,[],5,5,-1.1546319456101694e-14,3.513091802597046,
cart,pool,7,full,0.025,median,0.8,0.8,,1.0,0.6666666666666666,A0_any_to_last,False,False,,1.0000000000000115,0,[],5,5,-1.1546319456101694e-14,2.978612184524536,
cart,pool,7,full,0.05,min,0.8,0.8,,1.0,0.6666666666666666,A0_any_to_last,False,False,,1.0000000000000115,0,[],5,5,-1.1546319456101694e-14,2.790377140045166,
cart,pool,7,full,0.05,median,0.8,0.8,,1.0,0.6666666666666666,A0_any_to_last,False,False,,1.0000000000000115,0,[],5,5,-1.1546319456101694e-14,2.8896563053131104,
cart,pool,7,full,0.1,min,0.8,0.8,,1.0,0.6666666666666666,A0_any_to_last,False,False,,1.0000000000000115,0,[],5,5,-1.1546319456101694e-14,3.986074209213257,
cart,pool,7,full,0.1,median,0.8,0.8,,1.0,0.6666666666666666,A0_any_to_last,False,False,,1.0000000000000115,0,[],5,5,-1.1546319456101694e-14,3.019009590148926,
cart,pool,7,full,0.2,min,0.8,0.8,,1.0,0.6666666666666666,A0_any_to_last,False,False,,1.0000000000000115,0,[],5,5,-1.1546319456101694e-14,4.2365639209747314,
cart,pool,7,full,0.2,median,0.8,0.8,,1.0,0.6666666666666666,A0_any_to_last,False,False,,1.0000000000000115,0,[],5,5,-1.1546319456101694e-14,4.083791017532349,
cart,pool,7,full,0.4,min,0.8,0.8,,1.0,0.6666666666666666,A0_any_to_last,False,False,,1.0000000000000115,0,[],5,5,-1.1546319456101694e-14,3.0649688243865967,
cart,pool,7,full,0.4,median,1.0,1.0,,1.0,1.0,H_int,True,True,0.663982083283544,0.663982083283544,4,"[5, 9, 10, 17]",11,29,0.6404445877100572,6.431569337844849,5
cart,pool,7,full,0.6,min,1.0,1.0,,1.0,1.0,H_int,True,True,0.663982083283544,0.663982083283544,1,[5],11,11,0.6404445877100572,5.108320236206055,5
cart,pool,7,full,0.6,median,1.0,1.0,,1.0,1.0,H_int,True,True,0.663982083283544,0.663982083283544,8,"[5, 7, 9, 10, 12, 17, 19, 20]",11,53,0.6404445877100572,4.904192686080933,5
cart,pool,7,full,0.8,min,1.0,1.0,,1.0,1.0,H_int,True,True,0.663982083283544,0.663982083283544,3,"[5, 10, 17]",11,23,0.6404445877100572,7.242796182632446,5
cart,pool,7,full,0.8,median,1.0,1.0,,1.0,1.0,H_int,True,True,0.663982083283544,0.663982083283544,10,"[5, 7, 9, 10, 12, 14, 16, 17, 19, 20]",11,65,0.6404445877100572,5.278404235839844,5
cart,pool,7,fixed,,min,0.8,0.8,,1.0,0.6666666666666666,A0_any_to_last,False,False,,1.0000000000000115,0,[],5,5,-1.1546319456101694e-14,2.7958621978759766,
cart,pool,7,oracle,,min,1.0,1.0,,1.0,1.0,H_int,True,True,0.663982083283544,0.663982083283544,0,[],11,11,0.6404445877100572,4.7547287940979,
cart,pool,8,full,0.01,min,0.8,0.8,,1.0,0.6666666666666666,A0_any_to_last,False,False,,1.0000000000000004,0,[],5,5,-4.440892098500627e-16,3.114661693572998,
cart,pool,8,full,0.01,median,0.8,0.8,,1.0,0.6666666666666666,A0_any_to_last,False,False,,1.0000000000000004,0,[],5,5,-4.440892098500627e-16,2.8770482540130615,
cart,pool,8,full,0.025,min,0.8,0.8,,1.0,0.6666666666666666,A0_any_to_last,False,False,,1.0000000000000004,0,[],5,5,-4.440892098500627e-16,2.8471078872680664,
cart,pool,8,full,0.025,median,0.8,0.8,,1.0,0.6666666666666666,A0_any_to_last,False,False,,1.0000000000000004,0,[],5,5,-4.440892098500627e-16,2.9301295280456543,
cart,pool,8,full,0.05,min,0.8,0.8,,1.0,0.6666666666666666,A0_any_to_last,False,False,,1.0000000000000004,0,[],5,5,-4.440892098500627e-16,2.746058464050293,
cart,pool,8,full,0.05,median,0.8,0.8,,1.0,0.6666666666666666,A0_any_to_last,False,False,,1.0000000000000004,0,[],5,5,-4.440892098500627e-16,3.300964593887329,
cart,pool,8,full,0.1,min,0.8,0.8,,1.0,0.6666666666666666,A0_any_to_last,False,False,,1.0000000000000004,0,[],5,5,-4.440892098500627e-16,2.7439544200897217,
cart,pool,8,full,0.1,median,0.8,0.8,,1.0,0.6666666666666666,A0_any_to_last,False,False,,1.0000000000000004,0,[],5,5,-4.440892098500627e-16,2.942382335662842,
cart,pool,8,full,0.2,min,0.8,0.8,,1.0,0.6666666666666666,A0_any_to_last,False,False,,1.0000000000000004,0,[],5,5,-4.440892098500627e-16,4.1167707443237305,
cart,pool,8,full,0.2,median,0.8,0.8,,1.0,0.6666666666666666,A0_any_to_last,False,False,,1.0000000000000004,0,[],5,5,-4.440892098500627e-16,4.30469012260437,
cart,pool,8,full,0.4,min,0.8,0.8,,1.0,0.6666666666666666,A0_any_to_last,False,False,,1.0000000000000004,0,[],5,5,-4.440892098500627e-16,2.8417837619781494,
cart,pool,8,full,0.4,median,1.0,1.0,,1.0,1.0,H_int,True,True,0.6640106961677926,0.6640106961677926,2,"[7, 20]",11,17,0.6404244041541164,5.434104919433594,7
cart,pool,8,full,0.6,min,1.0,1.0,,1.0,1.0,H_int,True,True,0.6640106961677926,0.6640106961677926,1,[7],11,11,0.6404244041541164,4.782207250595093,7
cart,pool,8,full,0.6,median,1.0,1.0,,1.0,1.0,H_int,True,True,0.6640106961677926,0.6640106961677926,6,"[7, 10, 12, 16, 19, 20]",11,41,0.6404244041541164,4.801890134811401,7
cart,pool,8,full,0.8,min,1.0,1.0,,1.0,1.0,H_int,True,True,0.6640106961677926,0.6640106961677926,11,"[4, 6, 7, 8, 9, 10, 12, 16, 17, 19, 20]",11,71,0.6404244041541164,4.5774617195129395,4
cart,pool,8,full,0.8,median,1.0,1.0,,1.0,1.0,H_int,True,True,0.6640106961677926,0.6640106961677926,12,"[4, 6, 7, 8, 9, 10, 12, 14, 16, 17, 19, 20]",11,77,0.6404244041541164,7.103014707565308,4
cart,pool,8,fixed,,min,0.8,0.8,,1.0,0.6666666666666666,A0_any_to_last,False,False,,1.0000000000000004,0,[],5,5,-4.440892098500627e-16,2.643371343612671,
cart,pool,8,oracle,,min,1.0,1.0,,1.0,1.0,H_int,True,True,0.6640106961677926,0.6640106961677926,0,[],11,11,0.6404244041541164,4.852794885635376,
cart,pool,9,full,0.01,min,0.8,0.8,,1.0,0.6666666666666666,A0_any_to_last,False,False,,1.0000000000000089,0,[],5,5,-8.881784197001292e-15,2.752162456512451,
cart,pool,9,full,0.01,median,0.8,0.8,,1.0,0.6666666666666666,A0_any_to_last,False,False,,1.0000000000000089,0,[],5,5,-8.881784197001292e-15,2.6530885696411133,
cart,pool,9,full,0.025,min,0.8,0.8,,1.0,0.6666666666666666,A0_any_to_last,False,False,,1.0000000000000089,0,[],5,5,-8.881784197001292e-15,3.0214967727661133,
cart,pool,9,full,0.025,median,0.8,0.8,,1.0,0.6666666666666666,A0_any_to_last,False,False,,1.0000000000000089,0,[],5,5,-8.881784197001292e-15,2.833730936050415,
cart,pool,9,full,0.05,min,0.8,0.8,,1.0,0.6666666666666666,A0_any_to_last,False,False,,1.0000000000000089,0,[],5,5,-8.881784197001292e-15,3.8314828872680664,
cart,pool,9,full,0.05,median,0.8,0.8,,1.0,0.6666666666666666,A0_any_to_last,False,False,,1.0000000000000089,0,[],5,5,-8.881784197001292e-15,4.1628804206848145,
cart,pool,9,full,0.1,min,0.8,0.8,,1.0,0.6666666666666666,A0_any_to_last,False,False,,1.0000000000000089,0,[],5,5,-8.881784197001292e-15,3.7449991703033447,
cart,pool,9,full,0.1,median,0.8,0.8,,1.0,0.6666666666666666,A0_any_to_last,False,False,,1.0000000000000089,0,[],5,5,-8.881784197001292e-15,3.9046471118927,
cart,pool,9,full,0.2,min,1.0,1.0,,1.0,1.0,H_int,True,True,0.6640083937064614,0.6640083937064614,2,"[4, 5]",11,17,0.6404260289198841,5.226840496063232,4
cart,pool,9,full,0.2,median,1.0,1.0,,1.0,1.0,H_int,True,True,0.6640083937064614,0.6640083937064614,3,"[4, 5, 13]",11,23,0.6404260289198841,5.0514960289001465,4
cart,pool,9,full,0.4,min,1.0,1.0,,1.0,1.0,H_int,True,True,0.6640083937064614,0.6640083937064614,4,"[4, 5, 8, 9]",11,29,0.6404260289198841,5.092535972595215,4
cart,pool,9,full,0.4,median,1.0,1.0,,1.0,1.0,H_int,True,True,0.6640083937064614,0.6640083937064614,8,"[4, 5, 8, 9, 12, 13, 16, 17]",11,53,0.6404260289198841,7.249139785766602,4
cart,pool,9,full,0.6,min,1.0,1.0,,1.0,1.0,H_int,True,True,0.6640083937064614,0.6640083937064614,11,"[4, 5, 8, 9, 10, 12, 13, 14, 15, 16, 17]",11,71,0.6404260289198841,5.181448698043823,4
cart,pool,9,full,0.6,median,1.0,1.0,,1.0,1.0,H_int,True,True,0.6640083937064614,0.6640083937064614,11,"[4, 5, 8, 9, 10, 12, 13, 14, 15, 16, 17]",11,71,0.6404260289198841,4.6522438526153564,4
cart,pool,9,full,0.8,min,1.0,1.0,,1.0,1.0,H_int,True,True,0.6640083937064614,0.6640083937064614,12,"[4, 5, 8, 9, 10, 12, 13, 14, 15, 16, 17, 20]",11,77,0.6404260289198841,4.92682671546936,4
cart,pool,9,full,0.8,median,1.0,1.0,,1.0,1.0,H_int,True,True,0.6640083937064614,0.6640083937064614,12,"[4, 5, 8, 9, 10, 12, 13, 14, 15, 16, 17, 20]",11,77,0.6404260289198841,5.182018280029297,4
cart,pool,9,fixed,,min,0.8,0.8,,1.0,0.6666666666666666,A0_any_to_last,False,False,,1.0000000000000089,0,[],5,5,-8.881784197001292e-15,2.691016674041748,
cart,pool,9,oracle,,min,1.0,1.0,,1.0,1.0,H_int,True,True,0.6640083937064614,0.6640083937064614,0,[],11,11,0.6404260289198841,6.368944406509399,
cart,pool,10,full,0.01,min,0.8,0.8,,1.0,0.6666666666666666,A0_any_to_last,False,False,,1.0000000000000089,0,[],5,5,-8.881784197001292e-15,2.7435858249664307,
cart,pool,10,full,0.01,median,0.8,0.8,,1.0,0.6666666666666666,A0_any_to_last,False,False,,1.0000000000000089,0,[],5,5,-8.881784197001292e-15,3.3518624305725098,
cart,pool,10,full,0.025,min,0.8,0.8,,1.0,0.6666666666666666,A0_any_to_last,False,False,,1.0000000000000089,0,[],5,5,-8.881784197001292e-15,3.0394272804260254,
cart,pool,10,full,0.025,median,0.8,0.8,,1.0,0.6666666666666666,A0_any_to_last,False,False,,1.0000000000000089,0,[],5,5,-8.881784197001292e-15,2.653101921081543,
cart,pool,10,full,0.05,min,0.8,0.8,,1.0,0.6666666666666666,A0_any_to_last,False,False,,1.0000000000000089,0,[],5,5,-8.881784197001292e-15,3.2980661392211914,
cart,pool,10,full,0.05,median,0.8,0.8,,1.0,0.6666666666666666,A0_any_to_last,False,False,,1.0000000000000089,0,[],5,5,-8.881784197001292e-15,2.7528843879699707,
cart,pool,10,full,0.1,min,0.8,0.8,,1.0,0.6666666666666666,A0_any_to_last,False,False,,1.0000000000000089,0,[],5,5,-8.881784197001292e-15,3.6187639236450195,
cart,pool,10,full,0.1,median,0.8,0.8,,1.0,0.6666666666666666,A0_any_to_last,False,False,,1.0000000000000089,0,[],5,5,-8.881784197001292e-15,2.8711249828338623,
cart,pool,10,full,0.2,min,1.0,1.0,,1.0,1.0,H_int,True,True,0.6640348054351891,0.6640348054351891,1,[3],11,11,0.6404073978319424,4.806154012680054,3
cart,pool,10,full,0.2,median,1.0,1.0,,1.0,1.0,H_int,True,True,0.6640348054351891,0.6640348054351891,5,"[3, 11, 12, 13, 14]",11,35,0.6404073978319424,4.952965021133423,3
cart,pool,10,full,0.4,min,1.0,1.0,,1.0,1.0,H_int,True,True,0.6640348054351891,0.6640348054351891,8,"[3, 4, 6, 7, 11, 12, 13, 14]",11,53,0.6404073978319424,4.854971408843994,3
cart,pool,10,full,0.4,median,1.0,1.0,,1.0,1.0,H_int,True,True,0.6640348054351891,0.6640348054351891,10,"[3, 4, 6, 7, 11, 12, 13, 14, 15, 17]",11,65,0.6404073978319424,6.510087966918945,3
cart,pool,10,full,0.6,min,1.0,1.0,,1.0,1.0,H_int,True,True,0.6640348054351891,0.6640348054351891,10,"[3, 4, 6, 7, 11, 12, 13, 14, 15, 17]",11,65,0.6404073978319424,7.026613712310791,3
cart,pool,10,full,0.6,median,1.0,1.0,,1.0,1.0,H_int,True,True,0.6640348054351891,0.6640348054351891,13,"[3, 4, 6, 7, 11, 12, 13, 14, 15, 16, 17, 18, 19]",11,83,0.6404073978319424,6.53463888168335,3
cart,pool,10,full,0.8,min,1.0,1.0,,1.0,1.0,H_int,True,True,0.6640348054351891,0.6640348054351891,10,"[3, 4, 6, 7, 11, 12, 13, 14, 15, 17]",11,65,0.6404073978319424,4.93561863899231,3
cart,pool,10,full,0.8,median,1.0,1.0,,1.0,1.0,H_int,True,True,0.6640348054351891,0.6640348054351891,14,"[3, 4, 6, 7, 8, 11, 12, 13, 14, 15, 16, 17, 18, 19]",11,89,0.6404073978319424,5.189499855041504,3
cart,pool,10,fixed,,min,0.8,0.8,,1.0,0.6666666666666666,A0_any_to_last,False,False,,1.0000000000000089,0,[],5,5,-8.881784197001292e-15,3.69201397895813,
cart,pool,10,oracle,,min,1.0,1.0,,1.0,1.0,H_int,True,True,0.6640348054351891,0.6640348054351891,0,[],11,11,0.6404073978319424,7.097516298294067,
cart,pool,11,full,0.01,min,0.8,0.8,,1.0,0.6666666666666666,A0_any_to_last,False,False,,0.9999999999999951,0,[],5,5,4.884981308350677e-15,2.7401022911071777,
cart,pool,11,full,0.01,median,0.8,0.8,,1.0,0.6666666666666666,A0_any_to_last,False,False,,0.9999999999999951,0,[],5,5,4.884981308350677e-15,4.164038896560669,
cart,pool,11,full,0.025,min,0.8,0.8,,1.0,0.6666666666666666,A0_any_to_last,False,False,,0.9999999999999951,0,[],5,5,4.884981308350677e-15,3.5864109992980957,
cart,pool,11,full,0.025,median,0.8,0.8,,1.0,0.6666666666666666,A0_any_to_last,False,False,,0.9999999999999951,0,[],5,5,4.884981308350677e-15,2.5463030338287354,
cart,pool,11,full,0.05,min,0.8,0.8,,1.0,0.6666666666666666,A0_any_to_last,False,False,,0.9999999999999951,0,[],5,5,4.884981308350677e-15,3.7885031700134277,
cart,pool,11,full,0.05,median,0.8,0.8,,1.0,0.6666666666666666,A0_any_to_last,False,False,,0.9999999999999951,0,[],5,5,4.884981308350677e-15,3.8346071243286133,
cart,pool,11,full,0.1,min,0.8,0.8,,1.0,0.6666666666666666,A0_any_to_last,False,False,,0.9999999999999951,0,[],5,5,4.884981308350677e-15,2.7726869583129883,
cart,pool,11,full,0.1,median,0.8,0.8,,1.0,0.6666666666666666,A0_any_to_last,False,False,,0.9999999999999951,0,[],5,5,4.884981308350677e-15,2.554136037826538,
cart,pool,11,full,0.2,min,0.8,0.8,,1.0,0.6666666666666666,A0_any_to_last,False,False,,0.9999999999999951,0,[],5,5,4.884981308350677e-15,3.496818780899048,
cart,pool,11,full,0.2,median,0.8,0.8,,1.0,0.6666666666666666,A0_any_to_last,False,False,,0.9999999999999951,0,[],5,5,4.884981308350677e-15,2.3062472343444824,
cart,pool,11,full,0.4,min,0.8,0.8,,1.0,0.6666666666666666,A0_any_to_last,False,False,,0.9999999999999951,0,[],5,5,4.884981308350677e-15,4.081657886505127,
cart,pool,11,full,0.4,median,1.0,1.0,,1.0,1.0,H_int,True,True,0.6640100776564739,0.6640100776564739,5,"[6, 7, 11, 18, 20]",11,35,0.6404248400282031,4.785833835601807,6
cart,pool,11,full,0.6,min,1.0,1.0,,1.0,1.0,H_int,True,True,0.6640100776564739,0.6640100776564739,3,"[6, 7, 11]",11,23,0.6404248400282031,4.761553525924683,6
cart,pool,11,full,0.6,median,1.0,1.0,,1.0,1.0,H_int,True,True,0.6640100776564739,0.6640100776564739,8,"[6, 7, 9, 11, 15, 18, 19, 20]",11,53,0.6404248400282031,4.508196592330933,6
cart,pool,11,full,0.8,min,1.0,1.0,,1.0,1.0,H_int,True,True,0.6640100776564739,0.6640100776564739,14,"[4, 5, 6, 7, 9, 11, 12, 13, 15, 16, 17, 18, 19, 20]",11,89,0.6404248400282031,5.06885290145874,4
cart,pool,11,full,0.8,median,1.0,1.0,,1.0,1.0,H_int,True,True,0.6640100776564739,0.6640100776564739,14,"[4, 5, 6, 7, 9, 11, 12, 13, 15, 16, 17, 18, 19, 20]",11,89,0.6404248400282031,4.423731803894043,4
cart,pool,11,fixed,,min,0.8,0.8,,1.0,0.6666666666666666,A0_any_to_last,False,False,,0.9999999999999951,0,[],5,5,4.884981308350677e-15,2.6898601055145264,
cart,pool,11,oracle,,min,1.0,1.0,,1.0,1.0,H_int,True,True,0.6640100776564739,0.6640100776564739,0,[],11,11,0.6404248400282031,4.444751977920532,
cart,pool,12,full,0.01,min,0.8,0.8,,1.0,0.6666666666666666,A0_any_to_last,False,False,,1.0000000000000058,0,[],5,5,-5.7731597280508306e-15,2.210113763809204,
cart,pool,12,full,0.01,median,0.8,0.8,,1.0,0.6666666666666666,A0_any_to_last,False,False,,1.0000000000000058,0,[],5,5,-5.7731597280508306e-15,3.745742082595825,
cart,pool,12,full,0.025,min,0.8,0.8,,1.0,0.6666666666666666,A0_any_to_last,False,False,,1.0000000000000058,0,[],5,5,-5.7731597280508306e-15,2.5954179763793945,
cart,pool,12,full,0.025,median,0.8,0.8,,1.0,0.6666666666666666,A0_any_to_last,False,False,,1.0000000000000058,0,[],5,5,-5.7731597280508306e-15,4.024189472198486,
cart,pool,12,full,0.05,min,0.8,0.8,,1.0,0.6666666666666666,A0_any_to_last,False,False,,1.0000000000000058,0,[],5,5,-5.7731597280508306e-15,2.504429578781128,
cart,pool,12,full,0.05,median,0.8,0.8,,1.0,0.6666666666666666,A0_any_to_last,False,False,,1.0000000000000058,0,[],5,5,-5.7731597280508306e-15,2.832474708557129,
cart,pool,12,full,0.1,min,0.8,0.8,,1.0,0.6666666666666666,A0_any_to_last,False,False,,1.0000000000000058,0,[],5,5,-5.7731597280508306e-15,2.581298351287842,
cart,pool,12,full,0.1,median,1.0,1.0,,1.0,1.0,H_int,True,True,0.6640420017519958,0.6640420017519958,3,"[6, 7, 8]",11,23,0.6404023199547537,4.843567848205566,6
cart,pool,12,full,0.2,min,0.8,0.8,,1.0,0.6666666666666666,A0_any_to_last,False,False,,1.0000000000000058,0,[],5,5,-5.7731597280508306e-15,4.0010716915130615,
cart,pool,12,full,0.2,median,1.0,1.0,,1.0,1.0,H_int,True,True,0.6640420017519958,0.6640420017519958,14,"[5, 6, 7, 8, 9, 10, 11, 12, 13, 14, 16, 17, 19, 20]",11,89,0.6404023199547537,6.949288606643677,5
cart,pool,12,full,0.4,min,0.8,0.8,,1.0,0.6666666666666666,A0_any_to_last,False,False,,1.0000000000000058,0,[],5,5,-5.7731597280508306e-15,2.7203006744384766,
cart,pool,12,full,0.4,median,1.0,1.0,,1.0,1.0,H_int,True,True,0.6640420017519958,0.6640420017519958,14,"[5, 6, 7, 8, 9, 10, 11, 12, 13, 14, 16, 17, 19, 20]",11,89,0.6404023199547537,7.100957870483398,5
cart,pool,12,full,0.6,min,0.8,0.8,,1.0,0.6666666666666666,A0_any_to_last,False,False,,1.0000000000000058,0,[],5,5,-5.7731597280508306e-15,2.6861021518707275,
cart,pool,12,full,0.6,median,1.0,1.0,,1.0,1.0,H_int,True,True,0.6640420017519958,0.6640420017519958,14,"[5, 6, 7, 8, 9, 10, 11, 12, 13, 14, 16, 17, 19, 20]",11,89,0.6404023199547537,4.160046339035034,5
cart,pool,12,full,0.8,min,0.8,0.8,,1.0,0.6666666666666666,A0_any_to_last,False,False,,1.0000000000000058,0,[],5,5,-5.7731597280508306e-15,3.9282684326171875,
cart,pool,12,full,0.8,median,1.0,1.0,,1.0,1.0,H_int,True,True,0.6640420017519958,0.6640420017519958,14,"[5, 6, 7, 8, 9, 10, 11, 12, 13, 14, 16, 17, 19, 20]",11,89,0.6404023199547537,4.948430299758911,5
cart,pool,12,fixed,,min,0.8,0.8,,1.0,0.6666666666666666,A0_any_to_last,False,False,,1.0000000000000058,0,[],5,5,-5.7731597280508306e-15,2.7732794284820557,
cart,pool,12,oracle,,min,1.0,1.0,,1.0,1.0,H_int,True,True,0.6640420017519958,0.6640420017519958,0,[],11,11,0.6404023199547537,4.989468574523926,
cart,pool,13,full,0.01,min,0.8,0.8,,1.0,0.6666666666666666,A0_any_to_last,False,False,,1.0000000000000098,0,[],5,5,-9.769962616701425e-15,2.53320574760437,
cart,pool,13,full,0.01,median,0.8,0.8,,1.0,0.6666666666666666,A0_any_to_last,False,False,,1.0000000000000098,0,[],5,5,-9.769962616701425e-15,2.8779804706573486,
cart,pool,13,full,0.025,min,0.8,0.8,,1.0,0.6666666666666666,A0_any_to_last,False,False,,1.0000000000000098,0,[],5,5,-9.769962616701425e-15,2.7807981967926025,
cart,pool,13,full,0.025,median,0.8,0.8,,1.0,0.6666666666666666,A0_any_to_last,False,False,,1.0000000000000098,0,[],5,5,-9.769962616701425e-15,4.214477777481079,
cart,pool,13,full,0.05,min,0.8,0.8,,1.0,0.6666666666666666,A0_any_to_last,False,False,,1.0000000000000098,0,[],5,5,-9.769962616701425e-15,2.8419909477233887,
cart,pool,13,full,0.05,median,0.8,0.8,,1.0,0.6666666666666666,A0_any_to_last,False,False,,1.0000000000000098,0,[],5,5,-9.769962616701425e-15,2.8716280460357666,
cart,pool,13,full,0.1,min,0.8,0.8,,1.0,0.6666666666666666,A0_any_to_last,False,False,,1.0000000000000098,0,[],5,5,-9.769962616701425e-15,4.093414306640625,
cart,pool,13,full,0.1,median,0.8,0.8,,1.0,0.6666666666666666,A0_any_to_last,False,False,,1.0000000000000098,0,[],5,5,-9.769962616701425e-15,4.085522174835205,
cart,pool,13,full,0.2,min,0.8,0.8,,1.0,0.6666666666666666,A0_any_to_last,False,False,,1.0000000000000098,0,[],5,5,-9.769962616701425e-15,4.084545373916626,
cart,pool,13,full,0.2,median,1.0,1.0,,1.0,1.0,H_int,True,True,0.6640412230628949,0.6640412230628949,1,[5],11,11,0.6404028694116539,4.703681230545044,5
cart,pool,13,full,0.4,min,0.8,0.8,,1.0,0.6666666666666666,A0_any_to_last,False,False,,1.0000000000000098,0,[],5,5,-9.769962616701425e-15,2.7288453578948975,
cart,pool,13,full,0.4,median,1.0,1.0,,1.0,1.0,H_int,True,True,0.6640412230628949,0.6640412230628949,11,"[5, 7, 8, 9, 10, 12, 13, 14, 17, 18, 19]",11,71,0.6404028694116539,7.010887622833252,5
cart,pool,13,full,0.6,min,0.8,0.8,,1.0,0.6666666666666666,A0_any_to_last,False,False,,1.0000000000000098,0,[],5,5,-9.769962616701425e-15,2.7864701747894287,
cart,pool,13,full,0.6,median,1.0,1.0,,1.0,1.0,H_int,True,True,0.6640412230628949,0.6640412230628949,14,"[5, 6, 7, 8, 9, 10, 12, 13, 14, 15, 16, 17, 18, 19]",11,89,0.6404028694116539,5.45668625831604,5
cart,pool,13,full,0.8,min,1.0,1.0,,1.0,1.0,H_int,True,True,0.6640412230628949,0.6640412230628949,1,[17],11,11,0.6404028694116539,5.665935516357422,17
cart,pool,13,full,0.8,median,1.0,1.0,,1.0,1.0,H_int,True,True,0.6640412230628949,0.6640412230628949,14,"[5, 6, 7, 8, 9, 10, 12, 13, 14, 15, 16, 17, 18, 19]",11,89,0.6404028694116539,5.943396091461182,5
cart,pool,13,fixed,,min,0.8,0.8,,1.0,0.6666666666666666,A0_any_to_last,False,False,,1.0000000000000098,0,[],5,5,-9.769962616701425e-15,2.0069169998168945,
cart,pool,13,oracle,,min,1.0,1.0,,1.0,1.0,H_int,True,True,0.6640412230628949,0.6640412230628949,0,[],11,11,0.6404028694116539,5.497387647628784,
cart,pool,14,full,0.01,min,0.8,0.8,,1.0,0.6666666666666666,A0_any_to_last,False,False,,0.9999999999999982,0,[],5,5,1.7763568394002489e-15,2.6940159797668457,
cart,pool,14,full,0.01,median,0.8,0.8,,1.0,0.6666666666666666,A0_any_to_last,False,False,,0.9999999999999982,0,[],5,5,1.7763568394002489e-15,2.79834246635437,
cart,pool,14,full,0.025,min,0.8,0.8,,1.0,0.6666666666666666,A0_any_to_last,False,False,,0.9999999999999982,0,[],5,5,1.7763568394002489e-15,3.552863359451294,
cart,pool,14,full,0.025,median,0.8,0.8,,1.0,0.6666666666666666,A0_any_to_last,False,False,,0.9999999999999982,0,[],5,5,1.7763568394002489e-15,3.7050347328186035,
cart,pool,14,full,0.05,min,0.8,0.8,,1.0,0.6666666666666666,A0_any_to_last,False,False,,0.9999999999999982,0,[],5,5,1.7763568394002489e-15,3.7712180614471436,
cart,pool,14,full,0.05,median,0.8,0.8,,1.0,0.6666666666666666,A0_any_to_last,False,False,,0.9999999999999982,0,[],5,5,1.7763568394002489e-15,2.505615711212158,
cart,pool,14,full,0.1,min,0.8,0.8,,1.0,0.6666666666666666,A0_any_to_last,False,False,,0.9999999999999982,0,[],5,5,1.7763568394002489e-15,3.6489996910095215,
cart,pool,14,full,0.1,median,1.0,1.0,,1.0,1.0,H_int,True,True,0.6639899104262407,0.6639899104262407,1,[4],11,11,0.6404390671974086,6.054160118103027,4
cart,pool,14,full,0.2,min,0.8,0.8,,1.0,0.6666666666666666,A0_any_to_last,False,False,,0.9999999999999982,0,[],5,5,1.7763568394002489e-15,2.8080055713653564,
cart,pool,14,full,0.2,median,1.0,1.0,,1.0,1.0,H_int,True,True,0.6639899104262407,0.6639899104262407,14,"[4, 5, 7, 8, 9, 10, 11, 12, 14, 16, 17, 18, 19, 20]",11,89,0.6404390671974086,7.330564260482788,4
cart,pool,14,full,0.4,min,0.8,0.8,,1.0,0.6666666666666666,A0_any_to_last,False,False,,0.9999999999999982,0,[],5,5,1.7763568394002489e-15,2.6436212062835693,
cart,pool,14,full,0.4,median,1.0,1.0,,1.0,1.0,H_int,True,True,0.6639899104262407,0.6639899104262407,14,"[4, 5, 7, 8, 9, 10, 11, 12, 14, 16, 17, 18, 19, 20]",11,89,0.6404390671974086,5.053369045257568,4
cart,pool,14,full,0.6,min,1.0,1.0,,1.0,1.0,H_int,True,True,0.6639899104262407,0.6639899104262407,1,[4],11,11,0.6404390671974086,7.069803714752197,4
cart,pool,14,full,0.6,median,1.0,1.0,,1.0,1.0,H_int,True,True,0.6639899104262407,0.6639899104262407,14,"[4, 5, 7, 8, 9, 10, 11, 12, 14, 16, 17, 18, 19, 20]",11,89,0.6404390671974086,5.0497400760650635,4
cart,pool,14,full,0.8,min,1.0,1.0,,1.0,1.0,H_int,True,True,0.6639899104262407,0.6639899104262407,1,[4],11,11,0.6404390671974086,4.883223295211792,4
cart,pool,14,full,0.8,median,1.0,1.0,,1.0,1.0,H_int,True,True,0.6639899104262407,0.6639899104262407,14,"[4, 5, 7, 8, 9, 10, 11, 12, 14, 16, 17, 18, 19, 20]",11,89,0.6404390671974086,7.1522181034088135,4
cart,pool,14,fixed,,min,0.8,0.8,,1.0,0.6666666666666666,A0_any_to_last,False,False,,0.9999999999999982,0,[],5,5,1.7763568394002489e-15,4.073680639266968,
cart,pool,14,oracle,,min,1.0,1.0,,1.0,1.0,H_int,True,True,0.6639899104262407,0.6639899104262407,0,[],11,11,0.6404390671974086,4.643229961395264,
cart,pool,15,full,0.01,min,0.8,0.8,,1.0,0.6666666666666666,A0_any_to_last,False,False,,1.0000000000000089,0,[],5,5,-8.881784197001292e-15,3.5054383277893066,
cart,pool,15,full,0.01,median,0.8,0.8,,1.0,0.6666666666666666,A0_any_to_last,False,False,,1.0000000000000089,0,[],5,5,-8.881784197001292e-15,2.502709150314331,
cart,pool,15,full,0.025,min,0.8,0.8,,1.0,0.6666666666666666,A0_any_to_last,False,False,,1.0000000000000089,0,[],5,5,-8.881784197001292e-15,2.777942180633545,
cart,pool,15,full,0.025,median,0.8,0.8,,1.0,0.6666666666666666,A0_any_to_last,False,False,,1.0000000000000089,0,[],5,5,-8.881784197001292e-15,2.9621262550354004,
cart,pool,15,full,0.05,min,0.8,0.8,,1.0,0.6666666666666666,A0_any_to_last,False,False,,1.0000000000000089,0,[],5,5,-8.881784197001292e-15,3.110985517501831,
cart,pool,15,full,0.05,median,0.8,0.8,,1.0,0.6666666666666666,A0_any_to_last,False,False,,1.0000000000000089,0,[],5,5,-8.881784197001292e-15,2.8506968021392822,
cart,pool,15,full,0.1,min,0.8,0.8,,1.0,0.6666666666666666,A0_any_to_last,False,False,,1.0000000000000089,0,[],5,5,-8.881784197001292e-15,2.597933769226074,
cart,pool,15,full,0.1,median,0.8,0.8,,1.0,0.6666666666666666,A0_any_to_last,False,False,,1.0000000000000089,0,[],5,5,-8.881784197001292e-15,2.403831958770752,
cart,pool,15,full,0.2,min,0.8,0.8,,1.0,0.6666666666666666,A0_any_to_last,False,False,,1.0000000000000089,0,[],5,5,-8.881784197001292e-15,2.8290066719055176,
cart,pool,15,full,0.2,median,0.8,0.8,,1.0,0.6666666666666666,A0_any_to_last,False,False,,1.0000000000000089,0,[],5,5,-8.881784197001292e-15,4.27298641204834,
cart,pool,15,full,0.4,min,0.8,0.8,,1.0,0.6666666666666666,A0_any_to_last,False,False,,1.0000000000000089,0,[],5,5,-8.881784197001292e-15,2.6102168560028076,
cart,pool,15,full,0.4,median,1.0,1.0,,1.0,1.0,H_int,True,True,0.6640114303091156,0.6640114303091156,2,"[6, 12]",11,17,0.6404238871283878,5.870437860488892,6
cart,pool,15,full,0.6,min,1.0,1.0,,1.0,1.0,H_int,True,True,0.6640114303091156,0.6640114303091156,6,"[3, 5, 6, 7, 9, 12]",11,41,0.6404238871283878,4.95097804069519,3
cart,pool,15,full,0.6,median,1.0,1.0,,1.0,1.0,H_int,True,True,0.6640114303091156,0.6640114303091156,16,"[3, 5, 6, 7, 9, 10, 11, 12, 13, 14, 15, 16, 17, 18, 19, 20]",11,101,0.6404238871283878,6.967555999755859,3
cart,pool,15,full,0.8,min,1.0,1.0,,1.0,1.0,H_int,True,True,0.6640114303091156,0.6640114303091156,10,"[3, 5, 6, 7, 9, 12, 14, 15, 16, 18]",11,65,0.6404238871283878,6.9123146533966064,3
cart,pool,15,full,0.8,median,1.0,1.0,,1.0,1.0,H_int,True,True,0.6640114303091156,0.6640114303091156,16,"[3, 5, 6, 7, 9, 10, 11, 12, 13, 14, 15, 16, 17, 18, 19, 20]",11,101,0.6404238871283878,7.207971811294556,3
cart,pool,15,fixed,,min,0.8,0.8,,1.0,0.6666666666666666,A0_any_to_last,False,False,,1.0000000000000089,0,[],5,5,-8.881784197001292e-15,2.863314628601074,
cart,pool,15,oracle,,min,1.0,1.0,,1.0,1.0,H_int,True,True,0.6640114303091156,0.6640114303091156,0,[],11,11,0.6404238871283878,4.7588911056518555,
cart,pool,16,full,0.01,min,0.8,0.8,,1.0,0.6666666666666666,A0_any_to_last,False,False,,1.0000000000000018,0,[],5,5,-1.776356839400252e-15,3.467362880706787,
cart,pool,16,full,0.01,median,0.8,0.8,,1.0,0.6666666666666666,A0_any_to_last,False,False,,1.0000000000000018,0,[],5,5,-1.776356839400252e-15,3.9278690814971924,
cart,pool,16,full,0.025,min,0.8,0.8,,1.0,0.6666666666666666,A0_any_to_last,False,False,,1.0000000000000018,0,[],5,5,-1.776356839400252e-15,3.9919321537017822,
cart,pool,16,full,0.025,median,0.8,0.8,,1.0,0.6666666666666666,A0_any_to_last,False,False,,1.0000000000000018,0,[],5,5,-1.776356839400252e-15,2.7762529850006104,
cart,pool,16,full,0.05,min,0.8,0.8,,1.0,0.6666666666666666,A0_any_to_last,False,False,,1.0000000000000018,0,[],5,5,-1.776356839400252e-15,2.776172161102295,
cart,pool,16,full,0.05,median,0.8,0.8,,1.0,0.6666666666666666,A0_any_to_last,False,False,,1.0000000000000018,0,[],5,5,-1.776356839400252e-15,3.853027582168579,
cart,pool,16,full,0.1,min,0.8,0.8,,1.0,0.6666666666666666,A0_any_to_last,False,False,,1.0000000000000018,0,[],5,5,-1.776356839400252e-15,2.4615371227264404,
cart,pool,16,full,0.1,median,0.8,0.8,,1.0,0.6666666666666666,A0_any_to_last,False,False,,1.0000000000000018,0,[],5,5,-1.776356839400252e-15,2.981029510498047,
cart,pool,16,full,0.2,min,0.8,0.8,,1.0,0.6666666666666666,A0_any_to_last,False,False,,1.0000000000000018,0,[],5,5,-1.776356839400252e-15,3.7979676723480225,
cart,pool,16,full,0.2,median,1.0,1.0,,1.0,1.0,H_int,True,True,0.663990375878436,0.663990375878436,7,"[4, 5, 6, 7, 8, 10, 13]",11,47,0.6404387388378112,6.71801495552063,4
cart,pool,16,full,0.4,min,0.8,0.8,,1.0,0.6666666666666666,A0_any_to_last,False,False,,1.0000000000000018,0,[],5,5,-1.776356839400252e-15,2.736236333847046,
cart,pool,16,full,0.4,median,1.0,1.0,,1.0,1.0,H_int,True,True,0.663990375878436,0.663990375878436,15,"[4, 5, 6, 7, 8, 9, 10, 11, 13, 14, 15, 17, 18, 19, 20]",11,95,0.6404387388378112,7.315799713134766,4
cart,pool,16,full,0.6,min,1.0,1.0,,1.0,1.0,H_int,True,True,0.663990375878436,0.663990375878436,13,"[4, 5, 6, 7, 8, 10, 11, 13, 14, 15, 17, 19, 20]",11,83,0.6404387388378112,4.951503276824951,4
cart,pool,16,full,0.6,median,1.0,1.0,,1.0,1.0,H_int,True,True,0.663990375878436,0.663990375878436,15,"[4, 5, 6, 7, 8, 9, 10, 11, 13, 14, 15, 17, 18, 19, 20]",11,95,0.6404387388378112,5.035508632659912,4
cart,pool,16,full,0.8,min,1.0,1.0,,1.0,1.0,H_int,True,True,0.663990375878436,0.663990375878436,13,"[4, 5, 6, 7, 8, 10, 11, 13, 14, 15, 17, 19, 20]",11,83,0.6404387388378112,5.800976514816284,4
cart,pool,16,full,0.8,median,1.0,1.0,,1.0,1.0,H_int,True,True,0.663990375878436,0.663990375878436,15,"[4, 5, 6, 7, 8, 9, 10, 11, 13, 14, 15, 17, 18, 19, 20]",11,95,0.6404387388378112,5.103641033172607,4
cart,pool,16,fixed,,min,0.8,0.8,,1.0,0.6666666666666666,A0_any_to_last,False,False,,1.0000000000000018,0,[],5,5,-1.776356839400252e-15,2.8397324085235596,
cart,pool,16,oracle,,min,1.0,1.0,,1.0,1.0,H_int,True,True,0.663990375878436,0.663990375878436,0,[],11,11,0.6404387388378112,7.153231143951416,
cart,pool,17,full,0.01,min,0.8,0.8,,1.0,0.6666666666666666,A0_any_to_last,False,False,,0.9999999999999929,0,[],5,5,7.105427357600977e-15,2.696903705596924,
cart,pool,17,full,0.01,median,0.8,0.8,,1.0,0.6666666666666666,A0_any_to_last,False,False,,0.9999999999999929,0,[],5,5,7.105427357600977e-15,4.165688514709473,
cart,pool,17,full,0.025,min,0.8,0.8,,1.0,0.6666666666666666,A0_any_to_last,False,False,,0.9999999999999929,0,[],5,5,7.105427357600977e-15,2.864011764526367,
cart,pool,17,full,0.025,median,0.8,0.8,,1.0,0.6666666666666666,A0_any_to_last,False,False,,0.9999999999999929,0,[],5,5,7.105427357600977e-15,4.133122682571411,
cart,pool,17,full,0.05,min,0.8,0.8,,1.0,0.6666666666666666,A0_any_to_last,False,False,,0.9999999999999929,0,[],5,5,7.105427357600977e-15,2.822895050048828,
cart,pool,17,full,0.05,median,0.8,0.8,,1.0,0.6666666666666666,A0_any_to_last,False,False,,0.9999999999999929,0,[],5,5,7.105427357600977e-15,3.834050178527832,
cart,pool,17,full,0.1,min,0.8,0.8,,1.0,0.6666666666666666,A0_any_to_last,False,False,,0.9999999999999929,0,[],5,5,7.105427357600977e-15,2.807154655456543,
cart,pool,17,full,0.1,median,0.8,0.8,,1.0,0.6666666666666666,A0_any_to_last,False,False,,0.9999999999999929,0,[],5,5,7.105427357600977e-15,4.085310935974121,
cart,pool,17,full,0.2,min,0.8,0.8,,1.0,0.6666666666666666,A0_any_to_last,False,False,,0.9999999999999929,0,[],5,5,7.105427357600977e-15,2.687955856323242,
cart,pool,17,full,0.2,median,0.8,0.8,,1.0,0.6666666666666666,A0_any_to_last,False,False,,0.9999999999999929,0,[],5,5,7.105427357600977e-15,3.061769723892212,
cart,pool,17,full,0.4,min,0.8,0.8,,1.0,0.6666666666666666,A0_any_to_last,False,False,,0.9999999999999929,0,[],5,5,7.105427357600977e-15,2.46858549118042,
cart,pool,17,full,0.4,median,0.8,0.8,,1.0,0.6666666666666666,A0_any_to_last,False,False,,0.9999999999999929,0,[],5,5,7.105427357600977e-15,3.966127395629883,
cart,pool,17,full,0.6,min,0.8,0.8,,1.0,0.6666666666666666,A0_any_to_last,False,False,,0.9999999999999929,0,[],5,5,7.105427357600977e-15,2.3620431423187256,
cart,pool,17,full,0.6,median,0.8,0.8,,1.0,0.6666666666666666,A0_any_to_last,False,False,,0.9999999999999929,0,[],5,5,7.105427357600977e-15,2.7313437461853027,
cart,pool,17,full,0.8,min,0.8,0.8,,1.0,0.6666666666666666,A0_any_to_last,False,False,,0.9999999999999929,0,[],5,5,7.105427357600977e-15,2.8201940059661865,
cart,pool,17,full,0.8,median,1.0,1.0,,1.0,1.0,H_int,True,True,0.6639978208535093,0.6639978208535093,4,"[13, 16, 18, 19]",11,29,0.6404334867100728,5.033041954040527,13
cart,pool,17,fixed,,min,0.8,0.8,,1.0,0.6666666666666666,A0_any_to_last,False,False,,0.9999999999999929,0,[],5,5,7.105427357600977e-15,2.7894208431243896,
cart,pool,17,oracle,,min,1.0,1.0,,1.0,1.0,H_int,True,True,0.6639978208535093,0.6639978208535093,0,[],11,11,0.6404334867100728,6.142495632171631,
cart,pool,18,full,0.01,min,0.8,0.8,,1.0,0.6666666666666666,A0_any_to_last,False,False,,0.9999999999999982,0,[],5,5,1.7763568394002489e-15,2.9847655296325684,
cart,pool,18,full,0.01,median,0.8,0.8,,1.0,0.6666666666666666,A0_any_to_last,False,False,,0.9999999999999982,0,[],5,5,1.7763568394002489e-15,2.8964407444000244,
cart,pool,18,full,0.025,min,0.8,0.8,,1.0,0.6666666666666666,A0_any_to_last,False,False,,0.9999999999999982,0,[],5,5,1.7763568394002489e-15,4.303689479827881,
cart,pool,18,full,0.025,median,0.8,0.8,,1.0,0.6666666666666666,A0_any_to_last,False,False,,0.9999999999999982,0,[],5,5,1.7763568394002489e-15,3.944474458694458,
cart,pool,18,full,0.05,min,0.8,0.8,,1.0,0.6666666666666666,A0_any_to_last,False,False,,0.9999999999999982,0,[],5,5,1.7763568394002489e-15,2.7440078258514404,
cart,pool,18,full,0.05,median,0.8,0.8,,1.0,0.6666666666666666,A0_any_to_last,False,False,,0.9999999999999982,0,[],5,5,1.7763568394002489e-15,2.8129985332489014,
cart,pool,18,full,0.1,min,0.8,0.8,,1.0,0.6666666666666666,A0_any_to_last,False,False,,0.9999999999999982,0,[],5,5,1.7763568394002489e-15,2.915358066558838,
cart,pool,18,full,0.1,median,0.8,0.8,,1.0,0.6666666666666666,A0_any_to_last,False,False,,0.9999999999999982,0,[],5,5,1.7763568394002489e-15,2.9355361461639404,
cart,pool,18,full,0.2,min,0.8,0.8,,1.0,0.6666666666666666,A0_any_to_last,False,False,,0.9999999999999982,0,[],5,5,1.7763568394002489e-15,2.9420111179351807,
cart,pool,18,full,0.2,median,0.8,0.8,,1.0,0.6666666666666666,A0_any_to_last,False,False,,0.9999999999999982,0,[],5,5,1.7763568394002489e-15,4.352823257446289,
cart,pool,18,full,0.4,min,0.8,0.8,,1.0,0.6666666666666666,A0_any_to_last,False,False,,0.9999999999999982,0,[],5,5,1.7763568394002489e-15,3.0164577960968018,
cart,pool,18,full,0.4,median,1.0,1.0,,1.0,1.0,H_int,True,True,0.6640094272036525,0.6640094272036525,2,"[18, 19]",11,17,0.6404252999594177,5.571119785308838,18
cart,pool,18,full,0.6,min,0.8,0.8,,1.0,0.6666666666666666,A0_any_to_last,False,False,,0.9999999999999982,0,[],5,5,1.7763568394002489e-15,2.703617572784424,
cart,pool,18,full,0.6,median,1.0,1.0,,1.0,1.0,H_int,True,True,0.6640094272036525,0.6640094272036525,4,"[12, 18, 19, 20]",11,29,0.6404252999594177,4.045671463012695,12
cart,pool,18,full,0.8,min,0.8,0.8,,1.0,0.6666666666666666,A0_any_to_last,False,False,,0.9999999999999982,0,[],5,5,1.7763568394002489e-15,2.8446204662323,
cart,pool,18,full,0.8,median,1.0,1.0,,1.0,1.0,H_int,True,True,0.6640094272036525,0.6640094272036525,6,"[11, 12, 15, 18, 19, 20]",11,41,0.6404252999594177,4.974826335906982,11
cart,pool,18,fixed,,min,0.8,0.8,,1.0,0.6666666666666666,A0_any_to_last,False,False,,0.9999999999999982,0,[],5,5,1.7763568394002489e-15,2.739288806915283,
cart,pool,18,oracle,,min,1.0,1.0,,1.0,1.0,H_int,True,True,0.6640094272036525,0.6640094272036525,0,[],11,11,0.6404252999594177,6.631571531295776,
cart,pool,19,full,0.01,min,0.8,0.8,,1.0,0.6666666666666666,A0_any_to_last,False,False,,1.0000000000000075,0,[],5,5,-7.549516567451093e-15,2.4661166667938232,
cart,pool,19,full,0.01,median,0.8,0.8,,1.0,0.6666666666666666,A0_any_to_last,False,False,,1.0000000000000075,0,[],5,5,-7.549516567451093e-15,3.688264846801758,
cart,pool,19,full,0.025,min,0.8,0.8,,1.0,0.6666666666666666,A0_any_to_last,False,False,,1.0000000000000075,0,[],5,5,-7.549516567451093e-15,2.728609800338745,
cart,pool,19,full,0.025,median,0.8,0.8,,1.0,0.6666666666666666,A0_any_to_last,False,False,,1.0000000000000075,0,[],5,5,-7.549516567451093e-15,2.5156407356262207,
cart,pool,19,full,0.05,min,0.8,0.8,,1.0,0.6666666666666666,A0_any_to_last,False,False,,1.0000000000000075,0,[],5,5,-7.549516567451093e-15,2.591242551803589,
cart,pool,19,full,0.05,median,0.8,0.8,,1.0,0.6666666666666666,A0_any_to_last,False,False,,1.0000000000000075,0,[],5,5,-7.549516567451093e-15,2.799293041229248,
cart,pool,19,full,0.1,min,0.8,0.8,,1.0,0.6666666666666666,A0_any_to_last,False,False,,1.0000000000000075,0,[],5,5,-7.549516567451093e-15,3.312371015548706,
cart,pool,19,full,0.1,median,0.8,0.8,,1.0,0.6666666666666666,A0_any_to_last,False,False,,1.0000000000000075,0,[],5,5,-7.549516567451093e-15,4.114314317703247,
cart,pool,19,full,0.2,min,0.8,0.8,,1.0,0.6666666666666666,A0_any_to_last,False,False,,1.0000000000000075,0,[],5,5,-7.549516567451093e-15,2.78517746925354,
cart,pool,19,full,0.2,median,1.0,1.0,,1.0,1.0,H_int,True,True,0.6639940101410984,0.6639940101410984,3,"[8, 12, 13]",11,23,0.6404361751520994,4.841278314590454,8
cart,pool,19,full,0.4,min,0.8,0.8,,1.0,0.6666666666666666,A0_any_to_last,False,False,,1.0000000000000075,0,[],5,5,-7.549516567451093e-15,2.5387415885925293,
cart,pool,19,full,0.4,median,1.0,1.0,,1.0,1.0,H_int,True,True,0.6639940101410984,0.6639940101410984,4,"[8, 12, 13, 14]",11,29,0.6404361751520994,4.9431891441345215,8
cart,pool,19,full,0.6,min,0.8,0.8,,1.0,0.6666666666666666,A0_any_to_last,False,False,,1.0000000000000075,0,[],5,5,-7.549516567451093e-15,2.729682207107544,
cart,pool,19,full,0.6,median,1.0,1.0,,1.0,1.0,H_int,True,True,0.6639940101410984,0.6639940101410984,8,"[8, 10, 11, 12, 13, 14, 16, 18]",11,53,0.6404361751520994,5.51542592048645,8
cart,pool,19,full,0.8,min,0.8,0.8,,1.0,0.6666666666666666,A0_any_to_last,False,False,,1.0000000000000075,0,[],5,5,-7.549516567451093e-15,2.707293748855591,
cart,pool,19,full,0.8,median,1.0,1.0,,1.0,1.0,H_int,True,True,0.6639940101410984,0.6639940101410984,12,"[8, 9, 10, 11, 12, 13, 14, 15, 16, 18, 19, 20]",11,77,0.6404361751520994,4.752649545669556,8
cart,pool,19,fixed,,min,0.8,0.8,,1.0,0.6666666666666666,A0_any_to_last,False,False,,1.0000000000000075,0,[],5,5,-7.549516567451093e-15,3.2748544216156006,
cart,pool,19,oracle,,min,1.0,1.0,,1.0,1.0,H_int,True,True,0.6639940101410984,0.6639940101410984,0,[],11,11,0.6404361751520994,5.270889759063721,
aisle,original,"[0, 1, 2]",full,0.01,min,0.6,0.33333333333333337,0.4,1.0,0.2,B0_cells,False,False,,0.4252832193865235,0,[],4,4,1.142061258822684,0.763638973236084,
aisle,original,"[0, 1, 2]",full,0.01,median,0.6,0.33333333333333337,0.4,1.0,0.2,B0_cells,False,False,,0.4252832193865235,0,[],4,4,1.142061258822684,0.7185080051422119,
aisle,original,"[0, 1, 2]",full,0.025,min,0.6,0.33333333333333337,0.4,1.0,0.2,B0_cells,False,False,,0.4252832193865235,0,[],4,4,1.142061258822684,0.5799703598022461,
aisle,original,"[0, 1, 2]",full,0.025,median,0.6,0.33333333333333337,0.4,1.0,0.2,B0_cells,False,False,,0.4252832193865235,0,[],4,4,1.142061258822684,0.4761531352996826,
aisle,original,"[0, 1, 2]",full,0.05,min,0.6,0.33333333333333337,0.4,1.0,0.2,B0_cells,False,False,,0.4252832193865235,0,[],4,4,1.142061258822684,0.5151095390319824,
aisle,original,"[0, 1, 2]",full,0.05,median,0.6,0.33333333333333337,0.4,1.0,0.2,B0_cells,False,False,,0.4252832193865235,0,[],4,4,1.142061258822684,0.37342309951782227,
aisle,original,"[0, 1, 2]",full,0.1,min,0.6,0.33333333333333337,0.4,1.0,0.2,B0_cells,False,False,,0.4252832193865235,0,[],4,4,1.142061258822684,0.44969725608825684,
aisle,original,"[0, 1, 2]",full,0.1,median,0.6,0.33333333333333337,0.4,1.0,0.2,B0_cells,False,False,,0.4252832193865235,0,[],4,4,1.142061258822684,0.3760547637939453,
aisle,original,"[0, 1, 2]",full,0.2,min,0.6,0.33333333333333337,0.4,1.0,0.2,B0_cells,False,False,,0.4252832193865235,0,[],4,4,1.142061258822684,0.4396331310272217,
aisle,original,"[0, 1, 2]",full,0.2,median,0.6,0.33333333333333337,0.4,1.0,0.2,B0_cells,False,False,,0.4252832193865235,0,[],4,4,1.142061258822684,0.47580695152282715,
aisle,original,"[0, 1, 2]",full,0.4,min,0.6,0.33333333333333337,0.4,1.0,0.2,B0_cells,False,False,,0.4252832193865235,0,[],4,4,1.142061258822684,0.433197021484375,
aisle,original,"[0, 1, 2]",full,0.4,median,0.6,0.33333333333333337,0.4,1.0,0.2,B0_cells,False,False,,0.4252832193865235,0,[],4,4,1.142061258822684,0.4718635082244873,
aisle,original,"[0, 1, 2]",full,0.6,min,0.6,0.33333333333333337,0.4,1.0,0.2,B0_cells,False,False,,0.4252832193865235,0,[],4,4,1.142061258822684,0.4964020252227783,
aisle,original,"[0, 1, 2]",full,0.6,median,0.6,0.33333333333333337,0.4,1.0,0.2,B0_cells,False,False,,0.4252832193865235,0,[],4,4,1.142061258822684,0.4472529888153076,
aisle,original,"[0, 1, 2]",full,0.8,min,0.6,0.33333333333333337,0.4,1.0,0.2,B0_cells,False,False,,0.4252832193865235,0,[],4,4,1.142061258822684,0.39055538177490234,
aisle,original,"[0, 1, 2]",full,0.8,median,0.6,0.33333333333333337,0.4,1.0,0.2,B0_cells,False,False,,0.4252832193865235,0,[],4,4,1.142061258822684,0.44757819175720215,
aisle,original,"[0, 1, 2]",fixed,,min,0.6,0.33333333333333337,0.4,1.0,0.2,B0_cells,False,False,,0.4252832193865235,0,[],4,4,1.142061258822684,0.47533512115478516,
aisle,original,"[0, 1, 2]",oracle,,min,1.0,1.0,1.0,1.0,1.0,S_corridor,False,True,0.3821500696457121,0.38243980788636317,0,[],8,9,1.3356750706057663,0.8257546424865723,
aisle,original,"[0, 2, 1]",full,0.01,min,0.7,0.5714285714285715,0.4,1.0,0.4,S_memorised,False,False,0.22577939281323456,0.40918657159332106,1,[3],9,9,1.4656958867401868,0.7667074203491211,3
aisle,original,"[0, 2, 1]",full,0.01,median,0.7,0.5714285714285715,0.4,1.0,0.4,S_memorised,False,False,0.22577939281323456,0.40918657159332106,1,[3],9,9,1.4656958867401868,0.5879735946655273,3
aisle,original,"[0, 2, 1]",full,0.025,min,0.7,0.5714285714285715,0.4,1.0,0.4,S_memorised,False,False,0.22577939281323456,0.40918657159332106,1,[3],9,9,1.4656958867401868,0.7391011714935303,3
aisle,original,"[0, 2, 1]",full,0.025,median,0.7,0.5714285714285715,0.4,1.0,0.4,S_memorised,False,False,0.22577939281323456,0.40918657159332106,1,[3],9,9,1.4656958867401868,0.7723433971405029,3
aisle,original,"[0, 2, 1]",full,0.05,min,0.7,0.5714285714285715,0.4,1.0,0.4,S_memorised,False,False,0.22577939281323456,0.40918657159332106,1,[3],9,9,1.4656958867401868,0.7532708644866943,3
aisle,original,"[0, 2, 1]",full,0.05,median,0.7,0.5714285714285715,0.4,1.0,0.4,S_memorised,False,False,0.22577939281323456,0.40918657159332106,1,[3],9,9,1.4656958867401868,0.7688968181610107,3
aisle,original,"[0, 2, 1]",full,0.1,min,0.7,0.5714285714285715,0.4,1.0,0.4,S_memorised,False,False,0.22577939281323456,0.40918657159332106,1,[3],9,9,1.4656958867401868,0.7228202819824219,3
aisle,original,"[0, 2, 1]",full,0.1,median,0.7,0.5714285714285715,0.4,1.0,0.4,S_memorised,False,False,0.22577939281323456,0.40918657159332106,1,[3],9,9,1.4656958867401868,0.7271747589111328,3
aisle,original,"[0, 2, 1]",full,0.2,min,0.7,0.5714285714285715,0.4,1.0,0.4,S_memorised,False,False,0.22577939281323456,0.40918657159332106,1,[3],9,9,1.4656958867401868,0.7540223598480225,3
aisle,original,"[0, 2, 1]",full,0.2,median,0.7,0.5714285714285715,0.4,1.0,0.4,S_memorised,False,False,0.22577939281323456,0.40918657159332106,1,[3],9,9,1.4656958867401868,0.7491657733917236,3
aisle,original,"[0, 2, 1]",full,0.4,min,0.7,0.5714285714285715,0.4,1.0,0.4,S_memorised,False,False,0.22577939281323456,0.40918657159332106,1,[3],9,9,1.4656958867401868,0.7470870018005371,3
aisle,original,"[0, 2, 1]",full,0.4,median,0.7,0.5714285714285715,0.4,1.0,0.4,S_memorised,False,False,0.22577939281323456,0.40918657159332106,1,[3],9,9,1.4656958867401868,0.7280821800231934,3
aisle,original,"[0, 2, 1]",full,0.6,min,0.7,0.5714285714285715,0.4,1.0,0.4,S_memorised,False,False,0.22577939281323456,0.40918657159332106,1,[3],9,9,1.4656958867401868,0.7273073196411133,3
aisle,original,"[0, 2, 1]",full,0.6,median,0.7,0.5714285714285715,0.4,1.0,0.4,S_memorised,False,False,0.22577939281323456,0.40918657159332106,1,[3],9,9,1.4656958867401868,0.7222461700439453,3
aisle,original,"[0, 2, 1]",full,0.8,min,0.7,0.5714285714285715,0.4,1.0,0.4,S_memorised,False,False,0.22577939281323456,0.40918657159332106,1,[3],9,9,1.4656958867401868,0.8971340656280518,3
aisle,original,"[0, 2, 1]",full,0.8,median,0.7,0.5714285714285715,0.4,1.0,0.4,S_memorised,False,False,0.22577939281323456,0.40918657159332106,1,[3],9,9,1.4656958867401868,0.8125534057617188,3
aisle,original,"[0, 2, 1]",fixed,,min,0.6,0.33333333333333337,0.4,1.0,0.2,B0_cells,False,False,,0.4252832193865235,0,[],4,4,1.142061258822684,0.4777100086212158,
aisle,original,"[0, 2, 1]",oracle,,min,1.0,1.0,1.0,1.0,1.0,S_corridor,False,True,0.3821500696457121,0.38243980788636317,0,[],8,9,1.3356750706057663,0.7728750705718994,
aisle,original,"[1, 0, 2]",full,0.01,min,0.6,0.33333333333333337,0.4,1.0,0.2,B0_cells,False,False,,0.42603408787475233,0,[],4,4,1.1416554855427545,0.4863851070404053,
aisle,original,"[1, 0, 2]",full,0.01,median,0.6,0.33333333333333337,0.4,1.0,0.2,B0_cells,False,False,,0.42603408787475233,0,[],4,4,1.1416554855427545,0.33591294288635254,
aisle,original,"[1, 0, 2]",full,0.025,min,0.6,0.33333333333333337,0.4,1.0,0.2,B0_cells,False,False,,0.42603408787475233,0,[],4,4,1.1416554855427545,0.484238862991333,
aisle,original,"[1, 0, 2]",full,0.025,median,0.6,0.33333333333333337,0.4,1.0,0.2,B0_cells,False,False,,0.42603408787475233,0,[],4,4,1.1416554855427545,0.4824185371398926,
aisle,original,"[1, 0, 2]",full,0.05,min,0.6,0.33333333333333337,0.4,1.0,0.2,B0_cells,False,False,,0.42603408787475233,0,[],4,4,1.1416554855427545,0.48595285415649414,
aisle,original,"[1, 0, 2]",full,0.05,median,0.6,0.33333333333333337,0.4,1.0,0.2,B0_cells,False,False,,0.42603408787475233,0,[],4,4,1.1416554855427545,0.3962881565093994,
aisle,original,"[1, 0, 2]",full,0.1,min,0.6,0.33333333333333337,0.4,1.0,0.2,B0_cells,False,False,,0.42603408787475233,0,[],4,4,1.1416554855427545,0.47049498558044434,
aisle,original,"[1, 0, 2]",full,0.1,median,0.6,0.33333333333333337,0.4,1.0,0.2,B0_cells,False,False,,0.42603408787475233,0,[],4,4,1.1416554855427545,0.5202884674072266,
aisle,original,"[1, 0, 2]",full,0.2,min,0.6,0.33333333333333337,0.4,1.0,0.2,B0_cells,False,False,,0.42603408787475233,0,[],4,4,1.1416554855427545,0.6707861423492432,
aisle,original,"[1, 0, 2]",full,0.2,median,0.6,0.33333333333333337,0.4,1.0,0.2,B0_cells,False,False,,0.42603408787475233,0,[],4,4,1.1416554855427545,0.450394868850708,
aisle,original,"[1, 0, 2]",full,0.4,min,0.6,0.33333333333333337,0.4,1.0,0.2,B0_cells,False,False,,0.42603408787475233,0,[],4,4,1.1416554855427545,0.4766204357147217,
aisle,original,"[1, 0, 2]",full,0.4,median,0.6,0.33333333333333337,0.4,1.0,0.2,B0_cells,False,False,,0.42603408787475233,0,[],4,4,1.1416554855427545,0.4882068634033203,
aisle,original,"[1, 0, 2]",full,0.6,min,0.6,0.33333333333333337,0.4,1.0,0.2,B0_cells,False,False,,0.42603408787475233,0,[],4,4,1.1416554855427545,0.4754507541656494,
aisle,original,"[1, 0, 2]",full,0.6,median,0.6,0.33333333333333337,0.4,1.0,0.2,B0_cells,False,False,,0.42603408787475233,0,[],4,4,1.1416554855427545,0.47159481048583984,
aisle,original,"[1, 0, 2]",full,0.8,min,0.6,0.33333333333333337,0.4,1.0,0.2,B0_cells,False,False,,0.42603408787475233,0,[],4,4,1.1416554855427545,0.4765908718109131,
aisle,original,"[1, 0, 2]",full,0.8,median,0.6,0.33333333333333337,0.4,1.0,0.2,B0_cells,False,False,,0.42603408787475233,0,[],4,4,1.1416554855427545,0.4852018356323242,
aisle,original,"[1, 0, 2]",fixed,,min,0.6,0.33333333333333337,0.4,1.0,0.2,B0_cells,False,False,,0.42603408787475233,0,[],4,4,1.1416554855427545,0.4476625919342041,
aisle,original,"[1, 0, 2]",oracle,,min,1.0,1.0,1.0,1.0,1.0,S_corridor,False,True,0.382118770718819,0.3824084852292742,0,[],8,9,1.3358977919839876,0.6314289569854736,
aisle,original,"[1, 2, 0]",full,0.01,min,0.7,0.5714285714285715,0.4,1.0,0.4,S_memorised,False,False,0.22576846722778626,0.40916677083650027,1,[3],9,9,1.4658466511042183,1.0017266273498535,3
aisle,original,"[1, 2, 0]",full,0.01,median,0.7,0.5714285714285715,0.4,1.0,0.4,S_memorised,False,False,0.22576846722778626,0.40916677083650027,1,[3],9,9,1.4658466511042183,0.7545013427734375,3
aisle,original,"[1, 2, 0]",full,0.025,min,0.7,0.5714285714285715,0.4,1.0,0.4,S_memorised,False,False,0.22576846722778626,0.40916677083650027,1,[3],9,9,1.4658466511042183,0.7244448661804199,3
aisle,original,"[1, 2, 0]",full,0.025,median,0.7,0.5714285714285715,0.4,1.0,0.4,S_memorised,False,False,0.22576846722778626,0.40916677083650027,1,[3],9,9,1.4658466511042183,0.7087745666503906,3
aisle,original,"[1, 2, 0]",full,0.05,min,0.7,0.5714285714285715,0.4,1.0,0.4,S_memorised,False,False,0.22576846722778626,0.40916677083650027,1,[3],9,9,1.4658466511042183,0.7205777168273926,3
aisle,original,"[1, 2, 0]",full,0.05,median,0.7,0.5714285714285715,0.4,1.0,0.4,S_memorised,False,False,0.22576846722778626,0.40916677083650027,1,[3],9,9,1.4658466511042183,0.75520920753479,3
aisle,original,"[1, 2, 0]",full,0.1,min,0.7,0.5714285714285715,0.4,1.0,0.4,S_memorised,False,False,0.22576846722778626,0.40916677083650027,1,[3],9,9,1.4658466511042183,0.7160747051239014,3
aisle,original,"[1, 2, 0]",full,0.1,median,0.7,0.5714285714285715,0.4,1.0,0.4,S_memorised,False,False,0.22576846722778626,0.40916677083650027,1,[3],9,9,1.4658466511042183,0.6715071201324463,3
aisle,original,"[1, 2, 0]",full,0.2,min,0.7,0.5714285714285715,0.4,1.0,0.4,S_memorised,False,False,0.22576846722778626,0.40916677083650027,1,[3],9,9,1.4658466511042183,0.732323408126831,3
aisle,original,"[1, 2, 0]",full,0.2,median,0.7,0.5714285714285715,0.4,1.0,0.4,S_memorised,False,False,0.22576846722778626,0.40916677083650027,1,[3],9,9,1.4658466511042183,0.7317085266113281,3
aisle,original,"[1, 2, 0]",full,0.4,min,0.7,0.5714285714285715,0.4,1.0,0.4,S_memorised,False,False,0.22576846722778626,0.40916677083650027,1,[3],9,9,1.4658466511042183,0.727421760559082,3
aisle,original,"[1, 2, 0]",full,0.4,median,0.7,0.5714285714285715,0.4,1.0,0.4,S_memorised,False,False,0.22576846722778626,0.40916677083650027,1,[3],9,9,1.4658466511042183,0.7609500885009766,3
aisle,original,"[1, 2, 0]",full,0.6,min,0.7,0.5714285714285715,0.4,1.0,0.4,S_memorised,False,False,0.22576846722778626,0.40916677083650027,1,[3],9,9,1.4658466511042183,1.0028557777404785,3
aisle,original,"[1, 2, 0]",full,0.6,median,0.7,0.5714285714285715,0.4,1.0,0.4,S_memorised,False,False,0.22576846722778626,0.40916677083650027,1,[3],9,9,1.4658466511042183,0.7360973358154297,3
aisle,original,"[1, 2, 0]",full,0.8,min,0.7,0.5714285714285715,0.4,1.0,0.4,S_memorised,False,False,0.22576846722778626,0.40916677083650027,1,[3],9,9,1.4658466511042183,0.7125585079193115,3
aisle,original,"[1, 2, 0]",full,0.8,median,0.7,0.5714285714285715,0.4,1.0,0.4,S_memorised,False,False,0.22576846722778626,0.40916677083650027,1,[3],9,9,1.4658466511042183,0.6063716411590576,3
aisle,original,"[1, 2, 0]",fixed,,min,0.6,0.33333333333333337,0.4,1.0,0.2,B0_cells,False,False,,0.42603408787475233,0,[],4,4,1.1416554855427545,0.5186119079589844,
aisle,original,"[1, 2, 0]",oracle,,min,1.0,1.0,1.0,1.0,1.0,S_corridor,False,True,0.382118770718819,0.3824084852292742,0,[],8,9,1.3358977919839876,0.7501211166381836,
aisle,original,"[2, 0, 1]",full,0.01,min,0.5,0.0,0.4,0.0,0.0,H_null,False,False,,0.9999999999999973,0,[],1,1,2.664535259100372e-15,0.2124335765838623,
aisle,original,"[2, 0, 1]",full,0.01,median,0.5,0.0,0.4,0.0,0.0,H_null,False,False,,0.9999999999999973,0,[],1,1,2.664535259100372e-15,0.24839138984680176,
aisle,original,"[2, 0, 1]",full,0.025,min,0.5,0.0,0.4,0.0,0.0,H_null,False,False,,0.9999999999999973,0,[],1,1,2.664535259100372e-15,0.24456524848937988,
aisle,original,"[2, 0, 1]",full,0.025,median,0.5,0.0,0.4,0.0,0.0,H_null,False,False,,0.9999999999999973,0,[],1,1,2.664535259100372e-15,0.25329017639160156,
aisle,original,"[2, 0, 1]",full,0.05,min,0.5,0.0,0.4,0.0,0.0,H_null,False,False,,0.9999999999999973,0,[],1,1,2.664535259100372e-15,0.2709343433380127,
aisle,original,"[2, 0, 1]",full,0.05,median,0.5,0.0,0.4,0.0,0.0,H_null,False,False,,0.9999999999999973,0,[],1,1,2.664535259100372e-15,0.2019493579864502,
aisle,original,"[2, 0, 1]",full,0.1,min,0.5,0.0,0.4,0.0,0.0,H_null,False,False,,0.9999999999999973,0,[],1,1,2.664535259100372e-15,0.24207592010498047,
aisle,original,"[2, 0, 1]",full,0.1,median,0.5,0.0,0.4,0.0,0.0,H_null,False,False,,0.9999999999999973,0,[],1,1,2.664535259100372e-15,0.19830608367919922,
aisle,original,"[2, 0, 1]",full,0.2,min,0.5,0.0,0.4,0.0,0.0,H_null,False,False,,0.9999999999999973,0,[],1,1,2.664535259100372e-15,0.3840818405151367,
aisle,original,"[2, 0, 1]",full,0.2,median,0.5,0.0,0.4,0.0,0.0,H_null,False,False,,0.9999999999999973,0,[],1,1,2.664535259100372e-15,0.27967286109924316,
aisle,original,"[2, 0, 1]",full,0.4,min,0.5,0.0,0.4,0.0,0.0,H_null,False,False,,0.9999999999999973,0,[],1,1,2.664535259100372e-15,0.24549078941345215,
aisle,original,"[2, 0, 1]",full,0.4,median,0.5,0.0,0.4,0.0,0.0,H_null,False,False,,0.9999999999999973,0,[],1,1,2.664535259100372e-15,0.22656559944152832,
aisle,original,"[2, 0, 1]",full,0.6,min,0.7,0.5714285714285715,0.4,1.0,0.4,S_memorised,False,False,0.23165442014920237,0.4198340548010122,1,[3],6,6,1.3546129870971475,0.5285630226135254,3
aisle,original,"[2, 0, 1]",full,0.6,median,0.7,0.5714285714285715,0.4,1.0,0.4,S_memorised,False,False,0.23165442014920237,0.4198340548010122,1,[3],6,6,1.3546129870971475,0.5192584991455078,3
aisle,original,"[2, 0, 1]",full,0.8,min,0.7,0.5714285714285715,0.4,1.0,0.4,S_memorised,False,False,0.23165442014920237,0.4198340548010122,1,[3],6,6,1.3546129870971475,0.3793666362762451,3
aisle,original,"[2, 0, 1]",full,0.8,median,0.7,0.5714285714285715,0.4,1.0,0.4,S_memorised,False,False,0.23165442014920237,0.4198340548010122,1,[3],6,6,1.3546129870971475,0.5280039310455322,3
aisle,original,"[2, 0, 1]",fixed,,min,0.5,0.0,0.4,0.0,0.0,H_null,False,False,,0.9999999999999973,0,[],1,1,2.664535259100372e-15,0.15258502960205078,
aisle,original,"[2, 0, 1]",oracle,,min,1.0,1.0,1.0,1.0,1.0,S_corridor,False,True,0.3992899308658118,0.3995926641930247,0,[],5,5,1.1623822661517165,0.5390870571136475,
aisle,original,"[2, 1, 0]",full,0.01,min,0.5,0.0,0.4,0.0,0.0,H_null,False,False,,0.9999999999999973,0,[],1,1,2.664535259100372e-15,0.2760481834411621,
aisle,original,"[2, 1, 0]",full,0.01,median,0.5,0.0,0.4,0.0,0.0,H_null,False,False,,0.9999999999999973,0,[],1,1,2.664535259100372e-15,0.3745553493499756,
aisle,original,"[2, 1, 0]",full,0.025,min,0.5,0.0,0.4,0.0,0.0,H_null,False,False,,0.9999999999999973,0,[],1,1,2.664535259100372e-15,0.19621872901916504,
aisle,original,"[2, 1, 0]",full,0.025,median,0.5,0.0,0.4,0.0,0.0,H_null,False,False,,0.9999999999999973,0,[],1,1,2.664535259100372e-15,0.2453470230102539,
aisle,original,"[2, 1, 0]",full,0.05,min,0.5,0.0,0.4,0.0,0.0,H_null,False,False,,0.9999999999999973,0,[],1,1,2.664535259100372e-15,0.24301862716674805,
aisle,original,"[2, 1, 0]",full,0.05,median,0.5,0.0,0.4,0.0,0.0,H_null,False,False,,0.9999999999999973,0,[],1,1,2.664535259100372e-15,0.2541499137878418,
aisle,original,"[2, 1, 0]",full,0.1,min,0.5,0.0,0.4,0.0,0.0,H_null,False,False,,0.9999999999999973,0,[],1,1,2.664535259100372e-15,0.1639420986175537,
aisle,original,"[2, 1, 0]",full,0.1,median,0.5,0.0,0.4,0.0,0.0,H_null,False,False,,0.9999999999999973,0,[],1,1,2.664535259100372e-15,0.2713477611541748,
aisle,original,"[2, 1, 0]",full,0.2,min,0.5,0.0,0.4,0.0,0.0,H_null,False,False,,0.9999999999999973,0,[],1,1,2.664535259100372e-15,0.3522059917449951,
aisle,original,"[2, 1, 0]",full,0.2,median,0.5,0.0,0.4,0.0,0.0,H_null,False,False,,0.9999999999999973,0,[],1,1,2.664535259100372e-15,0.24228739738464355,
aisle,original,"[2, 1, 0]",full,0.4,min,0.5,0.0,0.4,0.0,0.0,H_null,False,False,,0.9999999999999973,0,[],1,1,2.664535259100372e-15,0.356769323348999,
aisle,original,"[2, 1, 0]",full,0.4,median,0.5,0.0,0.4,0.0,0.0,H_null,False,False,,0.9999999999999973,0,[],1,1,2.664535259100372e-15,0.24454808235168457,
aisle,original,"[2, 1, 0]",full,0.6,min,0.5,0.0,0.4,0.0,0.0,H_null,False,False,,0.9999999999999973,0,[],1,1,2.664535259100372e-15,0.18820977210998535,
aisle,original,"[2, 1, 0]",full,0.6,median,0.5,0.0,0.4,0.0,0.0,H_null,False,False,,0.9999999999999973,0,[],1,1,2.664535259100372e-15,0.2680995464324951,
aisle,original,"[2, 1, 0]",full,0.8,min,0.5,0.0,0.4,0.0,0.0,H_null,False,False,,0.9999999999999973,0,[],1,1,2.664535259100372e-15,0.1805274486541748,
aisle,original,"[2, 1, 0]",full,0.8,median,0.5,0.0,0.4,0.0,0.0,H_null,False,False,,0.9999999999999973,0,[],1,1,2.664535259100372e-15,0.2722914218902588,
aisle,original,"[2, 1, 0]",fixed,,min,0.5,0.0,0.4,0.0,0.0,H_null,False,False,,0.9999999999999973,0,[],1,1,2.664535259100372e-15,0.2455883026123047,
aisle,original,"[2, 1, 0]",oracle,,min,1.0,1.0,1.0,1.0,1.0,S_corridor,False,True,0.3992899308658118,0.3995926641930247,0,[],5,5,1.1623822661517165,0.48667263984680176,
aisle,pool,0,full,0.01,min,0.6,0.33333333333333337,0.4,1.0,0.2,B0_cells,False,False,,0.9977304255003554,0,[],4,4,0.017601521472846195,2.4961395263671875,
aisle,pool,0,full,0.01,median,0.6,0.33333333333333337,0.4,1.0,0.2,B0_cells,False,False,,0.9977304255003554,0,[],4,4,0.017601521472846195,3.227733850479126,
aisle,pool,0,full,0.025,min,0.6,0.33333333333333337,0.4,1.0,0.2,B0_cells,False,False,,0.9977304255003554,0,[],4,4,0.017601521472846195,2.393381357192993,
aisle,pool,0,full,0.025,median,0.6,0.33333333333333337,0.4,1.0,0.2,B0_cells,False,False,,0.9977304255003554,0,[],4,4,0.017601521472846195,2.6391022205352783,
aisle,pool,0,full,0.05,min,0.6,0.33333333333333337,0.4,1.0,0.2,B0_cells,False,False,,0.9977304255003554,0,[],4,4,0.017601521472846195,2.4842982292175293,
aisle,pool,0,full,0.05,median,0.7,0.5714285714285715,0.4,1.0,0.4,S_memorised,False,False,0.26666097962449525,0.46532984612957884,1,[9],9,9,1.063064993235258,5.057356595993042,9
aisle,pool,0,full,0.1,min,0.6,0.33333333333333337,0.4,1.0,0.2,B0_cells,False,False,,0.9977304255003554,0,[],4,4,0.017601521472846195,3.0143179893493652,
aisle,pool,0,full,0.1,median,0.7,0.5714285714285715,0.4,1.0,0.4,S_memorised,False,False,0.26666097962449525,0.46532984612957884,1,[8],9,9,1.063064993235258,5.810676574707031,8
aisle,pool,0,full,0.2,min,0.7,0.5714285714285715,0.4,1.0,0.4,S_memorised,False,False,0.26666097962449525,0.46532984612957884,1,[8],9,9,1.063064993235258,4.577149391174316,8
aisle,pool,0,full,0.2,median,0.7,0.5714285714285715,0.4,1.0,0.4,S_memorised,False,False,0.26666097962449525,0.46532984612957884,1,[8],9,9,1.063064993235258,3.857210874557495,8
aisle,pool,0,full,0.4,min,0.7,0.5714285714285715,0.4,1.0,0.4,S_memorised,False,False,0.26666097962449525,0.46532984612957884,1,[8],9,9,1.063064993235258,5.822659492492676,8
aisle,pool,0,full,0.4,median,0.7,0.5714285714285715,0.4,1.0,0.4,S_memorised,False,False,0.26666097962449525,0.46532984612957884,1,[8],9,9,1.063064993235258,4.1121416091918945,8
aisle,pool,0,full,0.6,min,0.7,0.5714285714285715,0.4,1.0,0.4,S_memorised,False,False,0.26666097962449525,0.46532984612957884,1,[8],9,9,1.063064993235258,4.320105791091919,8
aisle,pool,0,full,0.6,median,0.7,0.5714285714285715,0.4,1.0,0.4,S_memorised,False,False,0.26666097962449525,0.46532984612957884,3,"[8, 12, 14]",9,19,1.063064993235258,7.349057912826538,8
aisle,pool,0,full,0.8,min,0.7,0.5714285714285715,0.4,1.0,0.4,S_memorised,False,False,0.26666097962449525,0.46532984612957884,1,[8],9,9,1.063064993235258,5.278362512588501,8
aisle,pool,0,full,0.8,median,0.7,0.5714285714285715,0.4,1.0,0.4,S_memorised,False,False,0.26666097962449525,0.46532984612957884,4,"[8, 12, 14, 16]",9,24,1.063064993235258,5.850680589675903,8
aisle,pool,0,fixed,,min,0.6,0.33333333333333337,0.4,1.0,0.2,B0_cells,False,False,,0.9977304255003554,0,[],4,4,0.017601521472846195,2.5731966495513916,
aisle,pool,0,oracle,,min,1.0,1.0,1.0,1.0,1.0,S_corridor,False,True,0.49873922771667095,0.5008677296884887,0,[],8,9,0.6963616339935391,4.985767364501953,
aisle,pool,1,full,0.01,min,0.7,0.5714285714285715,0.4,1.0,0.4,S_memorised,False,False,0.26574188462762416,0.467407164535429,8,"[3, 4, 5, 7, 8, 10, 12, 14]",9,44,1.0602292199529542,4.653093099594116,3
aisle,pool,1,full,0.01,median,0.7,0.5714285714285715,0.4,1.0,0.4,S_memorised,False,False,0.26574188462762416,0.467407164535429,10,"[3, 4, 5, 7, 8, 10, 12, 14, 17, 20]",9,54,1.0602292199529542,3.9540278911590576,3
aisle,pool,1,full,0.025,min,0.7,0.5714285714285715,0.4,1.0,0.4,S_memorised,False,False,0.26574188462762416,0.467407164535429,12,"[3, 4, 5, 7, 8, 10, 12, 14, 16, 17, 18, 20]",9,64,1.0602292199529542,4.647128343582153,3
aisle,pool,1,full,0.025,median,0.7,0.5714285714285715,0.4,1.0,0.4,S_memorised,False,False,0.26574188462762416,0.467407164535429,12,"[3, 4, 5, 7, 8, 10, 12, 14, 16, 17, 18, 20]",9,64,1.0602292199529542,4.75964093208313,3
aisle,pool,1,full,0.05,min,0.7,0.5714285714285715,0.4,1.0,0.4,S_memorised,False,False,0.26574188462762416,0.467407164535429,12,"[3, 4, 5, 7, 8, 10, 12, 14, 16, 17, 18, 20]",9,64,1.0602292199529542,4.66233229637146,3
aisle,pool,1,full,0.05,median,0.7,0.5714285714285715,0.4,1.0,0.4,S_memorised,False,False,0.26574188462762416,0.467407164535429,12,"[3, 4, 5, 7, 8, 10, 12, 14, 16, 17, 18, 20]",9,64,1.0602292199529542,6.339847564697266,3
aisle,pool,1,full,0.1,min,0.7,0.5714285714285715,0.4,1.0,0.4,S_memorised,False,False,0.26574188462762416,0.467407164535429,12,"[3, 4, 5, 7, 8, 10, 12, 14, 16, 17, 18, 20]",9,64,1.0602292199529542,5.542623043060303,3
aisle,pool,1,full,0.1,median,0.7,0.5714285714285715,0.4,1.0,0.4,S_memorised,False,False,0.26574188462762416,0.467407164535429,12,"[3, 4, 5, 7, 8, 10, 12, 14, 16, 17, 18, 20]",9,64,1.0602292199529542,4.812767505645752,3
aisle,pool,1,full,0.2,min,0.7,0.5714285714285715,0.4,1.0,0.4,S_memorised,False,False,0.26574188462762416,0.467407164535429,12,"[3, 4, 5, 7, 8, 10, 12, 14, 16, 17, 18, 20]",9,64,1.0602292199529542,4.710986375808716,3
aisle,pool,1,full,0.2,median,0.7,0.5714285714285715,0.4,1.0,0.4,S_memorised,False,False,0.26574188462762416,0.467407164535429,12,"[3, 4, 5, 7, 8, 10, 12, 14, 16, 17, 18, 20]",9,64,1.0602292199529542,4.310019254684448,3
aisle,pool,1,full,0.4,min,0.7,0.5714285714285715,0.4,1.0,0.4,S_memorised,False,False,0.26574188462762416,0.467407164535429,12,"[3, 4, 5, 7, 8, 10, 12, 14, 16, 17, 18, 20]",9,64,1.0602292199529542,5.953792333602905,3
aisle,pool,1,full,0.4,median,0.7,0.5714285714285715,0.4,1.0,0.4,S_memorised,False,False,0.26574188462762416,0.467407164535429,12,"[3, 4, 5, 7, 8, 10, 12, 14, 16, 17, 18, 20]",9,64,1.0602292199529542,5.034015893936157,3
aisle,pool,1,full,0.6,min,0.7,0.5714285714285715,0.4,1.0,0.4,S_memorised,False,False,0.26574188462762416,0.467407164535429,12,"[3, 4, 5, 7, 8, 10, 12, 14, 16, 17, 18, 20]",9,64,1.0602292199529542,5.132729530334473,3
aisle,pool,1,full,0.6,median,0.7,0.5714285714285715,0.4,1.0,0.4,S_memorised,False,False,0.26574188462762416,0.467407164535429,12,"[3, 4, 5, 7, 8, 10, 12, 14, 16, 17, 18, 20]",9,64,1.0602292199529542,4.936110973358154,3
aisle,pool,1,full,0.8,min,0.7,0.5714285714285715,0.4,1.0,0.4,S_memorised,False,False,0.26574188462762416,0.467407164535429,12,"[3, 4, 5, 7, 8, 10, 12, 14, 16, 17, 18, 20]",9,64,1.0602292199529542,4.805088520050049,3
aisle,pool,1,full,0.8,median,0.7,0.5714285714285715,0.4,1.0,0.4,S_memorised,False,False,0.26574188462762416,0.467407164535429,12,"[3, 4, 5, 7, 8, 10, 12, 14, 16, 17, 18, 20]",9,64,1.0602292199529542,6.0100109577178955,3
aisle,pool,1,fixed,,min,0.6,0.33333333333333337,0.4,1.0,0.2,B0_cells,False,False,,0.9953122097846275,0,[],4,4,0.03296018052843063,2.5530812740325928,
aisle,pool,1,oracle,,min,1.0,1.0,1.0,1.0,1.0,S_corridor,False,True,0.498958804798451,0.5010345814916115,0,[],8,9,0.6932277489295604,4.224397420883179,
aisle,pool,2,full,0.01,min,0.6,0.33333333333333337,0.4,1.0,0.2,B0_cells,False,False,,0.9994281152104728,0,[],4,4,0.005221405552862231,3.3736371994018555,
aisle,pool,2,full,0.01,median,0.6,0.33333333333333337,0.4,1.0,0.2,B0_cells,False,False,,0.9994281152104728,0,[],4,4,0.005221405552862231,3.5935397148132324,
aisle,pool,2,full,0.025,min,0.6,0.33333333333333337,0.4,1.0,0.2,B0_cells,False,False,,0.9994281152104728,0,[],4,4,0.005221405552862231,2.650566339492798,
aisle,pool,2,full,0.025,median,0.6,0.33333333333333337,0.4,1.0,0.2,B0_cells,False,False,,0.9994281152104728,0,[],4,4,0.005221405552862231,2.601938009262085,
aisle,pool,2,full,0.05,min,0.6,0.33333333333333337,0.4,1.0,0.2,B0_cells,False,False,,0.9994281152104728,0,[],4,4,0.005221405552862231,3.461522102355957,
aisle,pool,2,full,0.05,median,0.7,0.5714285714285715,0.4,1.0,0.4,S_memorised,False,False,0.26723036144829754,0.4643687118905948,1,[19],9,9,1.0618802292866507,3.710088014602661,19
aisle,pool,2,full,0.1,min,0.6,0.33333333333333337,0.4,1.0,0.2,B0_cells,False,False,,0.9994281152104728,0,[],4,4,0.005221405552862231,2.63480281829834,
aisle,pool,2,full,0.1,median,0.7,0.5714285714285715,0.4,1.0,0.4,S_memorised,False,False,0.26723036144829754,0.4643687118905948,1,[19],9,9,1.0618802292866507,4.07357120513916,19
aisle,pool,2,full,0.2,min,0.6,0.33333333333333337,0.4,1.0,0.2,B0_cells,False,False,,0.9994281152104728,0,[],4,4,0.005221405552862231,3.366852045059204,
aisle,pool,2,full,0.2,median,0.7,0.5714285714285715,0.4,1.0,0.4,S_memorised,False,False,0.26723036144829754,0.4643687118905948,1,[19],9,9,1.0618802292866507,4.093566417694092,19
aisle,pool,2,full,0.4,min,0.6,0.33333333333333337,0.4,1.0,0.2,B0_cells,False,False,,0.9994281152104728,0,[],4,4,0.005221405552862231,3.396425724029541,
aisle,pool,2,full,0.4,median,0.7,0.5714285714285715,0.4,1.0,0.4,S_memorised,False,False,0.26723036144829754,0.4643687118905948,1,[4],9,9,1.0618802292866507,5.876025915145874,4
aisle,pool,2,full,0.6,min,0.7,0.5714285714285715,0.4,1.0,0.4,S_memorised,False,False,0.26723036144829754,0.4643687118905948,1,[4],9,9,1.0618802292866507,4.601898193359375,4
aisle,pool,2,full,0.6,median,0.7,0.5714285714285715,0.4,1.0,0.4,S_memorised,False,False,0.26723036144829754,0.4643687118905948,6,"[4, 12, 13, 14, 16, 18]",9,34,1.0618802292866507,4.510506868362427,4
aisle,pool,2,full,0.8,min,0.7,0.5714285714285715,0.4,1.0,0.4,S_memorised,False,False,0.26723036144829754,0.4643687118905948,1,[4],9,9,1.0618802292866507,5.608400583267212,4
aisle,pool,2,full,0.8,median,0.7,0.5714285714285715,0.4,1.0,0.4,S_memorised,False,False,0.26723036144829754,0.4643687118905948,8,"[4, 9, 12, 13, 14, 15, 16, 18]",9,44,1.0618802292866507,4.558072328567505,4
aisle,pool,2,fixed,,min,0.6,0.33333333333333337,0.4,1.0,0.2,B0_cells,False,False,,0.9994281152104728,0,[],4,4,0.005221405552862231,3.9299066066741943,
aisle,pool,2,oracle,,min,1.0,1.0,1.0,1.0,1.0,S_corridor,False,True,0.49890730317777376,0.501092171781652,0,[],8,9,0.693152898031777,4.0808424949646,
aisle,pool,3,full,0.01,min,0.6,0.33333333333333337,0.4,1.0,0.2,B0_cells,False,False,,0.9817187262342808,0,[],4,4,0.10360621544760168,3.3752310276031494,
aisle,pool,3,full,0.01,median,0.6,0.33333333333333337,0.4,1.0,0.2,B0_cells,False,False,,0.9817187262342808,0,[],4,4,0.10360621544760168,2.6367645263671875,
aisle,pool,3,full,0.025,min,0.6,0.33333333333333337,0.4,1.0,0.2,B0_cells,False,False,,0.9817187262342808,0,[],4,4,0.10360621544760168,2.543308734893799,
aisle,pool,3,full,0.025,median,0.6,0.33333333333333337,0.4,1.0,0.2,B0_cells,False,False,,0.9817187262342808,0,[],4,4,0.10360621544760168,2.68825626373291,
aisle,pool,3,full,0.05,min,0.6,0.33333333333333337,0.4,1.0,0.2,B0_cells,False,False,,0.9817187262342808,0,[],4,4,0.10360621544760168,2.6342692375183105,
aisle,pool,3,full,0.05,median,0.6,0.33333333333333337,0.4,1.0,0.2,B0_cells,False,False,,0.9817187262342808,0,[],4,4,0.10360621544760168,2.6525983810424805,
aisle,pool,3,full,0.1,min,0.7,0.5714285714285715,0.4,1.0,0.4,S_memorised,False,False,0.26537134728754036,0.4678198287784572,1,[3],9,9,1.0629149553184003,4.464540004730225,3
aisle,pool,3,full,0.1,median,0.7,0.5714285714285715,0.4,1.0,0.4,S_memorised,False,False,0.26537134728754036,0.4678198287784572,1,[3],9,9,1.0629149553184003,6.581310749053955,3
aisle,pool,3,full,0.2,min,0.7,0.5714285714285715,0.4,1.0,0.4,S_memorised,False,False,0.26537134728754036,0.4678198287784572,1,[3],9,9,1.0629149553184003,4.373459339141846,3
aisle,pool,3,full,0.2,median,0.7,0.5714285714285715,0.4,1.0,0.4,S_memorised,False,False,0.26537134728754036,0.4678198287784572,1,[3],9,9,1.0629149553184003,5.177865505218506,3
aisle,pool,3,full,0.4,min,0.7,0.5714285714285715,0.4,1.0,0.4,S_memorised,False,False,0.26537134728754036,0.4678198287784572,1,[3],9,9,1.0629149553184003,4.807457208633423,3
aisle,pool,3,full,0.4,median,0.7,0.5714285714285715,0.4,1.0,0.4,S_memorised,False,False,0.26537134728754036,0.4678198287784572,1,[3],9,9,1.0629149553184003,5.3756208419799805,3
aisle,pool,3,full,0.6,min,0.7,0.5714285714285715,0.4,1.0,0.4,S_memorised,False,False,0.26537134728754036,0.4678198287784572,1,[3],9,9,1.0629149553184003,4.508683204650879,3
aisle,pool,3,full,0.6,median,0.7,0.5714285714285715,0.4,1.0,0.4,S_memorised,False,False,0.26537134728754036,0.4678198287784572,2,"[3, 16]",9,14,1.0629149553184003,4.641975164413452,3
aisle,pool,3,full,0.8,min,0.7,0.5714285714285715,0.4,1.0,0.4,S_memorised,False,False,0.26537134728754036,0.4678198287784572,1,[3],9,9,1.0629149553184003,5.043158531188965,3
aisle,pool,3,full,0.8,median,0.7,0.5714285714285715,0.4,1.0,0.4,S_memorised,False,False,0.26537134728754036,0.4678198287784572,3,"[3, 16, 17]",9,19,1.0629149553184003,5.082759857177734,3
aisle,pool,3,fixed,,min,0.6,0.33333333333333337,0.4,1.0,0.2,B0_cells,False,False,,0.9817187262342808,0,[],4,4,0.10360621544760168,2.5967540740966797,
aisle,pool,3,oracle,,min,1.0,1.0,1.0,1.0,1.0,S_corridor,False,True,0.4986494455034243,0.5006114789724002,0,[],8,9,0.6987113649396316,5.662359714508057,
aisle,pool,4,full,0.01,min,0.5,0.0,0.4,0.0,0.0,H_null,False,False,,1.0000000000000115,0,[],1,1,-1.1546319456101694e-14,1.3243136405944824,
aisle,pool,4,full,0.01,median,0.7,0.5714285714285715,0.4,1.0,0.4,S_memorised,False,False,0.2634070827431237,0.47229637516808476,8,"[5, 6, 8, 9, 12, 13, 14, 16]",6,41,1.0598183147720657,3.7550721168518066,5
aisle,pool,4,full,0.025,min,0.5,0.0,0.4,0.0,0.0,H_null,False,False,,1.0000000000000115,0,[],1,1,-1.1546319456101694e-14,1.9265761375427246,
aisle,pool,4,full,0.025,median,0.7,0.5714285714285715,0.4,1.0,0.4,S_memorised,False,False,0.2634070827431237,0.47229637516808476,9,"[5, 6, 8, 9, 12, 13, 14, 16, 17]",6,46,1.0598183147720657,3.320645809173584,5
aisle,pool,4,full,0.05,min,0.5,0.0,0.4,0.0,0.0,H_null,False,False,,1.0000000000000115,0,[],1,1,-1.1546319456101694e-14,1.3422937393188477,
aisle,pool,4,full,0.05,median,0.7,0.5714285714285715,0.4,1.0,0.4,S_memorised,False,False,0.2634070827431237,0.47229637516808476,9,"[5, 6, 8, 9, 12, 13, 14, 16, 17]",6,46,1.0598183147720657,3.8697052001953125,5
aisle,pool,4,full,0.1,min,0.5,0.0,0.4,0.0,0.0,H_null,False,False,,1.0000000000000115,0,[],1,1,-1.1546319456101694e-14,1.9671425819396973,
aisle,pool,4,full,0.1,median,0.7,0.5714285714285715,0.4,1.0,0.4,S_memorised,False,False,0.2634070827431237,0.47229637516808476,9,"[5, 6, 8, 9, 12, 13, 14, 16, 17]",6,46,1.0598183147720657,3.3089146614074707,5
aisle,pool,4,full,0.2,min,0.7,0.5714285714285715,0.4,1.0,0.4,S_memorised,False,False,0.2634070827431237,0.47229637516808476,1,[17],6,6,1.0598183147720657,2.7315516471862793,17
aisle,pool,4,full,0.2,median,0.7,0.5714285714285715,0.4,1.0,0.4,S_memorised,False,False,0.2634070827431237,0.47229637516808476,9,"[5, 6, 8, 9, 12, 13, 14, 16, 17]",6,46,1.0598183147720657,3.2661068439483643,5
aisle,pool,4,full,0.4,min,0.7,0.5714285714285715,0.4,1.0,0.4,S_memorised,False,False,0.2634070827431237,0.47229637516808476,1,[5],6,6,1.0598183147720657,3.171656608581543,5
aisle,pool,4,full,0.4,median,0.7,0.5714285714285715,0.4,1.0,0.4,S_memorised,False,False,0.2634070827431237,0.47229637516808476,9,"[5, 6, 8, 9, 12, 13, 14, 16, 17]",6,46,1.0598183147720657,3.4143922328948975,5
aisle,pool,4,full,0.6,min,0.7,0.5714285714285715,0.4,1.0,0.4,S_memorised,False,False,0.2634070827431237,0.47229637516808476,1,[5],6,6,1.0598183147720657,3.7317590713500977,5
aisle,pool,4,full,0.6,median,0.7,0.5714285714285715,0.4,1.0,0.4,S_memorised,False,False,0.2634070827431237,0.47229637516808476,9,"[5, 6, 8, 9, 12, 13, 14, 16, 17]",6,46,1.0598183147720657,3.1391472816467285,5
aisle,pool,4,full,0.8,min,0.7,0.5714285714285715,0.4,1.0,0.4,S_memorised,False,False,0.2634070827431237,0.47229637516808476,1,[5],6,6,1.0598183147720657,3.1638121604919434,5
aisle,pool,4,full,0.8,median,0.7,0.5714285714285715,0.4,1.0,0.4,S_memorised,False,False,0.2634070827431237,0.47229637516808476,10,"[5, 6, 8, 9, 12, 13, 14, 16, 17, 20]",6,51,1.0598183147720657,4.418382406234741,5
aisle,pool,4,fixed,,min,0.5,0.0,0.4,0.0,0.0,H_null,False,False,,1.0000000000000115,0,[],1,1,-1.1546319456101694e-14,2.0021955966949463,
aisle,pool,4,oracle,,min,1.0,1.0,1.0,1.0,1.0,S_corridor,False,True,0.4991572358954724,0.5002487828798438,0,[],5,5,0.6977532177131699,3.96317982673645,
aisle,pool,5,full,0.01,min,0.6,0.33333333333333337,0.4,1.0,0.2,B0_cells,False,False,,0.9977050463074147,0,[],4,4,0.017772851894673834,2.494971513748169,
aisle,pool,5,full,0.01,median,0.7,0.5714285714285715,0.4,1.0,0.4,S_memorised,False,False,0.2579961740181638,0.45015904498299963,10,"[5, 7, 9, 10, 12, 15, 16, 18, 19, 20]",9,54,1.1699332551253772,4.46094012260437,5
aisle,pool,5,full,0.025,min,0.6,0.33333333333333337,0.4,1.0,0.2,B0_cells,False,False,,0.9977050463074147,0,[],4,4,0.017772851894673834,2.6018853187561035,
aisle,pool,5,full,0.025,median,0.7,0.5714285714285715,0.4,1.0,0.4,S_memorised,False,False,0.2579961740181638,0.45015904498299963,12,"[5, 7, 9, 10, 11, 12, 13, 15, 16, 18, 19, 20]",9,64,1.1699332551253772,4.989919185638428,5
aisle,pool,5,full,0.05,min,0.7,0.5714285714285715,0.4,1.0,0.4,S_memorised,False,False,0.2579961740181638,0.45015904498299963,1,[9],9,9,1.1699332551253772,4.322052240371704,9
aisle,pool,5,full,0.05,median,0.7,0.5714285714285715,0.4,1.0,0.4,S_memorised,False,False,0.2579961740181638,0.45015904498299963,12,"[5, 7, 9, 10, 11, 12, 13, 15, 16, 18, 19, 20]",9,64,1.1699332551253772,4.327465772628784,5
aisle,pool,5,full,0.1,min,0.7,0.5714285714285715,0.4,1.0,0.4,S_memorised,False,False,0.2579961740181638,0.45015904498299963,1,[9],9,9,1.1699332551253772,4.220605850219727,9
aisle,pool,5,full,0.1,median,0.7,0.5714285714285715,0.4,1.0,0.4,S_memorised,False,False,0.2579961740181638,0.45015904498299963,12,"[5, 7, 9, 10, 11, 12, 13, 15, 16, 18, 19, 20]",9,64,1.1699332551253772,4.219986915588379,5
aisle,pool,5,full,0.2,min,0.7,0.5714285714285715,0.4,1.0,0.4,S_memorised,False,False,0.2579961740181638,0.45015904498299963,1,[9],9,9,1.1699332551253772,3.833493709564209,9
aisle,pool,5,full,0.2,median,0.7,0.5714285714285715,0.4,1.0,0.4,S_memorised,False,False,0.2579961740181638,0.45015904498299963,12,"[5, 7, 9, 10, 11, 12, 13, 15, 16, 18, 19, 20]",9,64,1.1699332551253772,4.415978193283081,5
aisle,pool,5,full,0.4,min,0.7,0.5714285714285715,0.4,1.0,0.4,S_memorised,False,False,0.2579961740181638,0.45015904498299963,1,[9],9,9,1.1699332551253772,5.919861078262329,9
aisle,pool,5,full,0.4,median,0.7,0.5714285714285715,0.4,1.0,0.4,S_memorised,False,False,0.2579961740181638,0.45015904498299963,12,"[5, 7, 9, 10, 11, 12, 13, 15, 16, 18, 19, 20]",9,64,1.1699332551253772,6.388916969299316,5
aisle,pool,5,full,0.6,min,0.7,0.5714285714285715,0.4,1.0,0.4,S_memorised,False,False,0.2579961740181638,0.45015904498299963,1,[9],9,9,1.1699332551253772,4.086758613586426,9
aisle,pool,5,full,0.6,median,0.7,0.5714285714285715,0.4,1.0,0.4,S_memorised,False,False,0.2579961740181638,0.45015904498299963,12,"[5, 7, 9, 10, 11, 12, 13, 15, 16, 18, 19, 20]",9,64,1.1699332551253772,4.667940855026245,5
aisle,pool,5,full,0.8,min,0.7,0.5714285714285715,0.4,1.0,0.4,S_memorised,False,False,0.2579961740181638,0.45015904498299963,1,[9],9,9,1.1699332551253772,4.19306755065918,9
aisle,pool,5,full,0.8,median,0.7,0.5714285714285715,0.4,1.0,0.4,S_memorised,False,False,0.2579961740181638,0.45015904498299963,12,"[5, 7, 9, 10, 11, 12, 13, 15, 16, 18, 19, 20]",9,64,1.1699332551253772,5.8690125942230225,5
aisle,pool,5,fixed,,min,0.6,0.33333333333333337,0.4,1.0,0.2,B0_cells,False,False,,0.9977050463074147,0,[],4,4,0.017772851894673834,2.437912702560425,
aisle,pool,5,oracle,,min,1.0,1.0,1.0,1.0,1.0,S_corridor,False,True,0.46921963826828195,0.4719244681169177,0,[],8,9,0.8761853267734074,4.167670249938965,
aisle,pool,6,full,0.01,min,0.5,0.0,0.4,0.0,0.0,H_null,False,False,,1.0000000000000115,0,[],1,1,-1.1546319456101694e-14,1.347886562347412,
aisle,pool,6,full,0.01,median,0.5,0.0,0.4,0.0,0.0,H_null,False,False,,1.0000000000000115,0,[],1,1,-1.1546319456101694e-14,1.4318344593048096,
aisle,pool,6,full,0.025,min,0.5,0.0,0.4,0.0,0.0,H_null,False,False,,1.0000000000000115,0,[],1,1,-1.1546319456101694e-14,1.394176721572876,
aisle,pool,6,full,0.025,median,0.5,0.0,0.4,0.0,0.0,H_null,False,False,,1.0000000000000115,0,[],1,1,-1.1546319456101694e-14,1.422579050064087,
aisle,pool,6,full,0.05,min,0.5,0.0,0.4,0.0,0.0,H_null,False,False,,1.0000000000000115,0,[],1,1,-1.1546319456101694e-14,1.3060517311096191,
aisle,pool,6,full,0.05,median,0.5,0.0,0.4,0.0,0.0,H_null,False,False,,1.0000000000000115,0,[],1,1,-1.1546319456101694e-14,2.0142974853515625,
aisle,pool,6,full,0.1,min,0.5,0.0,0.4,0.0,0.0,H_null,False,False,,1.0000000000000115,0,[],1,1,-1.1546319456101694e-14,1.5367484092712402,
aisle,pool,6,full,0.1,median,0.7,0.5714285714285715,0.4,1.0,0.4,S_memorised,False,False,0.2655532802196504,0.46727967764103506,1,[16],6,6,1.0636941574038596,3.9390687942504883,16
aisle,pool,6,full,0.2,min,0.7,0.5714285714285715,0.4,1.0,0.4,S_memorised,False,False,0.2655532802196504,0.46727967764103506,1,[16],6,6,1.0636941574038596,2.7834315299987793,16
aisle,pool,6,full,0.2,median,0.7,0.5714285714285715,0.4,1.0,0.4,S_memorised,False,False,0.2655532802196504,0.46727967764103506,1,[16],6,6,1.0636941574038596,2.608093023300171,16
aisle,pool,6,full,0.4,min,0.7,0.5714285714285715,0.4,1.0,0.4,S_memorised,False,False,0.2655532802196504,0.46727967764103506,1,[16],6,6,1.0636941574038596,3.99831485748291,16
aisle,pool,6,full,0.4,median,0.7,0.5714285714285715,0.4,1.0,0.4,S_memorised,False,False,0.2655532802196504,0.46727967764103506,1,[16],6,6,1.0636941574038596,3.983743190765381,16
aisle,pool,6,full,0.6,min,0.7,0.5714285714285715,0.4,1.0,0.4,S_memorised,False,False,0.2655532802196504,0.46727967764103506,1,[16],6,6,1.0636941574038596,2.7844951152801514,16
aisle,pool,6,full,0.6,median,0.7,0.5714285714285715,0.4,1.0,0.4,S_memorised,False,False,0.2655532802196504,0.46727967764103506,1,[16],6,6,1.0636941574038596,4.177464962005615,16
aisle,pool,6,full,0.8,min,0.7,0.5714285714285715,0.4,1.0,0.4,S_memorised,False,False,0.2655532802196504,0.46727967764103506,1,[5],6,6,1.0636941574038596,4.266276597976685,5
aisle,pool,6,full,0.8,median,0.7,0.5714285714285715,0.4,1.0,0.4,S_memorised,False,False,0.2655532802196504,0.46727967764103506,2,"[4, 17]",6,11,1.0636941574038596,3.363304615020752,4
aisle,pool,6,fixed,,min,0.5,0.0,0.4,0.0,0.0,H_null,False,False,,1.0000000000000115,0,[],1,1,-1.1546319456101694e-14,1.8659584522247314,
aisle,pool,6,oracle,,min,1.0,1.0,1.0,1.0,1.0,S_corridor,False,True,0.4984853572766598,0.5006362565346676,0,[],5,5,0.6995973893197798,4.273332595825195,
aisle,pool,7,full,0.01,min,0.5,0.0,0.4,0.0,0.0,H_null,False,False,,1.0000000000000115,0,[],1,1,-1.1546319456101694e-14,1.382692813873291,
aisle,pool,7,full,0.01,median,1.0,1.0,1.0,1.0,1.0,S_corridor,False,True,0.49914221521576263,0.5008573950237689,1,[4],6,6,0.693151840087113,3.257018804550171,4
aisle,pool,7,full,0.025,min,0.5,0.0,0.4,0.0,0.0,H_null,False,False,,1.0000000000000115,0,[],1,1,-1.1546319456101694e-14,1.3470094203948975,
aisle,pool,7,full,0.025,median,1.0,1.0,1.0,1.0,1.0,S_corridor,False,True,0.49914221521576263,0.5008573950237689,1,[4],6,6,0.693151840087113,3.3194496631622314,4
aisle,pool,7,full,0.05,min,0.5,0.0,0.4,0.0,0.0,H_null,False,False,,1.0000000000000115,0,[],1,1,-1.1546319456101694e-14,1.286848783493042,
aisle,pool,7,full,0.05,median,1.0,1.0,1.0,1.0,1.0,S_corridor,False,True,0.49914221521576263,0.5008573950237689,1,[4],6,6,0.693151840087113,3.4550588130950928,4
aisle,pool,7,full,0.1,min,0.5,0.0,0.4,0.0,0.0,H_null,False,False,,1.0000000000000115,0,[],1,1,-1.1546319456101694e-14,1.442742109298706,
aisle,pool,7,full,0.1,median,0.7,0.5714285714285715,0.4,1.0,0.4,S_memorised,False,False,0.2648136553520067,0.46946251533236066,3,"[4, 7, 8]",7,16,1.0590239771165932,4.991234064102173,4
aisle,pool,7,full,0.2,min,0.7,0.5714285714285715,0.4,1.0,0.4,S_memorised,False,False,0.2648136553520067,0.46946251533236066,1,[19],6,6,1.0590239771163197,2.6317648887634277,19
aisle,pool,7,full,0.2,median,0.7,0.5714285714285715,0.4,1.0,0.4,S_memorised,False,False,0.2648136553520067,0.46946251533236066,12,"[4, 5, 7, 8, 9, 10, 11, 13, 15, 17, 18, 19]",7,61,1.0590239771165932,3.742985248565674,4
aisle,pool,7,full,0.4,min,0.7,0.5714285714285715,0.4,1.0,0.4,S_memorised,False,False,0.2648136553520067,0.46946251533236066,1,[19],6,6,1.0590239771163197,2.5032265186309814,19
aisle,pool,7,full,0.4,median,0.7,0.5714285714285715,0.4,1.0,0.4,S_memorised,False,False,0.2648136553520067,0.46946251533236066,12,"[4, 5, 7, 8, 9, 10, 11, 13, 15, 17, 18, 19]",7,61,1.0590239771165932,3.729780673980713,4
aisle,pool,7,full,0.6,min,0.7,0.5714285714285715,0.4,1.0,0.4,S_memorised,False,False,0.2648136553520067,0.46946251533236066,1,[5],6,6,1.0590239771163197,3.169078826904297,5
aisle,pool,7,full,0.6,median,0.7,0.5714285714285715,0.4,1.0,0.4,S_memorised,False,False,0.2648136553520067,0.46946251533236066,12,"[4, 5, 7, 8, 9, 10, 11, 13, 15, 17, 18, 19]",7,61,1.0590239771165932,3.7902560234069824,4
aisle,pool,7,full,0.8,min,0.7,0.5714285714285715,0.4,1.0,0.4,S_memorised,False,False,0.2648136553520067,0.46946251533236066,1,[5],6,6,1.0590239771163197,2.880411148071289,5
aisle,pool,7,full,0.8,median,0.7,0.5714285714285715,0.4,1.0,0.4,S_memorised,False,False,0.2648136553520067,0.46946251533236066,13,"[4, 5, 7, 8, 9, 10, 11, 13, 15, 16, 17, 18, 19]",7,66,1.0590239771165932,3.600332021713257,4
aisle,pool,7,fixed,,min,0.5,0.0,0.4,0.0,0.0,H_null,False,False,,1.0000000000000115,0,[],1,1,-1.1546319456101694e-14,2.3152127265930176,
aisle,pool,7,oracle,,min,1.0,1.0,1.0,1.0,1.0,S_corridor,False,True,0.49914221521576263,0.5008573950237689,0,[],5,5,0.6931518400866076,4.692004203796387,
aisle,pool,8,full,0.01,min,0.5,0.0,0.4,0.0,0.0,H_null,False,False,,1.0000000000000115,0,[],1,1,-1.1546319456101694e-14,1.3898911476135254,
aisle,pool,8,full,0.01,median,0.7,0.5714285714285715,0.4,1.0,0.4,S_memorised,False,False,0.2654566372641177,0.46805007628085826,1,[10],6,6,1.060284426509875,4.611644506454468,10
aisle,pool,8,full,0.025,min,0.5,0.0,0.4,0.0,0.0,H_null,False,False,,1.0000000000000115,0,[],1,1,-1.1546319456101694e-14,1.3834216594696045,
aisle,pool,8,full,0.025,median,0.7,0.5714285714285715,0.4,1.0,0.4,S_memorised,False,False,0.2654566372641177,0.46805007628085826,11,"[6, 10, 11, 12, 13, 15, 16, 17, 18, 19, 20]",6,56,1.060284426509875,3.836442470550537,6
aisle,pool,8,full,0.05,min,0.5,0.0,0.4,0.0,0.0,H_null,False,False,,1.0000000000000115,0,[],1,1,-1.1546319456101694e-14,1.3845016956329346,
aisle,pool,8,full,0.05,median,0.7,0.5714285714285715,0.4,1.0,0.4,S_memorised,False,False,0.2654566372641177,0.46805007628085826,11,"[6, 10, 11, 12, 13, 15, 16, 17, 18, 19, 20]",6,56,1.060284426509875,3.3609673976898193,6
aisle,pool,8,full,0.1,min,0.5,0.0,0.4,0.0,0.0,H_null,False,False,,1.0000000000000115,0,[],1,1,-1.1546319456101694e-14,1.3819406032562256,
aisle,pool,8,full,0.1,median,0.7,0.5714285714285715,0.4,1.0,0.4,S_memorised,False,False,0.2654566372641177,0.46805007628085826,11,"[6, 10, 11, 12, 13, 15, 16, 17, 18, 19, 20]",6,56,1.060284426509875,4.987861633300781,6
aisle,pool,8,full,0.2,min,0.5,0.0,0.4,0.0,0.0,H_null,False,False,,1.0000000000000115,0,[],1,1,-1.1546319456101694e-14,1.3441507816314697,
aisle,pool,8,full,0.2,median,0.7,0.5714285714285715,0.4,1.0,0.4,S_memorised,False,False,0.2654566372641177,0.46805007628085826,11,"[6, 10, 11, 12, 13, 15, 16, 17, 18, 19, 20]",6,56,1.060284426509875,3.5210607051849365,6
aisle,pool,8,full,0.4,min,0.5,0.0,0.4,0.0,0.0,H_null,False,False,,1.0000000000000115,0,[],1,1,-1.1546319456101694e-14,1.3543751239776611,
aisle,pool,8,full,0.4,median,0.7,0.5714285714285715,0.4,1.0,0.4,S_memorised,False,False,0.2654566372641177,0.46805007628085826,11,"[6, 10, 11, 12, 13, 15, 16, 17, 18, 19, 20]",6,56,1.060284426509875,3.075873613357544,6
aisle,pool,8,full,0.6,min,0.5,0.0,0.4,0.0,0.0,H_null,False,False,,1.0000000000000115,0,[],1,1,-1.1546319456101694e-14,1.3327677249908447,
aisle,pool,8,full,0.6,median,0.7,0.5714285714285715,0.4,1.0,0.4,S_memorised,False,False,0.2654566372641177,0.46805007628085826,11,"[6, 10, 11, 12, 13, 15, 16, 17, 18, 19, 20]",6,56,1.060284426509875,3.2262163162231445,6
aisle,pool,8,full,0.8,min,0.5,0.0,0.4,0.0,0.0,H_null,False,False,,1.0000000000000115,0,[],1,1,-1.1546319456101694e-14,1.3899049758911133,
aisle,pool,8,full,0.8,median,0.7,0.5714285714285715,0.4,1.0,0.4,S_memorised,False,False,0.2654566372641177,0.46805007628085826,12,"[6, 7, 10, 11, 12, 13, 15, 16, 17, 18, 19, 20]",6,61,1.060284426509875,4.419977188110352,6
aisle,pool,8,fixed,,min,0.5,0.0,0.4,0.0,0.0,H_null,False,False,,1.0000000000000115,0,[],1,1,-1.1546319456101694e-14,1.8698787689208984,
aisle,pool,8,oracle,,min,1.0,1.0,1.0,1.0,1.0,S_corridor,False,True,0.4990256139302847,0.5008844466625495,0,[],5,5,0.6940131324104836,3.1176040172576904,
aisle,pool,9,full,0.01,min,0.7,0.5714285714285715,0.4,1.0,0.4,S_memorised,False,False,0.26465624853781394,0.46692900249585184,6,"[3, 5, 6, 8, 9, 10]",7,31,1.0762586456948204,4.939481258392334,3
aisle,pool,9,full,0.01,median,0.7,0.5714285714285715,0.4,1.0,0.4,S_memorised,False,False,0.26465624853781394,0.46692900249585184,11,"[3, 5, 6, 8, 9, 10, 14, 16, 17, 18, 19]",7,56,1.0762586456948204,3.849104404449463,3
aisle,pool,9,full,0.025,min,0.7,0.5714285714285715,0.4,1.0,0.4,S_memorised,False,False,0.26465624853781394,0.46692900249585184,12,"[3, 5, 6, 8, 9, 10, 12, 14, 16, 17, 18, 19]",7,61,1.0762586456948204,4.561246633529663,3
aisle,pool,9,full,0.025,median,0.7,0.5714285714285715,0.4,1.0,0.4,S_memorised,False,False,0.26465624853781394,0.46692900249585184,12,"[3, 5, 6, 8, 9, 10, 12, 14, 16, 17, 18, 19]",7,61,1.0762586456948204,4.236880302429199,3
aisle,pool,9,full,0.05,min,0.7,0.5714285714285715,0.4,1.0,0.4,S_memorised,False,False,0.26465624853781394,0.46692900249585184,12,"[3, 5, 6, 8, 9, 10, 12, 14, 16, 17, 18, 19]",7,61,1.0762586456948204,5.0744452476501465,3
aisle,pool,9,full,0.05,median,0.7,0.5714285714285715,0.4,1.0,0.4,S_memorised,False,False,0.26465624853781394,0.46692900249585184,12,"[3, 5, 6, 8, 9, 10, 12, 14, 16, 17, 18, 19]",7,61,1.0762586456948204,3.837087631225586,3
aisle,pool,9,full,0.1,min,0.7,0.5714285714285715,0.4,1.0,0.4,S_memorised,False,False,0.26465624853781394,0.46692900249585184,12,"[3, 5, 6, 8, 9, 10, 12, 14, 16, 17, 18, 19]",7,61,1.0762586456948204,3.6636903285980225,3
aisle,pool,9,full,0.1,median,0.7,0.5714285714285715,0.4,1.0,0.4,S_memorised,False,False,0.26465624853781394,0.46692900249585184,12,"[3, 5, 6, 8, 9, 10, 12, 14, 16, 17, 18, 19]",7,61,1.0762586456948204,4.746873378753662,3
aisle,pool,9,full,0.2,min,0.7,0.5714285714285715,0.4,1.0,0.4,S_memorised,False,False,0.26465624853781394,0.46692900249585184,12,"[3, 5, 6, 8, 9, 10, 12, 14, 16, 17, 18, 19]",7,61,1.0762586456948204,3.6880147457122803,3
aisle,pool,9,full,0.2,median,0.7,0.5714285714285715,0.4,1.0,0.4,S_memorised,False,False,0.26465624853781394,0.46692900249585184,12,"[3, 5, 6, 8, 9, 10, 12, 14, 16, 17, 18, 19]",7,61,1.0762586456948204,5.320389986038208,3
aisle,pool,9,full,0.4,min,0.7,0.5714285714285715,0.4,1.0,0.4,S_memorised,False,False,0.26465624853781394,0.46692900249585184,12,"[3, 5, 6, 8, 9, 10, 12, 14, 16, 17, 18, 19]",7,61,1.0762586456948204,3.7038238048553467,3
aisle,pool,9,full,0.4,median,0.7,0.5714285714285715,0.4,1.0,0.4,S_memorised,False,False,0.26465624853781394,0.46692900249585184,12,"[3, 5, 6, 8, 9, 10, 12, 14, 16, 17, 18, 19]",7,61,1.0762586456948204,3.9277493953704834,3
aisle,pool,9,full,0.6,min,0.7,0.5714285714285715,0.4,1.0,0.4,S_memorised,False,False,0.26465624853781394,0.46692900249585184,12,"[3, 5, 6, 8, 9, 10, 12, 14, 16, 17, 18, 19]",7,61,1.0762586456948204,3.6103992462158203,3
aisle,pool,9,full,0.6,median,0.7,0.5714285714285715,0.4,1.0,0.4,S_memorised,False,False,0.26465624853781394,0.46692900249585184,12,"[3, 5, 6, 8, 9, 10, 12, 14, 16, 17, 18, 19]",7,61,1.0762586456948204,3.7390074729919434,3
aisle,pool,9,full,0.8,min,0.7,0.5714285714285715,0.4,1.0,0.4,S_memorised,False,False,0.26465624853781394,0.46692900249585184,13,"[3, 5, 6, 8, 9, 10, 12, 14, 16, 17, 18, 19, 20]",7,66,1.0762586456948204,3.6532180309295654,3
aisle,pool,9,full,0.8,median,0.7,0.5714285714285715,0.4,1.0,0.4,S_memorised,False,False,0.26465624853781394,0.46692900249585184,13,"[3, 5, 6, 8, 9, 10, 12, 14, 16, 17, 18, 19, 20]",7,66,1.0762586456948204,3.6911752223968506,3
aisle,pool,9,fixed,,min,0.5,0.0,0.4,0.0,0.0,H_null,False,False,,1.0000000000000115,0,[],1,1,-1.1546319456101694e-14,1.3828723430633545,
aisle,pool,9,oracle,,min,1.0,1.0,1.0,1.0,1.0,S_corridor,False,True,0.4964746718113488,0.49817039965650933,0,[],5,5,0.7227938611476793,3.063842296600342,
aisle,pool,10,full,0.01,min,0.7,0.5714285714285715,0.4,1.0,0.4,S_memorised,False,False,0.26667375789926656,0.4650252526307554,4,"[5, 6, 8, 9]",7,21,1.0637608232462927,5.2925636768341064,5
aisle,pool,10,full,0.01,median,0.7,0.5714285714285715,0.4,1.0,0.4,S_memorised,False,False,0.26667375789926656,0.4650252526307554,12,"[5, 6, 8, 9, 10, 12, 13, 14, 15, 17, 19, 20]",7,61,1.0637608232462927,3.701303243637085,5
aisle,pool,10,full,0.025,min,0.7,0.5714285714285715,0.4,1.0,0.4,S_memorised,False,False,0.26667375789926656,0.4650252526307554,6,"[5, 6, 8, 9, 10, 12]",7,31,1.0637608232462927,3.8863279819488525,5
aisle,pool,10,full,0.025,median,0.7,0.5714285714285715,0.4,1.0,0.4,S_memorised,False,False,0.26667375789926656,0.4650252526307554,13,"[5, 6, 8, 9, 10, 12, 13, 14, 15, 17, 18, 19, 20]",7,66,1.0637608232462927,3.8792896270751953,5
aisle,pool,10,full,0.05,min,0.7,0.5714285714285715,0.4,1.0,0.4,S_memorised,False,False,0.26667375789926656,0.4650252526307554,8,"[5, 6, 8, 9, 10, 12, 13, 14]",7,41,1.0637608232462927,5.00642204284668,5
aisle,pool,10,full,0.05,median,0.7,0.5714285714285715,0.4,1.0,0.4,S_memorised,False,False,0.26667375789926656,0.4650252526307554,14,"[5, 6, 8, 9, 10, 11, 12, 13, 14, 15, 17, 18, 19, 20]",7,71,1.0637608232462927,3.7615246772766113,5
aisle,pool,10,full,0.1,min,0.7,0.5714285714285715,0.4,1.0,0.4,S_memorised,False,False,0.26667375789926656,0.4650252526307554,14,"[5, 6, 8, 9, 10, 11, 12, 13, 14, 15, 17, 18, 19, 20]",7,71,1.0637608232462927,5.42930269241333,5
aisle,pool,10,full,0.1,median,0.7,0.5714285714285715,0.4,1.0,0.4,S_memorised,False,False,0.26667375789926656,0.4650252526307554,14,"[5, 6, 8, 9, 10, 11, 12, 13, 14, 15, 17, 18, 19, 20]",7,71,1.0637608232462927,3.6361305713653564,5
aisle,pool,10,full,0.2,min,0.7,0.5714285714285715,0.4,1.0,0.4,S_memorised,False,False,0.26667375789926656,0.4650252526307554,14,"[5, 6, 8, 9, 10, 11, 12, 13, 14, 15, 17, 18, 19, 20]",7,71,1.0637608232462927,3.2630152702331543,5
aisle,pool,10,full,0.2,median,0.7,0.5714285714285715,0.4,1.0,0.4,S_memorised,False,False,0.26667375789926656,0.4650252526307554,14,"[5, 6, 8, 9, 10, 11, 12, 13, 14, 15, 17, 18, 19, 20]",7,71,1.0637608232462927,3.742903232574463,5
aisle,pool,10,full,0.4,min,0.7,0.5714285714285715,0.4,1.0,0.4,S_memorised,False,False,0.26667375789926656,0.4650252526307554,14,"[5, 6, 8, 9, 10, 11, 12, 13, 14, 15, 17, 18, 19, 20]",7,71,1.0637608232462927,4.931752681732178,5
aisle,pool,10,full,0.4,median,0.7,0.5714285714285715,0.4,1.0,0.4,S_memorised,False,False,0.26667375789926656,0.4650252526307554,14,"[5, 6, 8, 9, 10, 11, 12, 13, 14, 15, 17, 18, 19, 20]",7,71,1.0637608232462927,3.6849868297576904,5
aisle,pool,10,full,0.6,min,0.7,0.5714285714285715,0.4,1.0,0.4,S_memorised,False,False,0.26667375789926656,0.4650252526307554,14,"[5, 6, 8, 9, 10, 11, 12, 13, 14, 15, 17, 18, 19, 20]",7,71,1.0637608232462927,3.8568310737609863,5
aisle,pool,10,full,0.6,median,0.7,0.5714285714285715,0.4,1.0,0.4,S_memorised,False,False,0.26667375789926656,0.4650252526307554,14,"[5, 6, 8, 9, 10, 11, 12, 13, 14, 15, 17, 18, 19, 20]",7,71,1.0637608232462927,5.140196084976196,5
aisle,pool,10,full,0.8,min,0.7,0.5714285714285715,0.4,1.0,0.4,S_memorised,False,False,0.26667375789926656,0.4650252526307554,15,"[4, 5, 6, 8, 9, 10, 11, 12, 13, 14, 15, 17, 18, 19, 20]",7,75,1.0637608232462927,4.888790607452393,4
aisle,pool,10,full,0.8,median,0.7,0.5714285714285715,0.4,1.0,0.4,S_memorised,False,False,0.26667375789926656,0.4650252526307554,15,"[4, 5, 6, 8, 9, 10, 11, 12, 13, 14, 15, 17, 18, 19, 20]",7,75,1.0637608232462927,3.6932485103607178,4
aisle,pool,10,fixed,,min,0.5,0.0,0.4,0.0,0.0,H_null,False,False,,1.0000000000000115,0,[],1,1,-1.1546319456101694e-14,1.3044848442077637,
aisle,pool,10,oracle,,min,1.0,1.0,1.0,1.0,1.0,S_corridor,False,True,0.498479151045235,0.5009882451083046,0,[],5,5,0.6973452661234488,4.2841222286224365,
aisle,pool,11,full,0.01,min,0.7,0.5714285714285715,0.4,1.0,0.4,S_memorised,False,False,0.26560506308728526,0.4677171114722216,6,"[3, 5, 9, 10, 11, 12]",9,34,1.0600697424434304,4.417194843292236,3
aisle,pool,11,full,0.01,median,0.7,0.5714285714285715,0.4,1.0,0.4,S_memorised,False,False,0.26560506308728526,0.4677171114722216,11,"[3, 5, 9, 10, 11, 12, 15, 17, 18, 19, 20]",9,59,1.0600697424434304,6.717025995254517,3
aisle,pool,11,full,0.025,min,0.7,0.5714285714285715,0.4,1.0,0.4,S_memorised,False,False,0.26560506308728526,0.4677171114722216,13,"[3, 5, 9, 10, 11, 12, 14, 15, 16, 17, 18, 19, 20]",9,69,1.0600697424434304,4.327840328216553,3
aisle,pool,11,full,0.025,median,0.7,0.5714285714285715,0.4,1.0,0.4,S_memorised,False,False,0.26560506308728526,0.4677171114722216,13,"[3, 5, 9, 10, 11, 12, 14, 15, 16, 17, 18, 19, 20]",9,69,1.0600697424434304,5.030424356460571,3
aisle,pool,11,full,0.05,min,0.7,0.5714285714285715,0.4,1.0,0.4,S_memorised,False,False,0.26560506308728526,0.4677171114722216,13,"[3, 5, 9, 10, 11, 12, 14, 15, 16, 17, 18, 19, 20]",9,69,1.0600697424434304,4.800065279006958,3
aisle,pool,11,full,0.05,median,0.7,0.5714285714285715,0.4,1.0,0.4,S_memorised,False,False,0.26560506308728526,0.4677171114722216,13,"[3, 5, 9, 10, 11, 12, 14, 15, 16, 17, 18, 19, 20]",9,69,1.0600697424434304,6.096624851226807,3
aisle,pool,11,full,0.1,min,0.7,0.5714285714285715,0.4,1.0,0.4,S_memorised,False,False,0.26560506308728526,0.4677171114722216,13,"[3, 5, 9, 10, 11, 12, 14, 15, 16, 17, 18, 19, 20]",9,69,1.0600697424434304,4.518352031707764,3
aisle,pool,11,full,0.1,median,0.7,0.5714285714285715,0.4,1.0,0.4,S_memorised,False,False,0.26560506308728526,0.4677171114722216,13,"[3, 5, 9, 10, 11, 12, 14, 15, 16, 17, 18, 19, 20]",9,69,1.0600697424434304,6.4785895347595215,3
aisle,pool,11,full,0.2,min,0.7,0.5714285714285715,0.4,1.0,0.4,S_memorised,False,False,0.26560506308728526,0.4677171114722216,13,"[3, 5, 9, 10, 11, 12, 14, 15, 16, 17, 18, 19, 20]",9,69,1.0600697424434304,4.71019434928894,3
aisle,pool,11,full,0.2,median,0.7,0.5714285714285715,0.4,1.0,0.4,S_memorised,False,False,0.26560506308728526,0.4677171114722216,13,"[3, 5, 9, 10, 11, 12, 14, 15, 16, 17, 18, 19, 20]",9,69,1.0600697424434304,4.4561426639556885,3
aisle,pool,11,full,0.4,min,0.7,0.5714285714285715,0.4,1.0,0.4,S_memorised,False,False,0.26560506308728526,0.4677171114722216,13,"[3, 5, 9, 10, 11, 12, 14, 15, 16, 17, 18, 19, 20]",9,69,1.0600697424434304,6.425115346908569,3
aisle,pool,11,full,0.4,median,0.7,0.5714285714285715,0.4,1.0,0.4,S_memorised,False,False,0.26560506308728526,0.4677171114722216,13,"[3, 5, 9, 10, 11, 12, 14, 15, 16, 17, 18, 19, 20]",9,69,1.0600697424434304,4.319734334945679,3
aisle,pool,11,full,0.6,min,0.7,0.5714285714285715,0.4,1.0,0.4,S_memorised,False,False,0.26560506308728526,0.4677171114722216,13,"[3, 5, 9, 10, 11, 12, 14, 15, 16, 17, 18, 19, 20]",9,69,1.0600697424434304,4.587527275085449,3
aisle,pool,11,full,0.6,median,0.7,0.5714285714285715,0.4,1.0,0.4,S_memorised,False,False,0.26560506308728526,0.4677171114722216,13,"[3, 5, 9, 10, 11, 12, 14, 15, 16, 17, 18, 19, 20]",9,69,1.0600697424434304,6.535020351409912,3
aisle,pool,11,full,0.8,min,0.7,0.5714285714285715,0.4,1.0,0.4,S_memorised,False,False,0.26560506308728526,0.4677171114722216,13,"[3, 5, 9, 10, 11, 12, 14, 15, 16, 17, 18, 19, 20]",9,69,1.0600697424434304,5.952788591384888,3
aisle,pool,11,full,0.8,median,0.7,0.5714285714285715,0.4,1.0,0.4,S_memorised,False,False,0.26560506308728526,0.4677171114722216,14,"[3, 5, 7, 9, 10, 11, 12, 14, 15, 16, 17, 18, 19, 20]",9,74,1.0600697424434304,4.531113624572754,3
aisle,pool,11,fixed,,min,0.6,0.33333333333333337,0.4,1.0,0.2,B0_cells,False,False,,0.9976963041239647,0,[],4,4,0.01783180014033761,2.637498378753662,
aisle,pool,11,oracle,,min,1.0,1.0,1.0,1.0,1.0,S_corridor,False,True,0.4989923005451437,0.5009986863210457,0,[],8,9,0.6932561430011666,3.6939494609832764,
aisle,pool,12,full,0.01,min,0.7,0.5714285714285715,0.4,1.0,0.4,S_memorised,False,False,0.2659967092903146,0.46675041486911756,2,"[3, 5]",7,11,1.060661172107608,5.573300838470459,3
aisle,pool,12,full,0.01,median,0.7,0.5714285714285715,0.4,1.0,0.4,S_memorised,False,False,0.2659967092903146,0.46675041486911756,11,"[3, 5, 9, 11, 13, 14, 15, 16, 18, 19, 20]",7,56,1.060661172107608,3.4601736068725586,3
aisle,pool,12,full,0.025,min,0.7,0.5714285714285715,0.4,1.0,0.4,S_memorised,False,False,0.2659967092903146,0.46675041486911756,14,"[3, 5, 7, 8, 9, 11, 12, 13, 14, 15, 16, 18, 19, 20]",7,71,1.060661172107608,3.9921886920928955,3
aisle,pool,12,full,0.025,median,0.7,0.5714285714285715,0.4,1.0,0.4,S_memorised,False,False,0.2659967092903146,0.46675041486911756,14,"[3, 5, 7, 8, 9, 11, 12, 13, 14, 15, 16, 18, 19, 20]",7,71,1.060661172107608,4.163436412811279,3
aisle,pool,12,full,0.05,min,0.7,0.5714285714285715,0.4,1.0,0.4,S_memorised,False,False,0.2659967092903146,0.46675041486911756,14,"[3, 5, 7, 8, 9, 11, 12, 13, 14, 15, 16, 18, 19, 20]",7,71,1.060661172107608,3.8355352878570557,3
aisle,pool,12,full,0.05,median,0.7,0.5714285714285715,0.4,1.0,0.4,S_memorised,False,False,0.2659967092903146,0.46675041486911756,14,"[3, 5, 7, 8, 9, 11, 12, 13, 14, 15, 16, 18, 19, 20]",7,71,1.060661172107608,5.461381196975708,3
aisle,pool,12,full,0.1,min,0.7,0.5714285714285715,0.4,1.0,0.4,S_memorised,False,False,0.2659967092903146,0.46675041486911756,14,"[3, 5, 7, 8, 9, 11, 12, 13, 14, 15, 16, 18, 19, 20]",7,71,1.060661172107608,3.7098395824432373,3
aisle,pool,12,full,0.1,median,0.7,0.5714285714285715,0.4,1.0,0.4,S_memorised,False,False,0.2659967092903146,0.46675041486911756,14,"[3, 5, 7, 8, 9, 11, 12, 13, 14, 15, 16, 18, 19, 20]",7,71,1.060661172107608,5.577233791351318,3
aisle,pool,12,full,0.2,min,0.7,0.5714285714285715,0.4,1.0,0.4,S_memorised,False,False,0.2659967092903146,0.46675041486911756,14,"[3, 5, 7, 8, 9, 11, 12, 13, 14, 15, 16, 18, 19, 20]",7,71,1.060661172107608,3.8065977096557617,3
aisle,pool,12,full,0.2,median,0.7,0.5714285714285715,0.4,1.0,0.4,S_memorised,False,False,0.2659967092903146,0.46675041486911756,14,"[3, 5, 7, 8, 9, 11, 12, 13, 14, 15, 16, 18, 19, 20]",7,71,1.060661172107608,3.6376941204071045,3
aisle,pool,12,full,0.4,min,0.7,0.5714285714285715,0.4,1.0,0.4,S_memorised,False,False,0.2659967092903146,0.46675041486911756,14,"[3, 5, 7, 8, 9, 11, 12, 13, 14, 15, 16, 18, 19, 20]",7,71,1.060661172107608,5.332616567611694,3
aisle,pool,12,full,0.4,median,0.7,0.5714285714285715,0.4,1.0,0.4,S_memorised,False,False,0.2659967092903146,0.46675041486911756,14,"[3, 5, 7, 8, 9, 11, 12, 13, 14, 15, 16, 18, 19, 20]",7,71,1.060661172107608,3.7387828826904297,3
aisle,pool,12,full,0.6,min,0.7,0.5714285714285715,0.4,1.0,0.4,S_memorised,False,False,0.2659967092903146,0.46675041486911756,14,"[3, 5, 7, 8, 9, 11, 12, 13, 14, 15, 16, 18, 19, 20]",7,71,1.060661172107608,3.7890853881835938,3
aisle,pool,12,full,0.6,median,0.7,0.5714285714285715,0.4,1.0,0.4,S_memorised,False,False,0.2659967092903146,0.46675041486911756,14,"[3, 5, 7, 8, 9, 11, 12, 13, 14, 15, 16, 18, 19, 20]",7,71,1.060661172107608,3.6936748027801514,3
aisle,pool,12,full,0.8,min,0.7,0.5714285714285715,0.4,1.0,0.4,S_memorised,False,False,0.2659967092903146,0.46675041486911756,17,"[3, 4, 5, 7, 8, 9, 10, 11, 12, 13, 14, 15, 16, 17, 18, 19, 20]",7,86,1.060661172107608,4.3009936809539795,3
aisle,pool,12,full,0.8,median,0.7,0.5714285714285715,0.4,1.0,0.4,S_memorised,False,False,0.2659967092903146,0.46675041486911756,17,"[3, 4, 5, 7, 8, 9, 10, 11, 12, 13, 14, 15, 16, 17, 18, 19, 20]",7,86,1.060661172107608,3.979680299758911,3
aisle,pool,12,fixed,,min,0.5,0.0,0.4,0.0,0.0,H_null,False,False,,1.0000000000000115,0,[],1,1,-1.1546319456101694e-14,1.5245330333709717,
aisle,pool,12,oracle,,min,1.0,1.0,1.0,1.0,1.0,S_corridor,False,True,0.49882215890524917,0.5011600824884106,0,[],5,5,0.6933464257247891,3.161206007003784,
aisle,pool,13,full,0.01,min,0.6,0.33333333333333337,0.4,1.0,0.2,B0_cells,False,False,,0.9907588179575166,0,[],4,4,0.058701091217505066,2.521660327911377,
aisle,pool,13,full,0.01,median,0.6,0.33333333333333337,0.4,1.0,0.2,B0_cells,False,False,,0.9907588179575166,0,[],4,4,0.058701091217505066,2.575911283493042,
aisle,pool,13,full,0.025,min,0.6,0.33333333333333337,0.4,1.0,0.2,B0_cells,False,False,,0.9907588179575166,0,[],4,4,0.058701091217505066,2.3145265579223633,
aisle,pool,13,full,0.025,median,0.6,0.33333333333333337,0.4,1.0,0.2,B0_cells,False,False,,0.9907588179575166,0,[],4,4,0.058701091217505066,2.6005876064300537,
aisle,pool,13,full,0.05,min,0.6,0.33333333333333337,0.4,1.0,0.2,B0_cells,False,False,,0.9907588179575166,0,[],4,4,0.058701091217505066,2.5915653705596924,
aisle,pool,13,full,0.05,median,0.6,0.33333333333333337,0.4,1.0,0.2,B0_cells,False,False,,0.9907588179575166,0,[],4,4,0.058701091217505066,3.8287103176116943,
aisle,pool,13,full,0.1,min,0.6,0.33333333333333337,0.4,1.0,0.2,B0_cells,False,False,,0.9907588179575166,0,[],4,4,0.058701091217505066,2.6302642822265625,
aisle,pool,13,full,0.1,median,0.6,0.33333333333333337,0.4,1.0,0.2,B0_cells,False,False,,0.9907588179575166,0,[],4,4,0.058701091217505066,3.352182149887085,
aisle,pool,13,full,0.2,min,0.6,0.33333333333333337,0.4,1.0,0.2,B0_cells,False,False,,0.9907588179575166,0,[],4,4,0.058701091217505066,2.537226676940918,
aisle,pool,13,full,0.2,median,0.7,0.5714285714285715,0.4,1.0,0.4,S_memorised,False,False,0.26669918193499265,0.4651343174947087,1,[12],9,9,1.061460584231245,4.812014102935791,12
aisle,pool,13,full,0.4,min,0.7,0.5714285714285715,0.4,1.0,0.4,S_memorised,False,False,0.26669918193499265,0.4651343174947087,1,[3],9,9,1.061460584231245,5.87418794631958,3
aisle,pool,13,full,0.4,median,0.7,0.5714285714285715,0.4,1.0,0.4,S_memorised,False,False,0.26669918193499265,0.4651343174947087,1,[3],9,9,1.061460584231245,4.853412389755249,3
aisle,pool,13,full,0.6,min,0.7,0.5714285714285715,0.4,1.0,0.4,S_memorised,False,False,0.26669918193499265,0.4651343174947087,1,[3],9,9,1.061460584231245,6.201077938079834,3
aisle,pool,13,full,0.6,median,0.7,0.5714285714285715,0.4,1.0,0.4,S_memorised,False,False,0.26669918193499265,0.4651343174947087,5,"[3, 12, 13, 16, 17]",9,29,1.061460584231245,4.5112624168396,3
aisle,pool,13,full,0.8,min,0.7,0.5714285714285715,0.4,1.0,0.4,S_memorised,False,False,0.26669918193499265,0.4651343174947087,1,[3],9,9,1.061460584231245,5.992966413497925,3
aisle,pool,13,full,0.8,median,0.7,0.5714285714285715,0.4,1.0,0.4,S_memorised,False,False,0.26669918193499265,0.4651343174947087,6,"[3, 6, 12, 13, 16, 17]",9,34,1.061460584231245,6.245505332946777,3
aisle,pool,13,fixed,,min,0.6,0.33333333333333337,0.4,1.0,0.2,B0_cells,False,False,,0.9907588179575166,0,[],4,4,0.058701091217505066,4.4174323081970215,
aisle,pool,13,oracle,,min,1.0,1.0,1.0,1.0,1.0,S_corridor,False,True,0.4986283298000666,0.5013706347799701,0,[],8,9,0.6931583415593522,5.8613831996917725,
aisle,pool,14,full,0.01,min,0.5,0.0,0.4,0.0,0.0,H_null,False,False,,1.0000000000000115,0,[],1,1,-1.1546319456101694e-14,1.572666883468628,
aisle,pool,14,full,0.01,median,0.7,0.5714285714285715,0.4,1.0,0.4,S_memorised,False,False,0.2642339612204453,0.4709479414301959,9,"[6, 8, 9, 14, 15, 16, 18, 19, 20]",6,46,1.0581749149879964,4.740536689758301,6
aisle,pool,14,full,0.025,min,0.5,0.0,0.4,0.0,0.0,H_null,False,False,,1.0000000000000115,0,[],1,1,-1.1546319456101694e-14,1.927445411682129,
aisle,pool,14,full,0.025,median,0.7,0.5714285714285715,0.4,1.0,0.4,S_memorised,False,False,0.2642339612204453,0.4709479414301959,11,"[6, 8, 9, 10, 11, 14, 15, 16, 18, 19, 20]",6,56,1.0581749149879964,4.460026979446411,6
aisle,pool,14,full,0.05,min,0.5,0.0,0.4,0.0,0.0,H_null,False,False,,1.0000000000000115,0,[],1,1,-1.1546319456101694e-14,4.325791597366333,
aisle,pool,14,full,0.05,median,0.7,0.5714285714285715,0.4,1.0,0.4,S_memorised,False,False,0.2642339612204453,0.4709479414301959,11,"[6, 8, 9, 10, 11, 14, 15, 16, 18, 19, 20]",6,56,1.0581749149879964,6.2009642124176025,6
aisle,pool,14,full,0.1,min,0.5,0.0,0.4,0.0,0.0,H_null,False,False,,1.0000000000000115,0,[],1,1,-1.1546319456101694e-14,2.451144218444824,
aisle,pool,14,full,0.1,median,0.7,0.5714285714285715,0.4,1.0,0.4,S_memorised,False,False,0.2642339612204453,0.4709479414301959,11,"[6, 8, 9, 10, 11, 14, 15, 16, 18, 19, 20]",6,56,1.0581749149879964,7.827772378921509,6
aisle,pool,14,full,0.2,min,0.7,0.5714285714285715,0.4,1.0,0.4,S_memorised,False,False,0.2642339612204453,0.4709479414301959,1,[10],6,6,1.0581749149879964,6.902740716934204,10
aisle,pool,14,full,0.2,median,0.7,0.5714285714285715,0.4,1.0,0.4,S_memorised,False,False,0.2642339612204453,0.4709479414301959,11,"[6, 8, 9, 10, 11, 14, 15, 16, 18, 19, 20]",6,56,1.0581749149879964,7.719509124755859,6
aisle,pool,14,full,0.4,min,0.7,0.5714285714285715,0.4,1.0,0.4,S_memorised,False,False,0.2642339612204453,0.4709479414301959,1,[3],6,6,1.0581749149879964,4.458358287811279,3
aisle,pool,14,full,0.4,median,0.7,0.5714285714285715,0.4,1.0,0.4,S_memorised,False,False,0.2642339612204453,0.4709479414301959,12,"[3, 6, 8, 9, 10, 11, 14, 15, 16, 18, 19, 20]",6,61,1.0581749149879964,8.124380826950073,3
aisle,pool,14,full,0.6,min,0.7,0.5714285714285715,0.4,1.0,0.4,S_memorised,False,False,0.2642339612204453,0.4709479414301959,1,[3],6,6,1.0581749149879964,6.931984901428223,3
aisle,pool,14,full,0.6,median,0.7,0.5714285714285715,0.4,1.0,0.4,S_memorised,False,False,0.2642339612204453,0.4709479414301959,12,"[3, 6, 8, 9, 10, 11, 14, 15, 16, 18, 19, 20]",6,61,1.0581749149879964,6.247867822647095,3
aisle,pool,14,full,0.8,min,0.7,0.5714285714285715,0.4,1.0,0.4,S_memorised,False,False,0.2642339612204453,0.4709479414301959,1,[3],6,6,1.0581749149879964,5.434029817581177,3
aisle,pool,14,full,0.8,median,0.7,0.5714285714285715,0.4,1.0,0.4,S_memorised,False,False,0.2642339612204453,0.4709479414301959,13,"[3, 6, 7, 8, 9, 10, 11, 14, 15, 16, 18, 19, 20]",6,66,1.0581749149879964,6.1030213832855225,3
aisle,pool,14,fixed,,min,0.5,0.0,0.4,0.0,0.0,H_null,False,False,,1.0000000000000115,0,[],1,1,-1.1546319456101694e-14,2.35351824760437,
aisle,pool,14,oracle,,min,1.0,1.0,1.0,1.0,1.0,S_corridor,False,True,0.49944794078440863,0.500551254693549,0,[],5,5,0.6931581189756437,4.708941698074341,
aisle,pool,15,full,0.01,min,0.7,0.5714285714285715,0.4,1.0,0.4,S_memorised,False,False,0.24671738100256146,0.4406178306430838,6,"[4, 8, 9, 10, 11, 14]",9,34,1.230104361571431,4.457104682922363,4
aisle,pool,15,full,0.01,median,0.7,0.5714285714285715,0.4,1.0,0.4,S_memorised,False,False,0.24671738100256146,0.4406178306430838,8,"[4, 8, 9, 10, 11, 14, 16, 20]",9,44,1.230104361571431,7.197774410247803,4
aisle,pool,15,full,0.025,min,0.7,0.5714285714285715,0.4,1.0,0.4,S_memorised,False,False,0.24671738100256146,0.4406178306430838,6,"[4, 8, 9, 10, 11, 14]",9,34,1.230104361571431,7.71758770942688,4
aisle,pool,15,full,0.025,median,0.7,0.5714285714285715,0.4,1.0,0.4,S_memorised,False,False,0.24671738100256146,0.4406178306430838,9,"[4, 8, 9, 10, 11, 14, 16, 17, 20]",9,49,1.230104361571431,7.233644962310791,4
aisle,pool,15,full,0.05,min,0.7,0.5714285714285715,0.4,1.0,0.4,S_memorised,False,False,0.24671738100256146,0.4406178306430838,10,"[4, 8, 9, 10, 11, 14, 15, 16, 17, 20]",9,54,1.230104361571431,5.896642208099365,4
aisle,pool,15,full,0.05,median,0.7,0.5714285714285715,0.4,1.0,0.4,S_memorised,False,False,0.24671738100256146,0.4406178306430838,10,"[4, 8, 9, 10, 11, 14, 15, 16, 17, 20]",9,54,1.230104361571431,7.906971216201782,4
aisle,pool,15,full,0.1,min,0.7,0.5714285714285715,0.4,1.0,0.4,S_memorised,False,False,0.24671738100256146,0.4406178306430838,10,"[4, 8, 9, 10, 11, 14, 15, 16, 17, 20]",9,54,1.230104361571431,5.4285218715667725,4
aisle,pool,15,full,0.1,median,0.7,0.5714285714285715,0.4,1.0,0.4,S_memorised,False,False,0.24671738100256146,0.4406178306430838,10,"[4, 8, 9, 10, 11, 14, 15, 16, 17, 20]",9,54,1.230104361571431,7.629540920257568,4
aisle,pool,15,full,0.2,min,0.7,0.5714285714285715,0.4,1.0,0.4,S_memorised,False,False,0.24671738100256146,0.4406178306430838,10,"[4, 8, 9, 10, 11, 14, 15, 16, 17, 20]",9,54,1.230104361571431,7.900269508361816,4
aisle,pool,15,full,0.2,median,0.7,0.5714285714285715,0.4,1.0,0.4,S_memorised,False,False,0.24671738100256146,0.4406178306430838,10,"[4, 8, 9, 10, 11, 14, 15, 16, 17, 20]",9,54,1.230104361571431,7.747666835784912,4
aisle,pool,15,full,0.4,min,0.7,0.5714285714285715,0.4,1.0,0.4,S_memorised,False,False,0.24671738100256146,0.4406178306430838,10,"[4, 8, 9, 10, 11, 14, 15, 16, 17, 20]",9,54,1.230104361571431,7.135035037994385,4
aisle,pool,15,full,0.4,median,0.7,0.5714285714285715,0.4,1.0,0.4,S_memorised,False,False,0.24671738100256146,0.4406178306430838,10,"[4, 8, 9, 10, 11, 14, 15, 16, 17, 20]",9,54,1.230104361571431,7.089301586151123,4
aisle,pool,15,full,0.6,min,0.7,0.5714285714285715,0.4,1.0,0.4,S_memorised,False,False,0.24671738100256146,0.4406178306430838,10,"[4, 8, 9, 10, 11, 14, 15, 16, 17, 20]",9,54,1.230104361571431,7.2470011711120605,4
aisle,pool,15,full,0.6,median,0.7,0.5714285714285715,0.4,1.0,0.4,S_memorised,False,False,0.24671738100256146,0.4406178306430838,10,"[4, 8, 9, 10, 11, 14, 15, 16, 17, 20]",9,54,1.230104361571431,6.1526618003845215,4
aisle,pool,15,full,0.8,min,0.7,0.5714285714285715,0.4,1.0,0.4,S_memorised,False,False,0.24671738100256146,0.4406178306430838,10,"[4, 8, 9, 10, 11, 14, 15, 16, 17, 20]",9,54,1.230104361571431,7.8167901039123535,4
aisle,pool,15,full,0.8,median,0.7,0.5714285714285715,0.4,1.0,0.4,S_memorised,False,False,0.24671738100256146,0.4406178306430838,10,"[4, 8, 9, 10, 11, 14, 15, 16, 17, 20]",9,54,1.230104361571431,4.330852746963501,4
aisle,pool,15,fixed,,min,0.6,0.33333333333333337,0.4,1.0,0.2,B0_cells,False,False,,0.9813375583443884,0,[],4,4,0.10537834320103148,2.02243709564209,
aisle,pool,15,oracle,,min,1.0,1.0,1.0,1.0,1.0,S_corridor,False,True,0.44105335228364295,0.44226721756084075,0,[],8,9,0.9725485872060785,4.220539569854736,
aisle,pool,16,full,0.01,min,0.6,0.33333333333333337,0.4,1.0,0.2,B0_cells,False,False,,0.9633187151066063,0,[],4,4,0.18206847850435354,2.3053905963897705,
aisle,pool,16,full,0.01,median,0.7,0.5714285714285715,0.4,1.0,0.4,S_memorised,False,False,0.2653635645335355,0.46835386183697203,8,"[4, 9, 10, 11, 12, 14, 15, 20]",9,44,1.0599882998161183,4.3855979442596436,4
aisle,pool,16,full,0.025,min,0.7,0.5714285714285715,0.4,1.0,0.4,S_memorised,False,False,0.2653635645335355,0.46835386183697203,1,[4],9,9,1.0599882998161183,5.667865037918091,4
aisle,pool,16,full,0.025,median,0.7,0.5714285714285715,0.4,1.0,0.4,S_memorised,False,False,0.2653635645335355,0.46835386183697203,10,"[4, 9, 10, 11, 12, 13, 14, 15, 17, 20]",9,54,1.0599882998161183,5.128324508666992,4
aisle,pool,16,full,0.05,min,0.7,0.5714285714285715,0.4,1.0,0.4,S_memorised,False,False,0.2653635645335355,0.46835386183697203,1,[4],9,9,1.0599882998161183,5.669173002243042,4
aisle,pool,16,full,0.05,median,0.7,0.5714285714285715,0.4,1.0,0.4,S_memorised,False,False,0.2653635645335355,0.46835386183697203,10,"[4, 9, 10, 11, 12, 13, 14, 15, 17, 20]",9,54,1.0599882998161183,5.137649297714233,4
aisle,pool,16,full,0.1,min,0.7,0.5714285714285715,0.4,1.0,0.4,S_memorised,False,False,0.2653635645335355,0.46835386183697203,1,[4],9,9,1.0599882998161183,4.724109411239624,4
aisle,pool,16,full,0.1,median,0.7,0.5714285714285715,0.4,1.0,0.4,S_memorised,False,False,0.2653635645335355,0.46835386183697203,10,"[4, 9, 10, 11, 12, 13, 14, 15, 17, 20]",9,54,1.0599882998161183,5.2153425216674805,4
aisle,pool,16,full,0.2,min,0.7,0.5714285714285715,0.4,1.0,0.4,S_memorised,False,False,0.2653635645335355,0.46835386183697203,1,[4],9,9,1.0599882998161183,4.99674129486084,4
aisle,pool,16,full,0.2,median,0.7,0.5714285714285715,0.4,1.0,0.4,S_memorised,False,False,0.2653635645335355,0.46835386183697203,10,"[4, 9, 10, 11, 12, 13, 14, 15, 17, 20]",9,54,1.0599882998161183,5.512951612472534,4
aisle,pool,16,full,0.4,min,0.7,0.5714285714285715,0.4,1.0,0.4,S_memorised,False,False,0.2653635645335355,0.46835386183697203,1,[4],9,9,1.0599882998161183,4.514854431152344,4
aisle,pool,16,full,0.4,median,0.7,0.5714285714285715,0.4,1.0,0.4,S_memorised,False,False,0.2653635645335355,0.46835386183697203,10,"[4, 9, 10, 11, 12, 13, 14, 15, 17, 20]",9,54,1.0599882998161183,5.939200162887573,4
aisle,pool,16,full,0.6,min,0.7,0.5714285714285715,0.4,1.0,0.4,S_memorised,False,False,0.2653635645335355,0.46835386183697203,3,"[4, 9, 10]",9,19,1.0599882998161183,4.925767183303833,4
aisle,pool,16,full,0.6,median,0.7,0.5714285714285715,0.4,1.0,0.4,S_memorised,False,False,0.2653635645335355,0.46835386183697203,10,"[4, 9, 10, 11, 12, 13, 14, 15, 17, 20]",9,54,1.0599882998161183,5.615423679351807,4
aisle,pool,16,full,0.8,min,0.7,0.5714285714285715,0.4,1.0,0.4,S_memorised,False,False,0.2653635645335355,0.46835386183697203,5,"[4, 9, 10, 12, 14]",9,29,1.0599882998161183,4.66474723815918,4
aisle,pool,16,full,0.8,median,0.7,0.5714285714285715,0.4,1.0,0.4,S_memorised,False,False,0.2653635645335355,0.46835386183697203,11,"[4, 8, 9, 10, 11, 12, 13, 14, 15, 17, 20]",9,59,1.0599882998161183,4.3700175285339355,4
aisle,pool,16,fixed,,min,0.6,0.33333333333333337,0.4,1.0,0.2,B0_cells,False,False,,0.9633187151066063,0,[],4,4,0.18206847850435354,2.5378239154815674,
aisle,pool,16,oracle,,min,1.0,1.0,1.0,1.0,1.0,S_corridor,False,True,0.49913569475070896,0.5008011141553412,0,[],8,9,0.6937799192467661,5.405169248580933,
aisle,pool,17,full,0.01,min,0.7,0.5714285714285715,0.4,1.0,0.4,B0_cells,False,False,,0.9999916004393511,0,[],4,4,0.00011201340682829645,3.2715795040130615,
aisle,pool,17,full,0.01,median,0.7,0.5714285714285715,0.4,1.0,0.4,B0_cells,False,False,0.26634495944818004,0.4659023073832086,9,"[8, 10, 12, 13, 14, 15, 17, 18, 19]",8,49,1.0610825105383848,4.400717496871948,8
aisle,pool,17,full,0.025,min,0.7,0.5714285714285715,0.4,1.0,0.4,B0_cells,False,False,,0.9999916004393511,0,[],4,4,0.00011201340682829645,2.569355010986328,
aisle,pool,17,full,0.025,median,0.7,0.5714285714285715,0.4,1.0,0.4,B0_cells,False,False,0.26634495944818004,0.4659023073832086,12,"[7, 8, 10, 11, 12, 13, 14, 15, 16, 17, 18, 19]",8,64,1.0610825105383848,4.169789552688599,7
aisle,pool,17,full,0.05,min,0.7,0.5714285714285715,0.4,1.0,0.4,B0_cells,False,False,,0.9999916004393511,0,[],4,4,0.00011201340682829645,2.6343183517456055,
aisle,pool,17,full,0.05,median,0.7,0.5714285714285715,0.4,1.0,0.4,B0_cells,False,False,0.26634495944818004,0.4659023073832086,12,"[7, 8, 10, 11, 12, 13, 14, 15, 16, 17, 18, 19]",8,64,1.0610825105383848,5.762676954269409,7
aisle,pool,17,full,0.1,min,0.7,0.5714285714285715,0.4,1.0,0.4,B0_cells,False,False,,0.9999916004393511,0,[],4,4,0.00011201340682829645,3.6469337940216064,
aisle,pool,17,full,0.1,median,0.7,0.5714285714285715,0.4,1.0,0.4,B0_cells,False,False,0.26634495944818004,0.4659023073832086,12,"[7, 8, 10, 11, 12, 13, 14, 15, 16, 17, 18, 19]",8,64,1.0610825105383848,4.456842422485352,7
aisle,pool,17,full,0.2,min,0.7,0.5714285714285715,0.4,1.0,0.4,B0_cells,False,False,,0.9999916004393511,0,[],4,4,0.00011201340682829645,2.8356547355651855,
aisle,pool,17,full,0.2,median,0.7,0.5714285714285715,0.4,1.0,0.4,B0_cells,False,False,0.26634495944818004,0.4659023073832086,12,"[7, 8, 10, 11, 12, 13, 14, 15, 16, 17, 18, 19]",8,64,1.0610825105383848,5.580847978591919,7
aisle,pool,17,full,0.4,min,0.7,0.5714285714285715,0.4,1.0,0.4,B0_cells,False,False,,0.9999916004393511,0,[],4,4,0.00011201340682829645,2.6440916061401367,
aisle,pool,17,full,0.4,median,0.7,0.5714285714285715,0.4,1.0,0.4,B0_cells,False,False,0.26634495944818004,0.4659023073832086,12,"[7, 8, 10, 11, 12, 13, 14, 15, 16, 17, 18, 19]",8,64,1.0610825105383848,3.989485740661621,7
aisle,pool,17,full,0.6,min,0.7,0.5714285714285715,0.4,1.0,0.4,B0_cells,False,False,0.26634495944818004,0.4659023073832086,1,[8],8,9,1.0610825105383848,4.990394830703735,8
aisle,pool,17,full,0.6,median,0.7,0.5714285714285715,0.4,1.0,0.4,B0_cells,False,False,0.26634495944818004,0.4659023073832086,12,"[7, 8, 10, 11, 12, 13, 14, 15, 16, 17, 18, 19]",8,64,1.0610825105383848,4.185311555862427,7
aisle,pool,17,full,0.8,min,0.7,0.5714285714285715,0.4,1.0,0.4,B0_cells,False,False,0.26634495944818004,0.4659023073832086,3,"[8, 15, 18]",8,19,1.0610825105383848,5.679886817932129,8
aisle,pool,17,full,0.8,median,0.7,0.5714285714285715,0.4,1.0,0.4,B0_cells,False,False,0.26634495944818004,0.4659023073832086,12,"[7, 8, 10, 11, 12, 13, 14, 15, 16, 17, 18, 19]",8,64,1.0610825105383848,3.6447179317474365,7
aisle,pool,17,fixed,,min,0.7,0.5714285714285715,0.4,1.0,0.4,B0_cells,False,False,,0.9999916004393511,0,[],4,4,0.00011201340682829645,2.5920474529266357,
aisle,pool,17,oracle,,min,0.7,0.5714285714285715,0.4,1.0,0.4,B0_cells,False,False,0.26634495944818004,0.4659023073832086,0,[],8,9,1.0610825105383848,3.984117269515991,
aisle,pool,18,full,0.01,min,0.7,0.5714285714285715,0.4,1.0,0.4,S_memorised,False,False,0.26453287028863315,0.46989469069949674,12,"[3, 4, 5, 6, 10, 12, 13, 14, 16, 18, 19, 20]",7,61,1.0604616228274768,5.266468286514282,3
aisle,pool,18,full,0.01,median,0.7,0.5714285714285715,0.4,1.0,0.4,S_memorised,False,False,0.26453287028863315,0.46989469069949674,12,"[3, 4, 5, 6, 10, 12, 13, 14, 16, 18, 19, 20]",7,61,1.0604616228274768,3.552464246749878,3
aisle,pool,18,full,0.025,min,0.7,0.5714285714285715,0.4,1.0,0.4,S_memorised,False,False,0.26453287028863315,0.46989469069949674,12,"[3, 4, 5, 6, 10, 12, 13, 14, 16, 18, 19, 20]",7,61,1.0604616228274768,3.777294158935547,3
aisle,pool,18,full,0.025,median,0.7,0.5714285714285715,0.4,1.0,0.4,S_memorised,False,False,0.26453287028863315,0.46989469069949674,12,"[3, 4, 5, 6, 10, 12, 13, 14, 16, 18, 19, 20]",7,61,1.0604616228274768,3.6473069190979004,3
aisle,pool,18,full,0.05,min,0.7,0.5714285714285715,0.4,1.0,0.4,S_memorised,False,False,0.26453287028863315,0.46989469069949674,12,"[3, 4, 5, 6, 10, 12, 13, 14, 16, 18, 19, 20]",7,61,1.0604616228274768,5.419811964035034,3
aisle,pool,18,full,0.05,median,0.7,0.5714285714285715,0.4,1.0,0.4,S_memorised,False,False,0.26453287028863315,0.46989469069949674,12,"[3, 4, 5, 6, 10, 12, 13, 14, 16, 18, 19, 20]",7,61,1.0604616228274768,3.698157548904419,3
aisle,pool,18,full,0.1,min,0.7,0.5714285714285715,0.4,1.0,0.4,S_memorised,False,False,0.26453287028863315,0.46989469069949674,12,"[3, 4, 5, 6, 10, 12, 13, 14, 16, 18, 19, 20]",7,61,1.0604616228274768,5.232441425323486,3
aisle,pool,18,full,0.1,median,0.7,0.5714285714285715,0.4,1.0,0.4,S_memorised,False,False,0.26453287028863315,0.46989469069949674,12,"[3, 4, 5, 6, 10, 12, 13, 14, 16, 18, 19, 20]",7,61,1.0604616228274768,4.93747878074646,3
aisle,pool,18,full,0.2,min,0.7,0.5714285714285715,0.4,1.0,0.4,S_memorised,False,False,0.26453287028863315,0.46989469069949674,12,"[3, 4, 5, 6, 10, 12, 13, 14, 16, 18, 19, 20]",7,61,1.0604616228274768,4.207578182220459,3
aisle,pool,18,full,0.2,median,0.7,0.5714285714285715,0.4,1.0,0.4,S_memorised,False,False,0.26453287028863315,0.46989469069949674,12,"[3, 4, 5, 6, 10, 12, 13, 14, 16, 18, 19, 20]",7,61,1.0604616228274768,4.620965957641602,3
aisle,pool,18,full,0.4,min,0.7,0.5714285714285715,0.4,1.0,0.4,S_memorised,False,False,0.26453287028863315,0.46989469069949674,12,"[3, 4, 5, 6, 10, 12, 13, 14, 16, 18, 19, 20]",7,61,1.0604616228274768,3.8015804290771484,3
aisle,pool,18,full,0.4,median,0.7,0.5714285714285715,0.4,1.0,0.4,S_memorised,False,False,0.26453287028863315,0.46989469069949674,12,"[3, 4, 5, 6, 10, 12, 13, 14, 16, 18, 19, 20]",7,61,1.0604616228274768,3.4845056533813477,3
aisle,pool,18,full,0.6,min,0.7,0.5714285714285715,0.4,1.0,0.4,S_memorised,False,False,0.26453287028863315,0.46989469069949674,12,"[3, 4, 5, 6, 10, 12, 13, 14, 16, 18, 19, 20]",7,61,1.0604616228274768,3.845836877822876,3
aisle,pool,18,full,0.6,median,0.7,0.5714285714285715,0.4,1.0,0.4,S_memorised,False,False,0.26453287028863315,0.46989469069949674,13,"[3, 4, 5, 6, 10, 11, 12, 13, 14, 16, 18, 19, 20]",7,66,1.0604616228274768,4.560966730117798,3
aisle,pool,18,full,0.8,min,0.7,0.5714285714285715,0.4,1.0,0.4,S_memorised,False,False,0.26453287028863315,0.46989469069949674,13,"[3, 4, 5, 6, 10, 11, 12, 13, 14, 16, 18, 19, 20]",7,66,1.0604616228274768,4.2669243812561035,3
aisle,pool,18,full,0.8,median,0.7,0.5714285714285715,0.4,1.0,0.4,S_memorised,False,False,0.26453287028863315,0.46989469069949674,14,"[3, 4, 5, 6, 10, 11, 12, 13, 14, 16, 17, 18, 19, 20]",7,71,1.0604616228274768,4.599110841751099,3
aisle,pool,18,fixed,,min,0.5,0.0,0.4,0.0,0.0,H_null,False,False,,1.0000000000000115,0,[],1,1,-1.1546319456101694e-14,2.0119895935058594,
aisle,pool,18,oracle,,min,1.0,1.0,1.0,1.0,1.0,S_corridor,False,True,0.49901946961804033,0.500590813661454,0,[],5,5,0.6963299403181833,2.8150322437286377,
aisle,pool,19,full,0.01,min,0.5,0.0,0.4,0.0,0.0,H_null,False,False,,1.0000000000000115,0,[],1,1,-1.1546319456101694e-14,1.3414607048034668,
aisle,pool,19,full,0.01,median,0.7,0.5714285714285715,0.4,1.0,0.4,S_memorised,False,False,0.21400312600381266,0.3776941732996756,3,"[4, 13, 14]",7,16,1.3458836048973455,3.6474201679229736,4
aisle,pool,19,full,0.025,min,0.5,0.0,0.4,0.0,0.0,H_null,False,False,,1.0000000000000115,0,[],1,1,-1.1546319456101694e-14,1.2970094680786133,
aisle,pool,19,full,0.025,median,0.7,0.5714285714285715,0.4,1.0,0.4,S_memorised,False,False,0.21400312600381266,0.3776941732996756,3,"[4, 13, 14]",7,16,1.3458836048973455,4.374639511108398,4
aisle,pool,19,full,0.05,min,0.5,0.0,0.4,0.0,0.0,H_null,False,False,,1.0000000000000115,0,[],1,1,-1.1546319456101694e-14,1.452460765838623,
aisle,pool,19,full,0.05,median,0.7,0.5714285714285715,0.4,1.0,0.4,S_memorised,False,False,0.21400312600381266,0.3776941732996756,9,"[4, 9, 13, 14, 15, 16, 17, 19, 20]",7,46,1.3458836048973455,2.3388190269470215,4
aisle,pool,19,full,0.1,min,0.5,0.0,0.4,0.0,0.0,H_null,False,False,,1.0000000000000115,0,[],1,1,-1.1546319456101694e-14,0.9582886695861816,
aisle,pool,19,full,0.1,median,0.7,0.5714285714285715,0.4,1.0,0.4,S_memorised,False,False,0.21400312600381266,0.3776941732996756,9,"[4, 9, 13, 14, 15, 16, 17, 19, 20]",7,46,1.3458836048973455,3.085416316986084,4
aisle,pool,19,full,0.2,min,0.7,0.5714285714285715,0.4,1.0,0.4,S_memorised,False,False,0.21400312600389174,0.37769417329981514,1,[17],6,6,1.345883604887392,2.0618104934692383,17
aisle,pool,19,full,0.2,median,0.7,0.5714285714285715,0.4,1.0,0.4,S_memorised,False,False,0.21400312600381266,0.3776941732996756,11,"[4, 5, 9, 10, 13, 14, 15, 16, 17, 19, 20]",7,56,1.3458836048973455,2.6800074577331543,4
aisle,pool,19,full,0.4,min,0.7,0.5714285714285715,0.4,1.0,0.4,S_memorised,False,False,0.21400312600389174,0.37769417329981514,1,[17],6,6,1.345883604887392,1.6402790546417236,17
aisle,pool,19,full,0.4,median,0.7,0.5714285714285715,0.4,1.0,0.4,S_memorised,False,False,0.21400312600381266,0.3776941732996756,12,"[4, 5, 6, 9, 10, 13, 14, 15, 16, 17, 19, 20]",7,61,1.3458836048973455,2.6014299392700195,4
aisle,pool,19,full,0.6,min,0.7,0.5714285714285715,0.4,1.0,0.4,S_memorised,False,False,0.21400312600389174,0.37769417329981514,1,[17],6,6,1.345883604887392,1.8330645561218262,17
aisle,pool,19,full,0.6,median,0.7,0.5714285714285715,0.4,1.0,0.4,S_memorised,False,False,0.21400312600381266,0.3776941732996756,12,"[4, 5, 6, 9, 10, 13, 14, 15, 16, 17, 19, 20]",7,61,1.3458836048973455,2.2616360187530518,4
aisle,pool,19,full,0.8,min,0.7,0.5714285714285715,0.4,1.0,0.4,S_memorised,False,False,0.21400312600389174,0.37769417329981514,1,[6],6,6,1.345883604887392,2.007368564605713,6
aisle,pool,19,full,0.8,median,0.7,0.5714285714285715,0.4,1.0,0.4,S_memorised,False,False,0.21400312600381266,0.3776941732996756,12,"[4, 5, 6, 9, 10, 13, 14, 15, 16, 17, 19, 20]",7,61,1.3458836048973455,2.3448846340179443,4
aisle,pool,19,fixed,,min,0.5,0.0,0.4,0.0,0.0,H_null,False,False,,1.0000000000000115,0,[],1,1,-1.1546319456101694e-14,0.8560667037963867,
aisle,pool,19,oracle,,min,1.0,1.0,1.0,1.0,1.0,S_corridor,False,True,0.34388738916145606,0.3452243479954453,0,[],5,5,1.097466157131665,1.7839021682739258,
