run_index,sequence,t,P_intended,intended_in_set,top_competitor,P_top_competitor,map,accuracy
0,diagnostic,0,0.0,False,"[g0_no_east_from_5_2] FORBIDDEN: (at(5,2) ∧ E)",0.15078708379709285,"[g0_no_east_from_5_2] FORBIDDEN: (at(5,2) ∧ E)",0.6
0,diagnostic,1,0.0,False,"[g0_must_interact_0_1] OBLIGED: after start, eventually (at(0,1) ∧ INTERACT) (before exit)",0.9994289948604395,"[g0_must_interact_0_1] OBLIGED: after start, eventually (at(0,1) ∧ INTERACT) (before exit)",0.8
0,diagnostic,2,0.0,False,"[g0_must_interact_0_1] OBLIGED: after start, eventually (at(0,1) ∧ INTERACT) (before exit)",0.9999999996552331,"[g0_must_interact_0_1] OBLIGED: after start, eventually (at(0,1) ∧ INTERACT) (before exit)",0.8
0,diagnostic,3,0.0,False,"[g0_must_interact_0_1] OBLIGED: after start, eventually (at(0,1) ∧ INTERACT) (before exit)",0.9999999999999774,"[g0_must_interact_0_1] OBLIGED: after start, eventually (at(0,1) ∧ INTERACT) (before exit)",0.8
0,diagnostic,4,0.0,False,"[g0_must_interact_0_1] OBLIGED: after start, eventually (at(0,1) ∧ INTERACT) (before exit)",1.000000000000003,"[g0_must_interact_0_1] OBLIGED: after start, eventually (at(0,1) ∧ INTERACT) (before exit)",0.8
0,diagnostic,5,0.0,False,"[g0_must_interact_0_1] OBLIGED: after start, eventually (at(0,1) ∧ INTERACT) (before exit)",0.9999999999999956,"[g0_must_interact_0_1] OBLIGED: after start, eventually (at(0,1) ∧ INTERACT) (before exit)",0.8
0,diagnostic,6,0.0,False,"[g0_must_interact_0_1] OBLIGED: after start, eventually (at(0,1) ∧ INTERACT) (before exit)",1.0000000000000053,"[g0_must_interact_0_1] OBLIGED: after start, eventually (at(0,1) ∧ INTERACT) (before exit)",0.8
0,diagnostic,7,0.0,False,"[g0_must_interact_0_1] OBLIGED: after start, eventually (at(0,1) ∧ INTERACT) (before exit)",1.0000000000000049,"[g0_must_interact_0_1] OBLIGED: after start, eventually (at(0,1) ∧ INTERACT) (before exit)",0.8
0,diagnostic,8,0.0,False,"[g0_must_interact_0_1] OBLIGED: after start, eventually (at(0,1) ∧ INTERACT) (before exit)",0.999999999999986,"[g0_must_interact_0_1] OBLIGED: after start, eventually (at(0,1) ∧ INTERACT) (before exit)",0.8
0,control,0,0.0,False,"[g0_no_east_from_5_2] FORBIDDEN: (at(5,2) ∧ E)",0.15078708379709285,"[g0_no_east_from_5_2] FORBIDDEN: (at(5,2) ∧ E)",0.6
0,control,1,0.0,False,"[g0_must_interact_0_1] OBLIGED: after start, eventually (at(0,1) ∧ INTERACT) (before exit)",0.9994289948604395,"[g0_must_interact_0_1] OBLIGED: after start, eventually (at(0,1) ∧ INTERACT) (before exit)",0.8
0,control,2,0.0,False,"[g0_must_interact_0_1] OBLIGED: after start, eventually (at(0,1) ∧ INTERACT) (before exit)",0.9999999996552331,"[g0_must_interact_0_1] OBLIGED: after start, eventually (at(0,1) ∧ INTERACT) (before exit)",0.8
0,control,3,0.0,False,"[g0_must_interact_0_1] OBLIGED: after start, eventually (at(0,1) ∧ INTERACT) (before exit)",0.9999999999999774,"[g0_must_interact_0_1] OBLIGED: after start, eventually (at(0,1) ∧ INTERACT) (before exit)",0.8
0,control,4,0.0,False,"[g0_must_interact_0_1] OBLIGED: after start, eventually (at(0,1) ∧ INTERACT) (before exit)",1.000000000000003,"[g0_must_interact_0_1] OBLIGED: after start, eventually (at(0,1) ∧ INTERACT) (before exit)",0.8
0,control,5,0.0,False,"[g0_must_interact_0_1] OBLIGED: after start, eventually (at(0,1) ∧ INTERACT) (before exit)",0.9999999999999956,"[g0_must_interact_0_1] OBLIGED: after start, eventually (at(0,1) ∧ INTERACT) (before exit)",0.8
0,control,6,0.0,False,"[g0_must_interact_0_1] OBLIGED: after start, eventually (at(0,1) ∧ INTERACT) (before exit)",0.9999999999999871,"[g0_must_interact_0_1] OBLIGED: after start, eventually (at(0,1) ∧ INTERACT) (before exit)",0.8
0,control,7,0.0,False,"[g0_must_interact_0_1] OBLIGED: after start, eventually (at(0,1) ∧ INTERACT) (before exit)",0.9999999999999947,"[g0_must_interact_0_1] OBLIGED: after start, eventually (at(0,1) ∧ INTERACT) (before exit)",0.8
0,control,8,0.0,False,"[g0_must_interact_0_1] OBLIGED: after start, eventually (at(0,1) ∧ INTERACT) (before exit)",0.9999999999999885,"[g0_must_interact_0_1] OBLIGED: after start, eventually (at(0,1) ∧ INTERACT) (before exit)",0.8
0,reacquire,0,0.0,False,"[g0_no_east_from_5_2] FORBIDDEN: (at(5,2) ∧ E)",0.15078708379709285,"[g0_no_east_from_5_2] FORBIDDEN: (at(5,2) ∧ E)",0.6
0,reacquire,1,0.0,False,"[g0_must_interact_0_1] OBLIGED: after start, eventually (at(0,1) ∧ INTERACT) (before exit)",0.9994289948604395,"[g0_must_interact_0_1] OBLIGED: after start, eventually (at(0,1) ∧ INTERACT) (before exit)",0.8
0,reacquire,2,0.0,False,"[g0_must_interact_0_1] OBLIGED: after start, eventually (at(0,1) ∧ INTERACT) (before exit)",0.9999999996552331,"[g0_must_interact_0_1] OBLIGED: after start, eventually (at(0,1) ∧ INTERACT) (before exit)",0.8
0,reacquire,3,0.0,False,"[g0_must_interact_0_1] OBLIGED: after start, eventually (at(0,1) ∧ INTERACT) (before exit)",0.9999999999999774,"[g0_must_interact_0_1] OBLIGED: after start, eventually (at(0,1) ∧ INTERACT) (before exit)",0.8
0,reacquire,4,0.0,False,"[g0_must_interact_0_1] OBLIGED: after start, eventually (at(0,1) ∧ INTERACT) (before exit)",1.000000000000003,"[g0_must_interact_0_1] OBLIGED: after start, eventually (at(0,1) ∧ INTERACT) (before exit)",0.8
0,reacquire,5,0.0,False,"[g0_must_interact_0_1] OBLIGED: after start, eventually (at(0,1) ∧ INTERACT) (before exit)",0.9999999999999956,"[g0_must_interact_0_1] OBLIGED: after start, eventually (at(0,1) ∧ INTERACT) (before exit)",0.8
0,reacquire,6,0.0,False,"[g0_must_interact_0_1] OBLIGED: after start, eventually (at(0,1) ∧ INTERACT) (before exit)",0.9999999999999982,"[g0_must_interact_0_1] OBLIGED: after start, eventually (at(0,1) ∧ INTERACT) (before exit)",0.8
0,reacquire,7,0.0,False,"[g0_must_interact_0_1] OBLIGED: after start, eventually (at(0,1) ∧ INTERACT) (before exit)",1.0000000000000009,"[g0_must_interact_0_1] OBLIGED: after start, eventually (at(0,1) ∧ INTERACT) (before exit)",0.8
0,reacquire,8,0.0,False,"[g0_must_interact_0_1] OBLIGED: after start, eventually (at(0,1) ∧ INTERACT) (before exit)",1.0000000000000098,"[g0_must_interact_0_1] OBLIGED: after start, eventually (at(0,1) ∧ INTERACT) (before exit)",0.8
1,diagnostic,0,0.027475830824938183,True,"[g0_no_west_from_2_2] FORBIDDEN: (at(2,2) ∧ W)",0.13608868096311355,"[g0_no_west_from_2_2] FORBIDDEN: (at(2,2) ∧ W)",0.4
1,diagnostic,1,0.9999603179390314,True,"[g0_must_visit_0_1] OBLIGED: after start, eventually (at(0,1) ∧ INTERACT) (before exit)",3.965983984490712e-05,"[g1_return_cart_before_exit] OBLIGED: after take_cart, eventually return_cart (before exit)  where cart_parked_in_return_area := cartAt(0,1); cart_return_area := at(0,1); return_cart := (cart_return_area ∧ hasCart ∧ LEAVE_CART) · cart_parked_in_return_area; take_cart := PICKUP_CART · hasCart",1.0
1,diagnostic,2,0.9999999999902904,True,"[g0_must_visit_0_1] OBLIGED: after start, eventually (at(0,1) ∧ INTERACT) (before exit)",9.709347393729468e-12,"[g1_return_cart_before_exit] OBLIGED: after take_cart, eventually return_cart (before exit)  where cart_parked_in_return_area := cartAt(0,1); cart_return_area := at(0,1); return_cart := (cart_return_area ∧ hasCart ∧ LEAVE_CART) · cart_parked_in_return_area; take_cart := PICKUP_CART · hasCart",1.0
1,diagnostic,3,0.9999999999999978,True,"[g0_must_visit_0_1] OBLIGED: after start, eventually (at(0,1) ∧ INTERACT) (before exit)",1.322384428612023e-16,"[g1_return_cart_before_exit] OBLIGED: after take_cart, eventually return_cart (before exit)  where cart_parked_in_return_area := cartAt(0,1); cart_return_area := at(0,1); return_cart := (cart_return_area ∧ hasCart ∧ LEAVE_CART) · cart_parked_in_return_area; take_cart := PICKUP_CART · hasCart",1.0
1,diagnostic,4,1.0000000000000027,True,"[g0_must_visit_0_1] OBLIGED: after start, eventually (at(0,1) ∧ INTERACT) (before exit)",2.53917158591573e-23,"[g1_return_cart_before_exit] OBLIGED: after take_cart, eventually return_cart (before exit)  where cart_parked_in_return_area := cartAt(0,1); cart_return_area := at(0,1); return_cart := (cart_return_area ∧ hasCart ∧ LEAVE_CART) · cart_parked_in_return_area; take_cart := PICKUP_CART · hasCart",1.0
1,diagnostic,5,0.9999999999999973,True,"[g0_must_visit_0_1] OBLIGED: after start, eventually (at(0,1) ∧ INTERACT) (before exit)",2.0916505674494663e-25,"[g1_return_cart_before_exit] OBLIGED: after take_cart, eventually return_cart (before exit)  where cart_parked_in_return_area := cartAt(0,1); cart_return_area := at(0,1); return_cart := (cart_return_area ∧ hasCart ∧ LEAVE_CART) · cart_parked_in_return_area; take_cart := PICKUP_CART · hasCart",1.0
1,diagnostic,6,0.9999999999999973,True,"[g0_must_visit_0_1] OBLIGED: after start, eventually (at(0,1) ∧ INTERACT) (before exit)",1.0532003358984445e-27,"[g1_return_cart_before_exit] OBLIGED: after take_cart, eventually return_cart (before exit)  where cart_parked_in_return_area := cartAt(0,1); cart_return_area := at(0,1); return_cart := (cart_return_area ∧ hasCart ∧ LEAVE_CART) · cart_parked_in_return_area; take_cart := PICKUP_CART · hasCart",1.0
1,diagnostic,7,1.0000000000000049,True,"[g0_must_visit_0_1] OBLIGED: after start, eventually (at(0,1) ∧ INTERACT) (before exit)",7.901330121478114e-33,"[g1_return_cart_before_exit] OBLIGED: after take_cart, eventually return_cart (before exit)  where cart_parked_in_return_area := cartAt(0,1); cart_return_area := at(0,1); return_cart := (cart_return_area ∧ hasCart ∧ LEAVE_CART) · cart_parked_in_return_area; take_cart := PICKUP_CART · hasCart",1.0
1,diagnostic,8,1.0000000000000062,True,"[g0_must_visit_0_1] OBLIGED: after start, eventually (at(0,1) ∧ INTERACT) (before exit)",2.1561930031625505e-39,"[g1_return_cart_before_exit] OBLIGED: after take_cart, eventually return_cart (before exit)  where cart_parked_in_return_area := cartAt(0,1); cart_return_area := at(0,1); return_cart := (cart_return_area ∧ hasCart ∧ LEAVE_CART) · cart_parked_in_return_area; take_cart := PICKUP_CART · hasCart",1.0
1,control,0,0.027475830824938183,True,"[g0_no_west_from_2_2] FORBIDDEN: (at(2,2) ∧ W)",0.13608868096311355,"[g0_no_west_from_2_2] FORBIDDEN: (at(2,2) ∧ W)",0.4
1,control,1,0.9999603179390314,True,"[g0_must_visit_0_1] OBLIGED: after start, eventually (at(0,1) ∧ INTERACT) (before exit)",3.965983984490712e-05,"[g1_return_cart_before_exit] OBLIGED: after take_cart, eventually return_cart (before exit)  where cart_parked_in_return_area := cartAt(0,1); cart_return_area := at(0,1); return_cart := (cart_return_area ∧ hasCart ∧ LEAVE_CART) · cart_parked_in_return_area; take_cart := PICKUP_CART · hasCart",1.0
1,control,2,0.9999999999902904,True,"[g0_must_visit_0_1] OBLIGED: after start, eventually (at(0,1) ∧ INTERACT) (before exit)",9.709347393729468e-12,"[g1_return_cart_before_exit] OBLIGED: after take_cart, eventually return_cart (before exit)  where cart_parked_in_return_area := cartAt(0,1); cart_return_area := at(0,1); return_cart := (cart_return_area ∧ hasCart ∧ LEAVE_CART) · cart_parked_in_return_area; take_cart := PICKUP_CART · hasCart",1.0
1,control,3,0.9999999999999978,True,"[g0_must_visit_0_1] OBLIGED: after start, eventually (at(0,1) ∧ INTERACT) (before exit)",1.322384428612023e-16,"[g1_return_cart_before_exit] OBLIGED: after take_cart, eventually return_cart (before exit)  where cart_parked_in_return_area := cartAt(0,1); cart_return_area := at(0,1); return_cart := (cart_return_area ∧ hasCart ∧ LEAVE_CART) · cart_parked_in_return_area; take_cart := PICKUP_CART · hasCart",1.0
1,control,4,1.0000000000000027,True,"[g0_must_visit_0_1] OBLIGED: after start, eventually (at(0,1) ∧ INTERACT) (before exit)",2.53917158591573e-23,"[g1_return_cart_before_exit] OBLIGED: after take_cart, eventually return_cart (before exit)  where cart_parked_in_return_area := cartAt(0,1); cart_return_area := at(0,1); return_cart := (cart_return_area ∧ hasCart ∧ LEAVE_CART) · cart_parked_in_return_area; take_cart := PICKUP_CART · hasCart",1.0
1,control,5,0.9999999999999973,True,"[g0_must_visit_0_1] OBLIGED: after start, eventually (at(0,1) ∧ INTERACT) (before exit)",2.0916505674494663e-25,"[g1_return_cart_before_exit] OBLIGED: after take_cart, eventually return_cart (before exit)  where cart_parked_in_return_area := cartAt(0,1); cart_return_area := at(0,1); return_cart := (cart_return_area ∧ hasCart ∧ LEAVE_CART) · cart_parked_in_return_area; take_cart := PICKUP_CART · hasCart",1.0
1,control,6,0.9999999999999956,True,"[g0_must_visit_0_1] OBLIGED: after start, eventually (at(0,1) ∧ INTERACT) (before exit)",2.0955412757599425e-30,"[g1_return_cart_before_exit] OBLIGED: after take_cart, eventually return_cart (before exit)  where cart_parked_in_return_area := cartAt(0,1); cart_return_area := at(0,1); return_cart := (cart_return_area ∧ hasCart ∧ LEAVE_CART) · cart_parked_in_return_area; take_cart := PICKUP_CART · hasCart",1.0
1,control,7,0.9999999999999969,True,"[g0_must_visit_0_1] OBLIGED: after start, eventually (at(0,1) ∧ INTERACT) (before exit)",6.126552886696668e-37,"[g1_return_cart_before_exit] OBLIGED: after take_cart, eventually return_cart (before exit)  where cart_parked_in_return_area := cartAt(0,1); cart_return_area := at(0,1); return_cart := (cart_return_area ∧ hasCart ∧ LEAVE_CART) · cart_parked_in_return_area; take_cart := PICKUP_CART · hasCart",1.0
1,control,8,0.9999999999999929,True,"[g0_must_visit_0_1] OBLIGED: after start, eventually (at(0,1) ∧ INTERACT) (before exit)",8.847411342037987e-44,"[g1_return_cart_before_exit] OBLIGED: after take_cart, eventually return_cart (before exit)  where cart_parked_in_return_area := cartAt(0,1); cart_return_area := at(0,1); return_cart := (cart_return_area ∧ hasCart ∧ LEAVE_CART) · cart_parked_in_return_area; take_cart := PICKUP_CART · hasCart",1.0
1,reacquire,0,0.027475830824938183,True,"[g0_no_west_from_2_2] FORBIDDEN: (at(2,2) ∧ W)",0.13608868096311355,"[g0_no_west_from_2_2] FORBIDDEN: (at(2,2) ∧ W)",0.4
1,reacquire,1,0.9999603179390314,True,"[g0_must_visit_0_1] OBLIGED: after start, eventually (at(0,1) ∧ INTERACT) (before exit)",3.965983984490712e-05,"[g1_return_cart_before_exit] OBLIGED: after take_cart, eventually return_cart (before exit)  where cart_parked_in_return_area := cartAt(0,1); cart_return_area := at(0,1); return_cart := (cart_return_area ∧ hasCart ∧ LEAVE_CART) · cart_parked_in_return_area; take_cart := PICKUP_CART · hasCart",1.0
1,reacquire,2,0.9999999999902904,True,"[g0_must_visit_0_1] OBLIGED: after start, eventually (at(0,1) ∧ INTERACT) (before exit)",9.709347393729468e-12,"[g1_return_cart_before_exit] OBLIGED: after take_cart, eventually return_cart (before exit)  where cart_parked_in_return_area := cartAt(0,1); cart_return_area := at(0,1); return_cart := (cart_return_area ∧ hasCart ∧ LEAVE_CART) · cart_parked_in_return_area; take_cart := PICKUP_CART · hasCart",1.0
1,reacquire,3,0.9999999999999978,True,"[g0_must_visit_0_1] OBLIGED: after start, eventually (at(0,1) ∧ INTERACT) (before exit)",1.322384428612023e-16,"[g1_return_cart_before_exit] OBLIGED: after take_cart, eventually return_cart (before exit)  where cart_parked_in_return_area := cartAt(0,1); cart_return_area := at(0,1); return_cart := (cart_return_area ∧ hasCart ∧ LEAVE_CART) · cart_parked_in_return_area; take_cart := PICKUP_CART · hasCart",1.0
1,reacquire,4,1.0000000000000027,True,"[g0_must_visit_0_1] OBLIGED: after start, eventually (at(0,1) ∧ INTERACT) (before exit)",2.53917158591573e-23,"[g1_return_cart_before_exit] OBLIGED: after take_cart, eventually return_cart (before exit)  where cart_parked_in_return_area := cartAt(0,1); cart_return_area := at(0,1); return_cart := (cart_return_area ∧ hasCart ∧ LEAVE_CART) · cart_parked_in_return_area; take_cart := PICKUP_CART · hasCart",1.0
1,reacquire,5,0.9999999999999973,True,"[g0_must_visit_0_1] OBLIGED: after start, eventually (at(0,1) ∧ INTERACT) (before exit)",2.0916505674494663e-25,"[g1_return_cart_before_exit] OBLIGED: after take_cart, eventually return_cart (before exit)  where cart_parked_in_return_area := cartAt(0,1); cart_return_area := at(0,1); return_cart := (cart_return_area ∧ hasCart ∧ LEAVE_CART) · cart_parked_in_return_area; take_cart := PICKUP_CART · hasCart",1.0
1,reacquire,6,1.0000000000000036,True,"[g0_must_visit_0_1] OBLIGED: after start, eventually (at(0,1) ∧ INTERACT) (before exit)",1.5094920747453417e-30,"[g1_return_cart_before_exit] OBLIGED: after take_cart, eventually return_cart (before exit)  where cart_parked_in_return_area := cartAt(0,1); cart_return_area := at(0,1); return_cart := (cart_return_area ∧ hasCart ∧ LEAVE_CART) · cart_parked_in_return_area; take_cart := PICKUP_CART · hasCart",1.0
1,reacquire,7,1.0000000000000027,True,"[g0_must_visit_0_1] OBLIGED: after start, eventually (at(0,1) ∧ INTERACT) (before exit)",1.5136189649860925e-35,"[g1_return_cart_before_exit] OBLIGED: after take_cart, eventually return_cart (before exit)  where cart_parked_in_return_area := cartAt(0,1); cart_return_area := at(0,1); return_cart := (cart_return_area ∧ hasCart ∧ LEAVE_CART) · cart_parked_in_return_area; take_cart := PICKUP_CART · hasCart",1.0
1,reacquire,8,1.0000000000000062,True,"[g0_must_visit_0_1] OBLIGED: after start, eventually (at(0,1) ∧ INTERACT) (before exit)",4.425599221820439e-42,"[g1_return_cart_before_exit] OBLIGED: after take_cart, eventually return_cart (before exit)  where cart_parked_in_return_area := cartAt(0,1); cart_return_area := at(0,1); return_cart := (cart_return_area ∧ hasCart ∧ LEAVE_CART) · cart_parked_in_return_area; take_cart := PICKUP_CART · hasCart",1.0
2,diagnostic,0,0.017991440437061853,True,"[g0_no_east_from_5_2] FORBIDDEN: (at(5,2) ∧ E)",0.10884187202120776,"[g0_no_east_from_5_2] FORBIDDEN: (at(5,2) ∧ E)",0.6
2,diagnostic,1,0.9999190311296058,True,"[g0_must_interact_0_1] OBLIGED: after start, eventually (at(0,1) ∧ INTERACT) (before exit)",4.8438637736014204e-05,"[g1_return_cart_after_use] OBLIGED: after take_cart, eventually return_cart (before exit)  where at_cart_return := at(0,1); cart_parked_at_return := cartAt(0,1); has_cart := hasCart; return_cart := (at_cart_return ∧ has_cart ∧ LEAVE_CART) · cart_parked_at_return; take_cart := PICKUP_CART · has_cart",1.0
2,diagnostic,2,0.9999999999801865,True,"[g0_must_interact_0_1] OBLIGED: after start, eventually (at(0,1) ∧ INTERACT) (before exit)",1.1859023686516598e-11,"[g1_return_cart_after_use] OBLIGED: after take_cart, eventually return_cart (before exit)  where at_cart_return := at(0,1); cart_parked_at_return := cartAt(0,1); has_cart := hasCart; return_cart := (at_cart_return ∧ has_cart ∧ LEAVE_CART) · cart_parked_at_return; take_cart := PICKUP_CART · has_cart",1.0
2,diagnostic,3,1.0000000000000004,True,"[g0_must_interact_0_1] OBLIGED: after start, eventually (at(0,1) ∧ INTERACT) (before exit)",1.6151639884547896e-16,"[g1_return_cart_after_use] OBLIGED: after take_cart, eventually return_cart (before exit)  where at_cart_return := at(0,1); cart_parked_at_return := cartAt(0,1); has_cart := hasCart; return_cart := (at_cart_return ∧ has_cart ∧ LEAVE_CART) · cart_parked_at_return; take_cart := PICKUP_CART · has_cart",1.0
2,diagnostic,4,0.9999999999999982,True,"[g0_must_interact_0_1] OBLIGED: after start, eventually (at(0,1) ∧ INTERACT) (before exit)",3.101351178479392e-23,"[g1_return_cart_after_use] OBLIGED: after take_cart, eventually return_cart (before exit)  where at_cart_return := at(0,1); cart_parked_at_return := cartAt(0,1); has_cart := hasCart; return_cart := (at_cart_return ∧ has_cart ∧ LEAVE_CART) · cart_parked_at_return; take_cart := PICKUP_CART · has_cart",1.0
2,diagnostic,5,0.9999999999999978,True,"[g0_must_interact_0_1] OBLIGED: after start, eventually (at(0,1) ∧ INTERACT) (before exit)",2.554747772190052e-25,"[g1_return_cart_after_use] OBLIGED: after take_cart, eventually return_cart (before exit)  where at_cart_return := at(0,1); cart_parked_at_return := cartAt(0,1); has_cart := hasCart; return_cart := (at_cart_return ∧ has_cart ∧ LEAVE_CART) · cart_parked_at_return; take_cart := PICKUP_CART · has_cart",1.0
2,diagnostic,6,0.9999999999999973,True,"[g0_after_1_5_go_0_1] OBLIGED: after (at(1,5) ∧ INTERACT), eventually (at(0,1) ∧ INTERACT) (before exit)",1.5760412565810148e-25,"[g1_return_cart_after_use] OBLIGED: after take_cart, eventually return_cart (before exit)  where at_cart_return := at(0,1); cart_parked_at_return := cartAt(0,1); has_cart := hasCart; return_cart := (at_cart_return ∧ has_cart ∧ LEAVE_CART) · cart_parked_at_return; take_cart := PICKUP_CART · has_cart",1.0
2,diagnostic,7,1.0000000000000049,True,"[g0_after_1_5_go_0_1] OBLIGED: after (at(1,5) ∧ INTERACT), eventually (at(0,1) ∧ INTERACT) (before exit)",1.579688370892708e-30,"[g1_return_cart_after_use] OBLIGED: after take_cart, eventually return_cart (before exit)  where at_cart_return := at(0,1); cart_parked_at_return := cartAt(0,1); has_cart := hasCart; return_cart := (at_cart_return ∧ has_cart ∧ LEAVE_CART) · cart_parked_at_return; take_cart := PICKUP_CART · has_cart",1.0
2,diagnostic,8,1.0000000000000062,True,"[g0_after_1_5_go_0_1] OBLIGED: after (at(1,5) ∧ INTERACT), eventually (at(0,1) ∧ INTERACT) (before exit)",4.62037494048915e-37,"[g1_return_cart_after_use] OBLIGED: after take_cart, eventually return_cart (before exit)  where at_cart_return := at(0,1); cart_parked_at_return := cartAt(0,1); has_cart := hasCart; return_cart := (at_cart_return ∧ has_cart ∧ LEAVE_CART) · cart_parked_at_return; take_cart := PICKUP_CART · has_cart",1.0
2,control,0,0.017991440437061853,True,"[g0_no_east_from_5_2] FORBIDDEN: (at(5,2) ∧ E)",0.10884187202120776,"[g0_no_east_from_5_2] FORBIDDEN: (at(5,2) ∧ E)",0.6
2,control,1,0.9999190311296058,True,"[g0_must_interact_0_1] OBLIGED: after start, eventually (at(0,1) ∧ INTERACT) (before exit)",4.8438637736014204e-05,"[g1_return_cart_after_use] OBLIGED: after take_cart, eventually return_cart (before exit)  where at_cart_return := at(0,1); cart_parked_at_return := cartAt(0,1); has_cart := hasCart; return_cart := (at_cart_return ∧ has_cart ∧ LEAVE_CART) · cart_parked_at_return; take_cart := PICKUP_CART · has_cart",1.0
2,control,2,0.9999999999801865,True,"[g0_must_interact_0_1] OBLIGED: after start, eventually (at(0,1) ∧ INTERACT) (before exit)",1.1859023686516598e-11,"[g1_return_cart_after_use] OBLIGED: after take_cart, eventually return_cart (before exit)  where at_cart_return := at(0,1); cart_parked_at_return := cartAt(0,1); has_cart := hasCart; return_cart := (at_cart_return ∧ has_cart ∧ LEAVE_CART) · cart_parked_at_return; take_cart := PICKUP_CART · has_cart",1.0
2,control,3,1.0000000000000004,True,"[g0_must_interact_0_1] OBLIGED: after start, eventually (at(0,1) ∧ INTERACT) (before exit)",1.6151639884547896e-16,"[g1_return_cart_after_use] OBLIGED: after take_cart, eventually return_cart (before exit)  where at_cart_return := at(0,1); cart_parked_at_return := cartAt(0,1); has_cart := hasCart; return_cart := (at_cart_return ∧ has_cart ∧ LEAVE_CART) · cart_parked_at_return; take_cart := PICKUP_CART · has_cart",1.0
2,control,4,0.9999999999999982,True,"[g0_must_interact_0_1] OBLIGED: after start, eventually (at(0,1) ∧ INTERACT) (before exit)",3.101351178479392e-23,"[g1_return_cart_after_use] OBLIGED: after take_cart, eventually return_cart (before exit)  where at_cart_return := at(0,1); cart_parked_at_return := cartAt(0,1); has_cart := hasCart; return_cart := (at_cart_return ∧ has_cart ∧ LEAVE_CART) · cart_parked_at_return; take_cart := PICKUP_CART · has_cart",1.0
2,control,5,0.9999999999999978,True,"[g0_must_interact_0_1] OBLIGED: after start, eventually (at(0,1) ∧ INTERACT) (before exit)",2.554747772190052e-25,"[g1_return_cart_after_use] OBLIGED: after take_cart, eventually return_cart (before exit)  where at_cart_return := at(0,1); cart_parked_at_return := cartAt(0,1); has_cart := hasCart; return_cart := (at_cart_return ∧ has_cart ∧ LEAVE_CART) · cart_parked_at_return; take_cart := PICKUP_CART · has_cart",1.0
2,control,6,0.9999999999999956,True,"[g0_must_interact_0_1] OBLIGED: after start, eventually (at(0,1) ∧ INTERACT) (before exit)",2.5594998940516456e-30,"[g1_return_cart_after_use] OBLIGED: after take_cart, eventually return_cart (before exit)  where at_cart_return := at(0,1); cart_parked_at_return := cartAt(0,1); has_cart := hasCart; return_cart := (at_cart_return ∧ has_cart ∧ LEAVE_CART) · cart_parked_at_return; take_cart := PICKUP_CART · has_cart",1.0
2,control,7,0.9999999999999969,True,"[g0_must_interact_0_1] OBLIGED: after start, eventually (at(0,1) ∧ INTERACT) (before exit)",7.482988593825376e-37,"[g1_return_cart_after_use] OBLIGED: after take_cart, eventually return_cart (before exit)  where at_cart_return := at(0,1); cart_parked_at_return := cartAt(0,1); has_cart := hasCart; return_cart := (at_cart_return ∧ has_cart ∧ LEAVE_CART) · cart_parked_at_return; take_cart := PICKUP_CART · has_cart",1.0
2,control,8,0.9999999999999929,True,"[g0_must_interact_0_1] OBLIGED: after start, eventually (at(0,1) ∧ INTERACT) (before exit)",1.0806252615742645e-43,"[g1_return_cart_after_use] OBLIGED: after take_cart, eventually return_cart (before exit)  where at_cart_return := at(0,1); cart_parked_at_return := cartAt(0,1); has_cart := hasCart; return_cart := (at_cart_return ∧ has_cart ∧ LEAVE_CART) · cart_parked_at_return; take_cart := PICKUP_CART · has_cart",1.0
2,reacquire,0,0.017991440437061853,True,"[g0_no_east_from_5_2] FORBIDDEN: (at(5,2) ∧ E)",0.10884187202120776,"[g0_no_east_from_5_2] FORBIDDEN: (at(5,2) ∧ E)",0.6
2,reacquire,1,0.9999190311296058,True,"[g0_must_interact_0_1] OBLIGED: after start, eventually (at(0,1) ∧ INTERACT) (before exit)",4.8438637736014204e-05,"[g1_return_cart_after_use] OBLIGED: after take_cart, eventually return_cart (before exit)  where at_cart_return := at(0,1); cart_parked_at_return := cartAt(0,1); has_cart := hasCart; return_cart := (at_cart_return ∧ has_cart ∧ LEAVE_CART) · cart_parked_at_return; take_cart := PICKUP_CART · has_cart",1.0
2,reacquire,2,0.9999999999801865,True,"[g0_must_interact_0_1] OBLIGED: after start, eventually (at(0,1) ∧ INTERACT) (before exit)",1.1859023686516598e-11,"[g1_return_cart_after_use] OBLIGED: after take_cart, eventually return_cart (before exit)  where at_cart_return := at(0,1); cart_parked_at_return := cartAt(0,1); has_cart := hasCart; return_cart := (at_cart_return ∧ has_cart ∧ LEAVE_CART) · cart_parked_at_return; take_cart := PICKUP_CART · has_cart",1.0
2,reacquire,3,1.0000000000000004,True,"[g0_must_interact_0_1] OBLIGED: after start, eventually (at(0,1) ∧ INTERACT) (before exit)",1.6151639884547896e-16,"[g1_return_cart_after_use] OBLIGED: after take_cart, eventually return_cart (before exit)  where at_cart_return := at(0,1); cart_parked_at_return := cartAt(0,1); has_cart := hasCart; return_cart := (at_cart_return ∧ has_cart ∧ LEAVE_CART) · cart_parked_at_return; take_cart := PICKUP_CART · has_cart",1.0
2,reacquire,4,0.9999999999999982,True,"[g0_must_interact_0_1] OBLIGED: after start, eventually (at(0,1) ∧ INTERACT) (before exit)",3.101351178479392e-23,"[g1_return_cart_after_use] OBLIGED: after take_cart, eventually return_cart (before exit)  where at_cart_return := at(0,1); cart_parked_at_return := cartAt(0,1); has_cart := hasCart; return_cart := (at_cart_return ∧ has_cart ∧ LEAVE_CART) · cart_parked_at_return; take_cart := PICKUP_CART · has_cart",1.0
2,reacquire,5,0.9999999999999978,True,"[g0_must_interact_0_1] OBLIGED: after start, eventually (at(0,1) ∧ INTERACT) (before exit)",2.554747772190052e-25,"[g1_return_cart_after_use] OBLIGED: after take_cart, eventually return_cart (before exit)  where at_cart_return := at(0,1); cart_parked_at_return := cartAt(0,1); has_cart := hasCart; return_cart := (at_cart_return ∧ has_cart ∧ LEAVE_CART) · cart_parked_at_return; take_cart := PICKUP_CART · has_cart",1.0
2,reacquire,6,1.0000000000000036,True,"[g0_must_interact_0_1] OBLIGED: after start, eventually (at(0,1) ∧ INTERACT) (before exit)",1.8436977835148567e-30,"[g1_return_cart_after_use] OBLIGED: after take_cart, eventually return_cart (before exit)  where at_cart_return := at(0,1); cart_parked_at_return := cartAt(0,1); has_cart := hasCart; return_cart := (at_cart_return ∧ has_cart ∧ LEAVE_CART) · cart_parked_at_return; take_cart := PICKUP_CART · has_cart",1.0
2,reacquire,7,1.0000000000000027,True,"[g0_must_interact_0_1] OBLIGED: after start, eventually (at(0,1) ∧ INTERACT) (before exit)",1.848738378637534e-35,"[g1_return_cart_after_use] OBLIGED: after take_cart, eventually return_cart (before exit)  where at_cart_return := at(0,1); cart_parked_at_return := cartAt(0,1); has_cart := hasCart; return_cart := (at_cart_return ∧ has_cart ∧ LEAVE_CART) · cart_parked_at_return; take_cart := PICKUP_CART · has_cart",1.0
2,reacquire,8,1.0000000000000062,True,"[g0_must_interact_0_1] OBLIGED: after start, eventually (at(0,1) ∧ INTERACT) (before exit)",5.405439096042924e-42,"[g1_return_cart_after_use] OBLIGED: after take_cart, eventually return_cart (before exit)  where at_cart_return := at(0,1); cart_parked_at_return := cartAt(0,1); has_cart := hasCart; return_cart := (at_cart_return ∧ has_cart ∧ LEAVE_CART) · cart_parked_at_return; take_cart := PICKUP_CART · has_cart",1.0
3,diagnostic,0,0.025494012517614382,True,"[g0_no_south_from_sample_counter] FORBIDDEN: (at(5,2) ∧ S)",0.12627267062767905,"[g0_no_south_from_sample_counter] FORBIDDEN: (at(5,2) ∧ S)",0.4
3,diagnostic,1,0.9981380588208049,True,"[g0_south_only_left_aisle] FORBIDDEN: (S ∧ ¬(at(0,0) ∨ at(0,1) ∨ at(0,2) ∨ at(0,3) ∨ at(0,4) ∨ at(0,5)))",0.0018223348293940258,"[g1_return_borrowed_cart] OBLIGED: after cart_borrowed, eventually cart_returned_to_return_area (before exit)  where at_cart_return_area := at(0,1); cart_parked_at_return_area := cartAt(0,1); cart_borrowed := PICKUP_CART · hasCart; cart_returned_to_return_area := (LEAVE_CART ∧ hasCart ∧ at_cart_return_area) · cart_parked_at_return_area",1.0
3,diagnostic,2,0.9999982726716926,True,"[g0_south_only_left_aisle] FORBIDDEN: (S ∧ ¬(at(0,0) ∨ at(0,1) ∨ at(0,2) ∨ at(0,3) ∨ at(0,4) ∨ at(0,5)))",1.7273185981385518e-06,"[g1_return_borrowed_cart] OBLIGED: after cart_borrowed, eventually cart_returned_to_return_area (before exit)  where at_cart_return_area := at(0,1); cart_parked_at_return_area := cartAt(0,1); cart_borrowed := PICKUP_CART · hasCart; cart_returned_to_return_area := (LEAVE_CART ∧ hasCart ∧ at_cart_return_area) · cart_parked_at_return_area",1.0
3,diagnostic,3,0.9999999979973047,True,"[g0_south_only_left_aisle] FORBIDDEN: (S ∧ ¬(at(0,0) ∨ at(0,1) ∨ at(0,2) ∨ at(0,3) ∨ at(0,4) ∨ at(0,5)))",2.0026940230418673e-09,"[g1_return_borrowed_cart] OBLIGED: after cart_borrowed, eventually cart_returned_to_return_area (before exit)  where at_cart_return_area := at(0,1); cart_parked_at_return_area := cartAt(0,1); cart_borrowed := PICKUP_CART · hasCart; cart_returned_to_return_area := (LEAVE_CART ∧ hasCart ∧ at_cart_return_area) · cart_parked_at_return_area",1.0
3,diagnostic,4,0.9999999999982192,True,"[g0_south_only_left_aisle] FORBIDDEN: (S ∧ ¬(at(0,0) ∨ at(0,1) ∨ at(0,2) ∨ at(0,3) ∨ at(0,4) ∨ at(0,5)))",1.783585459079307e-12,"[g1_return_borrowed_cart] OBLIGED: after cart_borrowed, eventually cart_returned_to_return_area (before exit)  where at_cart_return_area := at(0,1); cart_parked_at_return_area := cartAt(0,1); cart_borrowed := PICKUP_CART · hasCart; cart_returned_to_return_area := (LEAVE_CART ∧ hasCart ∧ at_cart_return_area) · cart_parked_at_return_area",1.0
3,diagnostic,5,0.9999999999999973,True,"[g0_south_only_left_aisle] FORBIDDEN: (S ∧ ¬(at(0,0) ∨ at(0,1) ∨ at(0,2) ∨ at(0,3) ∨ at(0,4) ∨ at(0,5)))",1.589044978566032e-15,"[g1_return_borrowed_cart] OBLIGED: after cart_borrowed, eventually cart_returned_to_return_area (before exit)  where at_cart_return_area := at(0,1); cart_parked_at_return_area := cartAt(0,1); cart_borrowed := PICKUP_CART · hasCart; cart_returned_to_return_area := (LEAVE_CART ∧ hasCart ∧ at_cart_return_area) · cart_parked_at_return_area",1.0
3,diagnostic,6,0.9999999999999973,True,"[g0_must_visit_service_desk] OBLIGED: after start, eventually (at(0,1) ∧ INTERACT) (before exit)",1.0532003358984445e-27,"[g1_return_borrowed_cart] OBLIGED: after cart_borrowed, eventually cart_returned_to_return_area (before exit)  where at_cart_return_area := at(0,1); cart_parked_at_return_area := cartAt(0,1); cart_borrowed := PICKUP_CART · hasCart; cart_returned_to_return_area := (LEAVE_CART ∧ hasCart ∧ at_cart_return_area) · cart_parked_at_return_area",1.0
3,diagnostic,7,1.0000000000000049,True,"[g0_must_visit_service_desk] OBLIGED: after start, eventually (at(0,1) ∧ INTERACT) (before exit)",7.901330121478114e-33,"[g1_return_borrowed_cart] OBLIGED: after cart_borrowed, eventually cart_returned_to_return_area (before exit)  where at_cart_return_area := at(0,1); cart_parked_at_return_area := cartAt(0,1); cart_borrowed := PICKUP_CART · hasCart; cart_returned_to_return_area := (LEAVE_CART ∧ hasCart ∧ at_cart_return_area) · cart_parked_at_return_area",1.0
3,diagnostic,8,1.0000000000000062,True,"[g0_must_visit_service_desk] OBLIGED: after start, eventually (at(0,1) ∧ INTERACT) (before exit)",2.1561930031625505e-39,"[g1_return_borrowed_cart] OBLIGED: after cart_borrowed, eventually cart_returned_to_return_area (before exit)  where at_cart_return_area := at(0,1); cart_parked_at_return_area := cartAt(0,1); cart_borrowed := PICKUP_CART · hasCart; cart_returned_to_return_area := (LEAVE_CART ∧ hasCart ∧ at_cart_return_area) · cart_parked_at_return_area",1.0
3,control,0,0.025494012517614382,True,"[g0_no_south_from_sample_counter] FORBIDDEN: (at(5,2) ∧ S)",0.12627267062767905,"[g0_no_south_from_sample_counter] FORBIDDEN: (at(5,2) ∧ S)",0.4
3,control,1,0.9981380588208049,True,"[g0_south_only_left_aisle] FORBIDDEN: (S ∧ ¬(at(0,0) ∨ at(0,1) ∨ at(0,2) ∨ at(0,3) ∨ at(0,4) ∨ at(0,5)))",0.0018223348293940258,"[g1_return_borrowed_cart] OBLIGED: after cart_borrowed, eventually cart_returned_to_return_area (before exit)  where at_cart_return_area := at(0,1); cart_parked_at_return_area := cartAt(0,1); cart_borrowed := PICKUP_CART · hasCart; cart_returned_to_return_area := (LEAVE_CART ∧ hasCart ∧ at_cart_return_area) · cart_parked_at_return_area",1.0
3,control,2,0.9999982726716926,True,"[g0_south_only_left_aisle] FORBIDDEN: (S ∧ ¬(at(0,0) ∨ at(0,1) ∨ at(0,2) ∨ at(0,3) ∨ at(0,4) ∨ at(0,5)))",1.7273185981385518e-06,"[g1_return_borrowed_cart] OBLIGED: after cart_borrowed, eventually cart_returned_to_return_area (before exit)  where at_cart_return_area := at(0,1); cart_parked_at_return_area := cartAt(0,1); cart_borrowed := PICKUP_CART · hasCart; cart_returned_to_return_area := (LEAVE_CART ∧ hasCart ∧ at_cart_return_area) · cart_parked_at_return_area",1.0
3,control,3,0.9999999979973047,True,"[g0_south_only_left_aisle] FORBIDDEN: (S ∧ ¬(at(0,0) ∨ at(0,1) ∨ at(0,2) ∨ at(0,3) ∨ at(0,4) ∨ at(0,5)))",2.0026940230418673e-09,"[g1_return_borrowed_cart] OBLIGED: after cart_borrowed, eventually cart_returned_to_return_area (before exit)  where at_cart_return_area := at(0,1); cart_parked_at_return_area := cartAt(0,1); cart_borrowed := PICKUP_CART · hasCart; cart_returned_to_return_area := (LEAVE_CART ∧ hasCart ∧ at_cart_return_area) · cart_parked_at_return_area",1.0
3,control,4,0.9999999999982192,True,"[g0_south_only_left_aisle] FORBIDDEN: (S ∧ ¬(at(0,0) ∨ at(0,1) ∨ at(0,2) ∨ at(0,3) ∨ at(0,4) ∨ at(0,5)))",1.783585459079307e-12,"[g1_return_borrowed_cart] OBLIGED: after cart_borrowed, eventually cart_returned_to_return_area (before exit)  where at_cart_return_area := at(0,1); cart_parked_at_return_area := cartAt(0,1); cart_borrowed := PICKUP_CART · hasCart; cart_returned_to_return_area := (LEAVE_CART ∧ hasCart ∧ at_cart_return_area) · cart_parked_at_return_area",1.0
3,control,5,0.9999999999999973,True,"[g0_south_only_left_aisle] FORBIDDEN: (S ∧ ¬(at(0,0) ∨ at(0,1) ∨ at(0,2) ∨ at(0,3) ∨ at(0,4) ∨ at(0,5)))",1.589044978566032e-15,"[g1_return_borrowed_cart] OBLIGED: after cart_borrowed, eventually cart_returned_to_return_area (before exit)  where at_cart_return_area := at(0,1); cart_parked_at_return_area := cartAt(0,1); cart_borrowed := PICKUP_CART · hasCart; cart_returned_to_return_area := (LEAVE_CART ∧ hasCart ∧ at_cart_return_area) · cart_parked_at_return_area",1.0
3,control,6,0.9999999999999956,True,"[g0_south_only_left_aisle] FORBIDDEN: (S ∧ ¬(at(0,0) ∨ at(0,1) ∨ at(0,2) ∨ at(0,3) ∨ at(0,4) ∨ at(0,5)))",1.134621744404128e-18,"[g1_return_borrowed_cart] OBLIGED: after cart_borrowed, eventually cart_returned_to_return_area (before exit)  where at_cart_return_area := at(0,1); cart_parked_at_return_area := cartAt(0,1); cart_borrowed := PICKUP_CART · hasCart; cart_returned_to_return_area := (LEAVE_CART ∧ hasCart ∧ at_cart_return_area) · cart_parked_at_return_area",1.0
3,control,7,0.9999999999999969,True,"[g0_south_only_left_aisle] FORBIDDEN: (S ∧ ¬(at(0,0) ∨ at(0,1) ∨ at(0,2) ∨ at(0,3) ∨ at(0,4) ∨ at(0,5)))",1.6979854113603075e-21,"[g1_return_borrowed_cart] OBLIGED: after cart_borrowed, eventually cart_returned_to_return_area (before exit)  where at_cart_return_area := at(0,1); cart_parked_at_return_area := cartAt(0,1); cart_borrowed := PICKUP_CART · hasCart; cart_returned_to_return_area := (LEAVE_CART ∧ hasCart ∧ at_cart_return_area) · cart_parked_at_return_area",1.0
3,control,8,0.9999999999999929,True,"[g0_south_only_left_aisle] FORBIDDEN: (S ∧ ¬(at(0,0) ∨ at(0,1) ∨ at(0,2) ∨ at(0,3) ∨ at(0,4) ∨ at(0,5)))",2.6377153026039565e-24,"[g1_return_borrowed_cart] OBLIGED: after cart_borrowed, eventually cart_returned_to_return_area (before exit)  where at_cart_return_area := at(0,1); cart_parked_at_return_area := cartAt(0,1); cart_borrowed := PICKUP_CART · hasCart; cart_returned_to_return_area := (LEAVE_CART ∧ hasCart ∧ at_cart_return_area) · cart_parked_at_return_area",1.0
3,reacquire,0,0.025494012517614382,True,"[g0_no_south_from_sample_counter] FORBIDDEN: (at(5,2) ∧ S)",0.12627267062767905,"[g0_no_south_from_sample_counter] FORBIDDEN: (at(5,2) ∧ S)",0.4
3,reacquire,1,0.9981380588208049,True,"[g0_south_only_left_aisle] FORBIDDEN: (S ∧ ¬(at(0,0) ∨ at(0,1) ∨ at(0,2) ∨ at(0,3) ∨ at(0,4) ∨ at(0,5)))",0.0018223348293940258,"[g1_return_borrowed_cart] OBLIGED: after cart_borrowed, eventually cart_returned_to_return_area (before exit)  where at_cart_return_area := at(0,1); cart_parked_at_return_area := cartAt(0,1); cart_borrowed := PICKUP_CART · hasCart; cart_returned_to_return_area := (LEAVE_CART ∧ hasCart ∧ at_cart_return_area) · cart_parked_at_return_area",1.0
3,reacquire,2,0.9999982726716926,True,"[g0_south_only_left_aisle] FORBIDDEN: (S ∧ ¬(at(0,0) ∨ at(0,1) ∨ at(0,2) ∨ at(0,3) ∨ at(0,4) ∨ at(0,5)))",1.7273185981385518e-06,"[g1_return_borrowed_cart] OBLIGED: after cart_borrowed, eventually cart_returned_to_return_area (before exit)  where at_cart_return_area := at(0,1); cart_parked_at_return_area := cartAt(0,1); cart_borrowed := PICKUP_CART · hasCart; cart_returned_to_return_area := (LEAVE_CART ∧ hasCart ∧ at_cart_return_area) · cart_parked_at_return_area",1.0
3,reacquire,3,0.9999999979973047,True,"[g0_south_only_left_aisle] FORBIDDEN: (S ∧ ¬(at(0,0) ∨ at(0,1) ∨ at(0,2) ∨ at(0,3) ∨ at(0,4) ∨ at(0,5)))",2.0026940230418673e-09,"[g1_return_borrowed_cart] OBLIGED: after cart_borrowed, eventually cart_returned_to_return_area (before exit)  where at_cart_return_area := at(0,1); cart_parked_at_return_area := cartAt(0,1); cart_borrowed := PICKUP_CART · hasCart; cart_returned_to_return_area := (LEAVE_CART ∧ hasCart ∧ at_cart_return_area) · cart_parked_at_return_area",1.0
3,reacquire,4,0.9999999999982192,True,"[g0_south_only_left_aisle] FORBIDDEN: (S ∧ ¬(at(0,0) ∨ at(0,1) ∨ at(0,2) ∨ at(0,3) ∨ at(0,4) ∨ at(0,5)))",1.783585459079307e-12,"[g1_return_borrowed_cart] OBLIGED: after cart_borrowed, eventually cart_returned_to_return_area (before exit)  where at_cart_return_area := at(0,1); cart_parked_at_return_area := cartAt(0,1); cart_borrowed := PICKUP_CART · hasCart; cart_returned_to_return_area := (LEAVE_CART ∧ hasCart ∧ at_cart_return_area) · cart_parked_at_return_area",1.0
3,reacquire,5,0.9999999999999973,True,"[g0_south_only_left_aisle] FORBIDDEN: (S ∧ ¬(at(0,0) ∨ at(0,1) ∨ at(0,2) ∨ at(0,3) ∨ at(0,4) ∨ at(0,5)))",1.589044978566032e-15,"[g1_return_borrowed_cart] OBLIGED: after cart_borrowed, eventually cart_returned_to_return_area (before exit)  where at_cart_return_area := at(0,1); cart_parked_at_return_area := cartAt(0,1); cart_borrowed := PICKUP_CART · hasCart; cart_returned_to_return_area := (LEAVE_CART ∧ hasCart ∧ at_cart_return_area) · cart_parked_at_return_area",1.0
3,reacquire,6,1.0000000000000036,True,"[g0_south_only_left_aisle] FORBIDDEN: (S ∧ ¬(at(0,0) ∨ at(0,1) ∨ at(0,2) ∨ at(0,3) ∨ at(0,4) ∨ at(0,5)))",1.9543057650359215e-18,"[g1_return_borrowed_cart] OBLIGED: after cart_borrowed, eventually cart_returned_to_return_area (before exit)  where at_cart_return_area := at(0,1); cart_parked_at_return_area := cartAt(0,1); cart_borrowed := PICKUP_CART · hasCart; cart_returned_to_return_area := (LEAVE_CART ∧ hasCart ∧ at_cart_return_area) · cart_parked_at_return_area",1.0
3,reacquire,7,1.0000000000000027,True,"[g0_south_only_left_aisle] FORBIDDEN: (S ∧ ¬(at(0,0) ∨ at(0,1) ∨ at(0,2) ∨ at(0,3) ∨ at(0,4) ∨ at(0,5)))",1.395422243964973e-21,"[g1_return_borrowed_cart] OBLIGED: after cart_borrowed, eventually cart_returned_to_return_area (before exit)  where at_cart_return_area := at(0,1); cart_parked_at_return_area := cartAt(0,1); cart_borrowed := PICKUP_CART · hasCart; cart_returned_to_return_area := (LEAVE_CART ∧ hasCart ∧ at_cart_return_area) · cart_parked_at_return_area",1.0
3,reacquire,8,1.0000000000000062,True,"[g0_south_only_left_aisle] FORBIDDEN: (S ∧ ¬(at(0,0) ∨ at(0,1) ∨ at(0,2) ∨ at(0,3) ∨ at(0,4) ∨ at(0,5)))",2.0883396052395714e-24,"[g1_return_borrowed_cart] OBLIGED: after cart_borrowed, eventually cart_returned_to_return_area (before exit)  where at_cart_return_area := at(0,1); cart_parked_at_return_area := cartAt(0,1); cart_borrowed := PICKUP_CART · hasCart; cart_returned_to_return_area := (LEAVE_CART ∧ hasCart ∧ at_cart_return_area) · cart_parked_at_return_area",1.0
4,diagnostic,0,0.019636459952682178,True,"[g0_must_leave_via_bottom_row] OBLIGED: after start, eventually at(9,5) (before exit)",0.11879366016279008,"[g0_no_exit_without_returning_to_start] OBLIGED: after at(0,1), eventually at(0,5) (before exit)",0.4
4,diagnostic,1,0.9999602993752512,True,"[g0_must_check_northwest_counter] OBLIGED: after start, eventually (at(0,1) ∧ INTERACT) (before exit)",3.9659839108641357e-05,"[g1_must_return_cart_northwest] OBLIGED: after take_cart, eventually return_cart_northwest (before exit)  where cart_parked_northwest := cartAt(0,1); northwest_cart_return := at(0,1); return_cart_northwest := (northwest_cart_return ∧ hasCart ∧ LEAVE_CART) · cart_parked_northwest; take_cart := PICKUP_CART · hasCart",1.0
4,diagnostic,2,0.9999999999902904,True,"[g0_must_check_northwest_counter] OBLIGED: after start, eventually (at(0,1) ∧ INTERACT) (before exit)",9.709347393729468e-12,"[g1_must_return_cart_northwest] OBLIGED: after take_cart, eventually return_cart_northwest (before exit)  where cart_parked_northwest := cartAt(0,1); northwest_cart_return := at(0,1); return_cart_northwest := (northwest_cart_return ∧ hasCart ∧ LEAVE_CART) · cart_parked_northwest; take_cart := PICKUP_CART · hasCart",1.0
4,diagnostic,3,0.9999999999999978,True,"[g0_must_check_northwest_counter] OBLIGED: after start, eventually (at(0,1) ∧ INTERACT) (before exit)",1.3223844286120323e-16,"[g1_must_return_cart_northwest] OBLIGED: after take_cart, eventually return_cart_northwest (before exit)  where cart_parked_northwest := cartAt(0,1); northwest_cart_return := at(0,1); return_cart_northwest := (northwest_cart_return ∧ hasCart ∧ LEAVE_CART) · cart_parked_northwest; take_cart := PICKUP_CART · hasCart",1.0
4,diagnostic,4,1.0000000000000027,True,"[g0_must_check_northwest_counter] OBLIGED: after start, eventually (at(0,1) ∧ INTERACT) (before exit)",2.5391715859157483e-23,"[g1_must_return_cart_northwest] OBLIGED: after take_cart, eventually return_cart_northwest (before exit)  where cart_parked_northwest := cartAt(0,1); northwest_cart_return := at(0,1); return_cart_northwest := (northwest_cart_return ∧ hasCart ∧ LEAVE_CART) · cart_parked_northwest; take_cart := PICKUP_CART · hasCart",1.0
4,diagnostic,5,1.0000000000000004,True,"[g0_must_check_northwest_counter] OBLIGED: after start, eventually (at(0,1) ∧ INTERACT) (before exit)",2.091650567449481e-25,"[g1_must_return_cart_northwest] OBLIGED: after take_cart, eventually return_cart_northwest (before exit)  where cart_parked_northwest := cartAt(0,1); northwest_cart_return := at(0,1); return_cart_northwest := (northwest_cart_return ∧ hasCart ∧ LEAVE_CART) · cart_parked_northwest; take_cart := PICKUP_CART · hasCart",1.0
4,diagnostic,6,0.9999999999999973,True,"[g0_must_check_northwest_counter] OBLIGED: after start, eventually (at(0,1) ∧ INTERACT) (before exit)",1.0532003358984296e-27,"[g1_must_return_cart_northwest] OBLIGED: after take_cart, eventually return_cart_northwest (before exit)  where cart_parked_northwest := cartAt(0,1); northwest_cart_return := at(0,1); return_cart_northwest := (northwest_cart_return ∧ hasCart ∧ LEAVE_CART) · cart_parked_northwest; take_cart := PICKUP_CART · hasCart",1.0
4,diagnostic,7,1.0000000000000049,True,"[g0_must_check_northwest_counter] OBLIGED: after start, eventually (at(0,1) ∧ INTERACT) (before exit)",7.901330121478002e-33,"[g1_must_return_cart_northwest] OBLIGED: after take_cart, eventually return_cart_northwest (before exit)  where cart_parked_northwest := cartAt(0,1); northwest_cart_return := at(0,1); return_cart_northwest := (northwest_cart_return ∧ hasCart ∧ LEAVE_CART) · cart_parked_northwest; take_cart := PICKUP_CART · hasCart",1.0
4,diagnostic,8,1.0000000000000062,True,"[g0_must_check_northwest_counter] OBLIGED: after start, eventually (at(0,1) ∧ INTERACT) (before exit)",2.1561930031625198e-39,"[g1_must_return_cart_northwest] OBLIGED: after take_cart, eventually return_cart_northwest (before exit)  where cart_parked_northwest := cartAt(0,1); northwest_cart_return := at(0,1); return_cart_northwest := (northwest_cart_return ∧ hasCart ∧ LEAVE_CART) · cart_parked_northwest; take_cart := PICKUP_CART · hasCart",1.0
4,control,0,0.019636459952682178,True,"[g0_must_leave_via_bottom_row] OBLIGED: after start, eventually at(9,5) (before exit)",0.11879366016279008,"[g0_no_exit_without_returning_to_start] OBLIGED: after at(0,1), eventually at(0,5) (before exit)",0.4
4,control,1,0.9999602993752512,True,"[g0_must_check_northwest_counter] OBLIGED: after start, eventually (at(0,1) ∧ INTERACT) (before exit)",3.9659839108641357e-05,"[g1_must_return_cart_northwest] OBLIGED: after take_cart, eventually return_cart_northwest (before exit)  where cart_parked_northwest := cartAt(0,1); northwest_cart_return := at(0,1); return_cart_northwest := (northwest_cart_return ∧ hasCart ∧ LEAVE_CART) · cart_parked_northwest; take_cart := PICKUP_CART · hasCart",1.0
4,control,2,0.9999999999902904,True,"[g0_must_check_northwest_counter] OBLIGED: after start, eventually (at(0,1) ∧ INTERACT) (before exit)",9.709347393729468e-12,"[g1_must_return_cart_northwest] OBLIGED: after take_cart, eventually return_cart_northwest (before exit)  where cart_parked_northwest := cartAt(0,1); northwest_cart_return := at(0,1); return_cart_northwest := (northwest_cart_return ∧ hasCart ∧ LEAVE_CART) · cart_parked_northwest; take_cart := PICKUP_CART · hasCart",1.0
4,control,3,0.9999999999999978,True,"[g0_must_check_northwest_counter] OBLIGED: after start, eventually (at(0,1) ∧ INTERACT) (before exit)",1.3223844286120323e-16,"[g1_must_return_cart_northwest] OBLIGED: after take_cart, eventually return_cart_northwest (before exit)  where cart_parked_northwest := cartAt(0,1); northwest_cart_return := at(0,1); return_cart_northwest := (northwest_cart_return ∧ hasCart ∧ LEAVE_CART) · cart_parked_northwest; take_cart := PICKUP_CART · hasCart",1.0
4,control,4,1.0000000000000027,True,"[g0_must_check_northwest_counter] OBLIGED: after start, eventually (at(0,1) ∧ INTERACT) (before exit)",2.5391715859157483e-23,"[g1_must_return_cart_northwest] OBLIGED: after take_cart, eventually return_cart_northwest (before exit)  where cart_parked_northwest := cartAt(0,1); northwest_cart_return := at(0,1); return_cart_northwest := (northwest_cart_return ∧ hasCart ∧ LEAVE_CART) · cart_parked_northwest; take_cart := PICKUP_CART · hasCart",1.0
4,control,5,1.0000000000000004,True,"[g0_must_check_northwest_counter] OBLIGED: after start, eventually (at(0,1) ∧ INTERACT) (before exit)",2.091650567449481e-25,"[g1_must_return_cart_northwest] OBLIGED: after take_cart, eventually return_cart_northwest (before exit)  where cart_parked_northwest := cartAt(0,1); northwest_cart_return := at(0,1); return_cart_northwest := (northwest_cart_return ∧ hasCart ∧ LEAVE_CART) · cart_parked_northwest; take_cart := PICKUP_CART · hasCart",1.0
4,control,6,0.9999999999999956,True,"[g0_must_check_northwest_counter] OBLIGED: after start, eventually (at(0,1) ∧ INTERACT) (before exit)",2.0955412757599127e-30,"[g1_must_return_cart_northwest] OBLIGED: after take_cart, eventually return_cart_northwest (before exit)  where cart_parked_northwest := cartAt(0,1); northwest_cart_return := at(0,1); return_cart_northwest := (northwest_cart_return ∧ hasCart ∧ LEAVE_CART) · cart_parked_northwest; take_cart := PICKUP_CART · hasCart",1.0
4,control,7,0.9999999999999969,True,"[g0_must_check_northwest_counter] OBLIGED: after start, eventually (at(0,1) ∧ INTERACT) (before exit)",6.126552886696581e-37,"[g1_must_return_cart_northwest] OBLIGED: after take_cart, eventually return_cart_northwest (before exit)  where cart_parked_northwest := cartAt(0,1); northwest_cart_return := at(0,1); return_cart_northwest := (northwest_cart_return ∧ hasCart ∧ LEAVE_CART) · cart_parked_northwest; take_cart := PICKUP_CART · hasCart",1.0
4,control,8,1.000000000000007,True,"[g0_must_check_northwest_counter] OBLIGED: after start, eventually (at(0,1) ∧ INTERACT) (before exit)",8.847411342037987e-44,"[g1_must_return_cart_northwest] OBLIGED: after take_cart, eventually return_cart_northwest (before exit)  where cart_parked_northwest := cartAt(0,1); northwest_cart_return := at(0,1); return_cart_northwest := (northwest_cart_return ∧ hasCart ∧ LEAVE_CART) · cart_parked_northwest; take_cart := PICKUP_CART · hasCart",1.0
4,reacquire,0,0.019636459952682178,True,"[g0_must_leave_via_bottom_row] OBLIGED: after start, eventually at(9,5) (before exit)",0.11879366016279008,"[g0_no_exit_without_returning_to_start] OBLIGED: after at(0,1), eventually at(0,5) (before exit)",0.4
4,reacquire,1,0.9999602993752512,True,"[g0_must_check_northwest_counter] OBLIGED: after start, eventually (at(0,1) ∧ INTERACT) (before exit)",3.9659839108641357e-05,"[g1_must_return_cart_northwest] OBLIGED: after take_cart, eventually return_cart_northwest (before exit)  where cart_parked_northwest := cartAt(0,1); northwest_cart_return := at(0,1); return_cart_northwest := (northwest_cart_return ∧ hasCart ∧ LEAVE_CART) · cart_parked_northwest; take_cart := PICKUP_CART · hasCart",1.0
4,reacquire,2,0.9999999999902904,True,"[g0_must_check_northwest_counter] OBLIGED: after start, eventually (at(0,1) ∧ INTERACT) (before exit)",9.709347393729468e-12,"[g1_must_return_cart_northwest] OBLIGED: after take_cart, eventually return_cart_northwest (before exit)  where cart_parked_northwest := cartAt(0,1); northwest_cart_return := at(0,1); return_cart_northwest := (northwest_cart_return ∧ hasCart ∧ LEAVE_CART) · cart_parked_northwest; take_cart := PICKUP_CART · hasCart",1.0
4,reacquire,3,0.9999999999999978,True,"[g0_must_check_northwest_counter] OBLIGED: after start, eventually (at(0,1) ∧ INTERACT) (before exit)",1.3223844286120323e-16,"[g1_must_return_cart_northwest] OBLIGED: after take_cart, eventually return_cart_northwest (before exit)  where cart_parked_northwest := cartAt(0,1); northwest_cart_return := at(0,1); return_cart_northwest := (northwest_cart_return ∧ hasCart ∧ LEAVE_CART) · cart_parked_northwest; take_cart := PICKUP_CART · hasCart",1.0
4,reacquire,4,1.0000000000000027,True,"[g0_must_check_northwest_counter] OBLIGED: after start, eventually (at(0,1) ∧ INTERACT) (before exit)",2.5391715859157483e-23,"[g1_must_return_cart_northwest] OBLIGED: after take_cart, eventually return_cart_northwest (before exit)  where cart_parked_northwest := cartAt(0,1); northwest_cart_return := at(0,1); return_cart_northwest := (northwest_cart_return ∧ hasCart ∧ LEAVE_CART) · cart_parked_northwest; take_cart := PICKUP_CART · hasCart",1.0
4,reacquire,5,1.0000000000000004,True,"[g0_must_check_northwest_counter] OBLIGED: after start, eventually (at(0,1) ∧ INTERACT) (before exit)",2.091650567449481e-25,"[g1_must_return_cart_northwest] OBLIGED: after take_cart, eventually return_cart_northwest (before exit)  where cart_parked_northwest := cartAt(0,1); northwest_cart_return := at(0,1); return_cart_northwest := (northwest_cart_return ∧ hasCart ∧ LEAVE_CART) · cart_parked_northwest; take_cart := PICKUP_CART · hasCart",1.0
4,reacquire,6,1.0000000000000036,True,"[g0_must_check_northwest_counter] OBLIGED: after start, eventually (at(0,1) ∧ INTERACT) (before exit)",1.5094920747453201e-30,"[g1_must_return_cart_northwest] OBLIGED: after take_cart, eventually return_cart_northwest (before exit)  where cart_parked_northwest := cartAt(0,1); northwest_cart_return := at(0,1); return_cart_northwest := (northwest_cart_return ∧ hasCart ∧ LEAVE_CART) · cart_parked_northwest; take_cart := PICKUP_CART · hasCart",1.0
4,reacquire,7,1.0000000000000027,True,"[g0_must_check_northwest_counter] OBLIGED: after start, eventually (at(0,1) ∧ INTERACT) (before exit)",1.5136189649860712e-35,"[g1_must_return_cart_northwest] OBLIGED: after take_cart, eventually return_cart_northwest (before exit)  where cart_parked_northwest := cartAt(0,1); northwest_cart_return := at(0,1); return_cart_northwest := (northwest_cart_return ∧ hasCart ∧ LEAVE_CART) · cart_parked_northwest; take_cart := PICKUP_CART · hasCart",1.0
4,reacquire,8,1.0000000000000062,True,"[g0_must_check_northwest_counter] OBLIGED: after start, eventually (at(0,1) ∧ INTERACT) (before exit)",4.4255992218203757e-42,"[g1_must_return_cart_northwest] OBLIGED: after take_cart, eventually return_cart_northwest (before exit)  where cart_parked_northwest := cartAt(0,1); northwest_cart_return := at(0,1); return_cart_northwest := (northwest_cart_return ∧ hasCart ∧ LEAVE_CART) · cart_parked_northwest; take_cart := PICKUP_CART · hasCart",1.0
5,diagnostic,0,0.0,False,"[g0_no_east_from_milk_cell] FORBIDDEN: (at(5,2) ∧ E)",0.13485688729359357,"[g0_no_east_from_milk_cell] FORBIDDEN: (at(5,2) ∧ E)",0.6
5,diagnostic,1,0.0,False,"[g1_exit_only_after_cart_returned] FORBIDDEN: (exit_store ∧ ¬cart_returned)  where cart_returned := cartAt(0,1); exit_cell := at(9,5); exit_store := (exit_cell ∧ EXIT)",0.9999531558219465,"[g1_exit_only_after_cart_returned] FORBIDDEN: (exit_store ∧ ¬cart_returned)  where cart_returned := cartAt(0,1); exit_cell := at(9,5); exit_store := (exit_cell ∧ EXIT)",1.0
5,diagnostic,2,0.0,False,"[g1_exit_only_after_cart_returned] FORBIDDEN: (exit_store ∧ ¬cart_returned)  where cart_returned := cartAt(0,1); exit_cell := at(9,5); exit_store := (exit_cell ∧ EXIT)",0.999999999988535,"[g1_exit_only_after_cart_returned] FORBIDDEN: (exit_store ∧ ¬cart_returned)  where cart_returned := cartAt(0,1); exit_cell := at(9,5); exit_store := (exit_cell ∧ EXIT)",1.0
5,diagnostic,3,0.0,False,"[g1_exit_only_after_cart_returned] FORBIDDEN: (exit_store ∧ ¬cart_returned)  where cart_returned := cartAt(0,1); exit_cell := at(9,5); exit_store := (exit_cell ∧ EXIT)",0.9999999999999982,"[g1_exit_only_after_cart_returned] FORBIDDEN: (exit_store ∧ ¬cart_returned)  where cart_returned := cartAt(0,1); exit_cell := at(9,5); exit_store := (exit_cell ∧ EXIT)",1.0
5,diagnostic,4,0.0,False,"[g1_exit_only_after_cart_returned] FORBIDDEN: (exit_store ∧ ¬cart_returned)  where cart_returned := cartAt(0,1); exit_cell := at(9,5); exit_store := (exit_cell ∧ EXIT)",0.9999999999999969,"[g1_exit_only_after_cart_returned] FORBIDDEN: (exit_store ∧ ¬cart_returned)  where cart_returned := cartAt(0,1); exit_cell := at(9,5); exit_store := (exit_cell ∧ EXIT)",1.0
5,diagnostic,5,0.0,False,"[g1_exit_only_after_cart_returned] FORBIDDEN: (exit_store ∧ ¬cart_returned)  where cart_returned := cartAt(0,1); exit_cell := at(9,5); exit_store := (exit_cell ∧ EXIT)",1.0,"[g1_exit_only_after_cart_returned] FORBIDDEN: (exit_store ∧ ¬cart_returned)  where cart_returned := cartAt(0,1); exit_cell := at(9,5); exit_store := (exit_cell ∧ EXIT)",1.0
5,diagnostic,6,0.0,False,"[g1_exit_only_after_cart_returned] FORBIDDEN: (exit_store ∧ ¬cart_returned)  where cart_returned := cartAt(0,1); exit_cell := at(9,5); exit_store := (exit_cell ∧ EXIT)",1.0000000000000044,"[g1_exit_only_after_cart_returned] FORBIDDEN: (exit_store ∧ ¬cart_returned)  where cart_returned := cartAt(0,1); exit_cell := at(9,5); exit_store := (exit_cell ∧ EXIT)",1.0
5,diagnostic,7,0.0,False,"[g1_exit_only_after_cart_returned] FORBIDDEN: (exit_store ∧ ¬cart_returned)  where cart_returned := cartAt(0,1); exit_cell := at(9,5); exit_store := (exit_cell ∧ EXIT)",0.9999999999999991,"[g1_exit_only_after_cart_returned] FORBIDDEN: (exit_store ∧ ¬cart_returned)  where cart_returned := cartAt(0,1); exit_cell := at(9,5); exit_store := (exit_cell ∧ EXIT)",1.0
5,diagnostic,8,0.0,False,"[g1_exit_only_after_cart_returned] FORBIDDEN: (exit_store ∧ ¬cart_returned)  where cart_returned := cartAt(0,1); exit_cell := at(9,5); exit_store := (exit_cell ∧ EXIT)",0.9999999999999947,"[g1_exit_only_after_cart_returned] FORBIDDEN: (exit_store ∧ ¬cart_returned)  where cart_returned := cartAt(0,1); exit_cell := at(9,5); exit_store := (exit_cell ∧ EXIT)",1.0
5,control,0,0.0,False,"[g0_no_east_from_milk_cell] FORBIDDEN: (at(5,2) ∧ E)",0.13485688729359357,"[g0_no_east_from_milk_cell] FORBIDDEN: (at(5,2) ∧ E)",0.6
5,control,1,0.0,False,"[g1_exit_only_after_cart_returned] FORBIDDEN: (exit_store ∧ ¬cart_returned)  where cart_returned := cartAt(0,1); exit_cell := at(9,5); exit_store := (exit_cell ∧ EXIT)",0.9999531558219465,"[g1_exit_only_after_cart_returned] FORBIDDEN: (exit_store ∧ ¬cart_returned)  where cart_returned := cartAt(0,1); exit_cell := at(9,5); exit_store := (exit_cell ∧ EXIT)",1.0
5,control,2,0.0,False,"[g1_exit_only_after_cart_returned] FORBIDDEN: (exit_store ∧ ¬cart_returned)  where cart_returned := cartAt(0,1); exit_cell := at(9,5); exit_store := (exit_cell ∧ EXIT)",0.999999999988535,"[g1_exit_only_after_cart_returned] FORBIDDEN: (exit_store ∧ ¬cart_returned)  where cart_returned := cartAt(0,1); exit_cell := at(9,5); exit_store := (exit_cell ∧ EXIT)",1.0
5,control,3,0.0,False,"[g1_exit_only_after_cart_returned] FORBIDDEN: (exit_store ∧ ¬cart_returned)  where cart_returned := cartAt(0,1); exit_cell := at(9,5); exit_store := (exit_cell ∧ EXIT)",0.9999999999999982,"[g1_exit_only_after_cart_returned] FORBIDDEN: (exit_store ∧ ¬cart_returned)  where cart_returned := cartAt(0,1); exit_cell := at(9,5); exit_store := (exit_cell ∧ EXIT)",1.0
5,control,4,0.0,False,"[g1_exit_only_after_cart_returned] FORBIDDEN: (exit_store ∧ ¬cart_returned)  where cart_returned := cartAt(0,1); exit_cell := at(9,5); exit_store := (exit_cell ∧ EXIT)",0.9999999999999969,"[g1_exit_only_after_cart_returned] FORBIDDEN: (exit_store ∧ ¬cart_returned)  where cart_returned := cartAt(0,1); exit_cell := at(9,5); exit_store := (exit_cell ∧ EXIT)",1.0
5,control,5,0.0,False,"[g1_exit_only_after_cart_returned] FORBIDDEN: (exit_store ∧ ¬cart_returned)  where cart_returned := cartAt(0,1); exit_cell := at(9,5); exit_store := (exit_cell ∧ EXIT)",1.0,"[g1_exit_only_after_cart_returned] FORBIDDEN: (exit_store ∧ ¬cart_returned)  where cart_returned := cartAt(0,1); exit_cell := at(9,5); exit_store := (exit_cell ∧ EXIT)",1.0
5,control,6,0.0,False,"[g1_exit_only_after_cart_returned] FORBIDDEN: (exit_store ∧ ¬cart_returned)  where cart_returned := cartAt(0,1); exit_cell := at(9,5); exit_store := (exit_cell ∧ EXIT)",0.9999999999999969,"[g1_exit_only_after_cart_returned] FORBIDDEN: (exit_store ∧ ¬cart_returned)  where cart_returned := cartAt(0,1); exit_cell := at(9,5); exit_store := (exit_cell ∧ EXIT)",1.0
5,control,7,0.0,False,"[g1_exit_only_after_cart_returned] FORBIDDEN: (exit_store ∧ ¬cart_returned)  where cart_returned := cartAt(0,1); exit_cell := at(9,5); exit_store := (exit_cell ∧ EXIT)",0.9999999999999964,"[g1_exit_only_after_cart_returned] FORBIDDEN: (exit_store ∧ ¬cart_returned)  where cart_returned := cartAt(0,1); exit_cell := at(9,5); exit_store := (exit_cell ∧ EXIT)",1.0
5,control,8,0.0,False,"[g1_exit_only_after_cart_returned] FORBIDDEN: (exit_store ∧ ¬cart_returned)  where cart_returned := cartAt(0,1); exit_cell := at(9,5); exit_store := (exit_cell ∧ EXIT)",1.0000000000000058,"[g1_exit_only_after_cart_returned] FORBIDDEN: (exit_store ∧ ¬cart_returned)  where cart_returned := cartAt(0,1); exit_cell := at(9,5); exit_store := (exit_cell ∧ EXIT)",1.0
5,reacquire,0,0.0,False,"[g0_no_east_from_milk_cell] FORBIDDEN: (at(5,2) ∧ E)",0.13485688729359357,"[g0_no_east_from_milk_cell] FORBIDDEN: (at(5,2) ∧ E)",0.6
5,reacquire,1,0.0,False,"[g1_exit_only_after_cart_returned] FORBIDDEN: (exit_store ∧ ¬cart_returned)  where cart_returned := cartAt(0,1); exit_cell := at(9,5); exit_store := (exit_cell ∧ EXIT)",0.9999531558219465,"[g1_exit_only_after_cart_returned] FORBIDDEN: (exit_store ∧ ¬cart_returned)  where cart_returned := cartAt(0,1); exit_cell := at(9,5); exit_store := (exit_cell ∧ EXIT)",1.0
5,reacquire,2,0.0,False,"[g1_exit_only_after_cart_returned] FORBIDDEN: (exit_store ∧ ¬cart_returned)  where cart_returned := cartAt(0,1); exit_cell := at(9,5); exit_store := (exit_cell ∧ EXIT)",0.999999999988535,"[g1_exit_only_after_cart_returned] FORBIDDEN: (exit_store ∧ ¬cart_returned)  where cart_returned := cartAt(0,1); exit_cell := at(9,5); exit_store := (exit_cell ∧ EXIT)",1.0
5,reacquire,3,0.0,False,"[g1_exit_only_after_cart_returned] FORBIDDEN: (exit_store ∧ ¬cart_returned)  where cart_returned := cartAt(0,1); exit_cell := at(9,5); exit_store := (exit_cell ∧ EXIT)",0.9999999999999982,"[g1_exit_only_after_cart_returned] FORBIDDEN: (exit_store ∧ ¬cart_returned)  where cart_returned := cartAt(0,1); exit_cell := at(9,5); exit_store := (exit_cell ∧ EXIT)",1.0
5,reacquire,4,0.0,False,"[g1_exit_only_after_cart_returned] FORBIDDEN: (exit_store ∧ ¬cart_returned)  where cart_returned := cartAt(0,1); exit_cell := at(9,5); exit_store := (exit_cell ∧ EXIT)",0.9999999999999969,"[g1_exit_only_after_cart_returned] FORBIDDEN: (exit_store ∧ ¬cart_returned)  where cart_returned := cartAt(0,1); exit_cell := at(9,5); exit_store := (exit_cell ∧ EXIT)",1.0
5,reacquire,5,0.0,False,"[g1_exit_only_after_cart_returned] FORBIDDEN: (exit_store ∧ ¬cart_returned)  where cart_returned := cartAt(0,1); exit_cell := at(9,5); exit_store := (exit_cell ∧ EXIT)",1.0,"[g1_exit_only_after_cart_returned] FORBIDDEN: (exit_store ∧ ¬cart_returned)  where cart_returned := cartAt(0,1); exit_cell := at(9,5); exit_store := (exit_cell ∧ EXIT)",1.0
5,reacquire,6,0.0,False,"[g1_exit_only_after_cart_returned] FORBIDDEN: (exit_store ∧ ¬cart_returned)  where cart_returned := cartAt(0,1); exit_cell := at(9,5); exit_store := (exit_cell ∧ EXIT)",1.0000000000000049,"[g1_exit_only_after_cart_returned] FORBIDDEN: (exit_store ∧ ¬cart_returned)  where cart_returned := cartAt(0,1); exit_cell := at(9,5); exit_store := (exit_cell ∧ EXIT)",1.0
5,reacquire,7,0.0,False,"[g1_exit_only_after_cart_returned] FORBIDDEN: (exit_store ∧ ¬cart_returned)  where cart_returned := cartAt(0,1); exit_cell := at(9,5); exit_store := (exit_cell ∧ EXIT)",1.0000000000000044,"[g1_exit_only_after_cart_returned] FORBIDDEN: (exit_store ∧ ¬cart_returned)  where cart_returned := cartAt(0,1); exit_cell := at(9,5); exit_store := (exit_cell ∧ EXIT)",1.0
5,reacquire,8,0.0,False,"[g1_exit_only_after_cart_returned] FORBIDDEN: (exit_store ∧ ¬cart_returned)  where cart_returned := cartAt(0,1); exit_cell := at(9,5); exit_store := (exit_cell ∧ EXIT)",0.9999999999999933,"[g1_exit_only_after_cart_returned] FORBIDDEN: (exit_store ∧ ¬cart_returned)  where cart_returned := cartAt(0,1); exit_cell := at(9,5); exit_store := (exit_cell ∧ EXIT)",1.0
6,diagnostic,0,0.02440900680328999,True,"[g0_must_visit_2_2] OBLIGED: after start, eventually (at(2,2) ∧ INTERACT) (before exit)",0.12089860214397634,"[g0_must_visit_2_2] OBLIGED: after start, eventually (at(2,2) ∧ INTERACT) (before exit)",0.6
6,diagnostic,1,0.3543376080520895,True,"[g1_exit_only_after_cart_parked] FORBIDDEN: (exit_attempt ∧ ¬cart_parked_in_return_bay)  where at_exit := at(9,5); cart_parked_in_return_bay := cartAt(0,1); exit_attempt := (at_exit ∧ EXIT)",0.6456452173171167,"[g1_exit_only_after_cart_parked] FORBIDDEN: (exit_attempt ∧ ¬cart_parked_in_return_bay)  where at_exit := at(9,5); cart_parked_in_return_bay := cartAt(0,1); exit_attempt := (at_exit ∧ EXIT)",1.0
6,diagnostic,2,0.35434369377271513,True,"[g1_exit_only_after_cart_parked] FORBIDDEN: (exit_attempt ∧ ¬cart_parked_in_return_bay)  where at_exit := at(9,5); cart_parked_in_return_bay := cartAt(0,1); exit_attempt := (at_exit ∧ EXIT)",0.6456563062230822,"[g1_exit_only_after_cart_parked] FORBIDDEN: (exit_attempt ∧ ¬cart_parked_in_return_bay)  where at_exit := at(9,5); cart_parked_in_return_bay := cartAt(0,1); exit_attempt := (at_exit ∧ EXIT)",1.0
6,diagnostic,3,0.35434369377420394,True,"[g1_exit_only_after_cart_parked] FORBIDDEN: (exit_attempt ∧ ¬cart_parked_in_return_bay)  where at_exit := at(9,5); cart_parked_in_return_bay := cartAt(0,1); exit_attempt := (at_exit ∧ EXIT)",0.6456563062257926,"[g1_exit_only_after_cart_parked] FORBIDDEN: (exit_attempt ∧ ¬cart_parked_in_return_bay)  where at_exit := at(9,5); cart_parked_in_return_bay := cartAt(0,1); exit_attempt := (at_exit ∧ EXIT)",1.0
6,diagnostic,4,0.3543436937742055,True,"[g1_exit_only_after_cart_parked] FORBIDDEN: (exit_attempt ∧ ¬cart_parked_in_return_bay)  where at_exit := at(9,5); cart_parked_in_return_bay := cartAt(0,1); exit_attempt := (at_exit ∧ EXIT)",0.6456563062257964,"[g1_exit_only_after_cart_parked] FORBIDDEN: (exit_attempt ∧ ¬cart_parked_in_return_bay)  where at_exit := at(9,5); cart_parked_in_return_bay := cartAt(0,1); exit_attempt := (at_exit ∧ EXIT)",1.0
6,diagnostic,5,0.3543436937742022,True,"[g1_exit_only_after_cart_parked] FORBIDDEN: (exit_attempt ∧ ¬cart_parked_in_return_bay)  where at_exit := at(9,5); cart_parked_in_return_bay := cartAt(0,1); exit_attempt := (at_exit ∧ EXIT)",0.6456563062257938,"[g1_exit_only_after_cart_parked] FORBIDDEN: (exit_attempt ∧ ¬cart_parked_in_return_bay)  where at_exit := at(9,5); cart_parked_in_return_bay := cartAt(0,1); exit_attempt := (at_exit ∧ EXIT)",1.0
6,diagnostic,6,0.9999999768810686,True,"[g1_exit_only_after_cart_parked] FORBIDDEN: (exit_attempt ∧ ¬cart_parked_in_return_bay)  where at_exit := at(9,5); cart_parked_in_return_bay := cartAt(0,1); exit_attempt := (at_exit ∧ EXIT)",2.3118935888952885e-08,"[g1_return_taken_cart] OBLIGED: after cart_acquired, eventually cart_returned (before exit)  where cart_in_use := hasCart; cart_parked_in_return_bay := cartAt(0,1); cart_return_bay := at(0,1); cart_acquired := PICKUP_CART · cart_in_use; cart_returned := (cart_return_bay ∧ cart_in_use ∧ LEAVE_CART) · cart_parked_in_return_bay",1.0
6,diagnostic,7,0.999999978270514,True,"[g1_exit_only_after_cart_parked] FORBIDDEN: (exit_attempt ∧ ¬cart_parked_in_return_bay)  where at_exit := at(9,5); cart_parked_in_return_bay := cartAt(0,1); exit_attempt := (at_exit ∧ EXIT)",2.1729483704494564e-08,"[g1_return_taken_cart] OBLIGED: after cart_acquired, eventually cart_returned (before exit)  where cart_in_use := hasCart; cart_parked_in_return_bay := cartAt(0,1); cart_return_bay := at(0,1); cart_acquired := PICKUP_CART · cart_in_use; cart_returned := (cart_return_bay ∧ cart_in_use ∧ LEAVE_CART) · cart_parked_in_return_bay",1.0
6,diagnostic,8,0.9999999831468848,True,"[g1_exit_only_after_cart_parked] FORBIDDEN: (exit_attempt ∧ ¬cart_parked_in_return_bay)  where at_exit := at(9,5); cart_parked_in_return_bay := cartAt(0,1); exit_attempt := (at_exit ∧ EXIT)",1.68531201517906e-08,"[g1_return_taken_cart] OBLIGED: after cart_acquired, eventually cart_returned (before exit)  where cart_in_use := hasCart; cart_parked_in_return_bay := cartAt(0,1); cart_return_bay := at(0,1); cart_acquired := PICKUP_CART · cart_in_use; cart_returned := (cart_return_bay ∧ cart_in_use ∧ LEAVE_CART) · cart_parked_in_return_bay",1.0
6,control,0,0.02440900680328999,True,"[g0_must_visit_2_2] OBLIGED: after start, eventually (at(2,2) ∧ INTERACT) (before exit)",0.12089860214397634,"[g0_must_visit_2_2] OBLIGED: after start, eventually (at(2,2) ∧ INTERACT) (before exit)",0.6
6,control,1,0.3543376080520895,True,"[g1_exit_only_after_cart_parked] FORBIDDEN: (exit_attempt ∧ ¬cart_parked_in_return_bay)  where at_exit := at(9,5); cart_parked_in_return_bay := cartAt(0,1); exit_attempt := (at_exit ∧ EXIT)",0.6456452173171167,"[g1_exit_only_after_cart_parked] FORBIDDEN: (exit_attempt ∧ ¬cart_parked_in_return_bay)  where at_exit := at(9,5); cart_parked_in_return_bay := cartAt(0,1); exit_attempt := (at_exit ∧ EXIT)",1.0
6,control,2,0.35434369377271513,True,"[g1_exit_only_after_cart_parked] FORBIDDEN: (exit_attempt ∧ ¬cart_parked_in_return_bay)  where at_exit := at(9,5); cart_parked_in_return_bay := cartAt(0,1); exit_attempt := (at_exit ∧ EXIT)",0.6456563062230822,"[g1_exit_only_after_cart_parked] FORBIDDEN: (exit_attempt ∧ ¬cart_parked_in_return_bay)  where at_exit := at(9,5); cart_parked_in_return_bay := cartAt(0,1); exit_attempt := (at_exit ∧ EXIT)",1.0
6,control,3,0.35434369377420394,True,"[g1_exit_only_after_cart_parked] FORBIDDEN: (exit_attempt ∧ ¬cart_parked_in_return_bay)  where at_exit := at(9,5); cart_parked_in_return_bay := cartAt(0,1); exit_attempt := (at_exit ∧ EXIT)",0.6456563062257926,"[g1_exit_only_after_cart_parked] FORBIDDEN: (exit_attempt ∧ ¬cart_parked_in_return_bay)  where at_exit := at(9,5); cart_parked_in_return_bay := cartAt(0,1); exit_attempt := (at_exit ∧ EXIT)",1.0
6,control,4,0.3543436937742055,True,"[g1_exit_only_after_cart_parked] FORBIDDEN: (exit_attempt ∧ ¬cart_parked_in_return_bay)  where at_exit := at(9,5); cart_parked_in_return_bay := cartAt(0,1); exit_attempt := (at_exit ∧ EXIT)",0.6456563062257964,"[g1_exit_only_after_cart_parked] FORBIDDEN: (exit_attempt ∧ ¬cart_parked_in_return_bay)  where at_exit := at(9,5); cart_parked_in_return_bay := cartAt(0,1); exit_attempt := (at_exit ∧ EXIT)",1.0
6,control,5,0.3543436937742022,True,"[g1_exit_only_after_cart_parked] FORBIDDEN: (exit_attempt ∧ ¬cart_parked_in_return_bay)  where at_exit := at(9,5); cart_parked_in_return_bay := cartAt(0,1); exit_attempt := (at_exit ∧ EXIT)",0.6456563062257938,"[g1_exit_only_after_cart_parked] FORBIDDEN: (exit_attempt ∧ ¬cart_parked_in_return_bay)  where at_exit := at(9,5); cart_parked_in_return_bay := cartAt(0,1); exit_attempt := (at_exit ∧ EXIT)",1.0
6,control,6,0.3543436937742041,True,"[g1_exit_only_after_cart_parked] FORBIDDEN: (exit_attempt ∧ ¬cart_parked_in_return_bay)  where at_exit := at(9,5); cart_parked_in_return_bay := cartAt(0,1); exit_attempt := (at_exit ∧ EXIT)",0.645656306225801,"[g1_exit_only_after_cart_parked] FORBIDDEN: (exit_attempt ∧ ¬cart_parked_in_return_bay)  where at_exit := at(9,5); cart_parked_in_return_bay := cartAt(0,1); exit_attempt := (at_exit ∧ EXIT)",1.0
6,control,7,0.35434369377420455,True,"[g1_exit_only_after_cart_parked] FORBIDDEN: (exit_attempt ∧ ¬cart_parked_in_return_bay)  where at_exit := at(9,5); cart_parked_in_return_bay := cartAt(0,1); exit_attempt := (at_exit ∧ EXIT)",0.6456563062258007,"[g1_exit_only_after_cart_parked] FORBIDDEN: (exit_attempt ∧ ¬cart_parked_in_return_bay)  where at_exit := at(9,5); cart_parked_in_return_bay := cartAt(0,1); exit_attempt := (at_exit ∧ EXIT)",1.0
6,control,8,0.35434369377420316,True,"[g1_exit_only_after_cart_parked] FORBIDDEN: (exit_attempt ∧ ¬cart_parked_in_return_bay)  where at_exit := at(9,5); cart_parked_in_return_bay := cartAt(0,1); exit_attempt := (at_exit ∧ EXIT)",0.6456563062257975,"[g1_exit_only_after_cart_parked] FORBIDDEN: (exit_attempt ∧ ¬cart_parked_in_return_bay)  where at_exit := at(9,5); cart_parked_in_return_bay := cartAt(0,1); exit_attempt := (at_exit ∧ EXIT)",1.0
6,reacquire,0,0.02440900680328999,True,"[g0_must_visit_2_2] OBLIGED: after start, eventually (at(2,2) ∧ INTERACT) (before exit)",0.12089860214397634,"[g0_must_visit_2_2] OBLIGED: after start, eventually (at(2,2) ∧ INTERACT) (before exit)",0.6
6,reacquire,1,0.3543376080520895,True,"[g1_exit_only_after_cart_parked] FORBIDDEN: (exit_attempt ∧ ¬cart_parked_in_return_bay)  where at_exit := at(9,5); cart_parked_in_return_bay := cartAt(0,1); exit_attempt := (at_exit ∧ EXIT)",0.6456452173171167,"[g1_exit_only_after_cart_parked] FORBIDDEN: (exit_attempt ∧ ¬cart_parked_in_return_bay)  where at_exit := at(9,5); cart_parked_in_return_bay := cartAt(0,1); exit_attempt := (at_exit ∧ EXIT)",1.0
6,reacquire,2,0.35434369377271513,True,"[g1_exit_only_after_cart_parked] FORBIDDEN: (exit_attempt ∧ ¬cart_parked_in_return_bay)  where at_exit := at(9,5); cart_parked_in_return_bay := cartAt(0,1); exit_attempt := (at_exit ∧ EXIT)",0.6456563062230822,"[g1_exit_only_after_cart_parked] FORBIDDEN: (exit_attempt ∧ ¬cart_parked_in_return_bay)  where at_exit := at(9,5); cart_parked_in_return_bay := cartAt(0,1); exit_attempt := (at_exit ∧ EXIT)",1.0
6,reacquire,3,0.35434369377420394,True,"[g1_exit_only_after_cart_parked] FORBIDDEN: (exit_attempt ∧ ¬cart_parked_in_return_bay)  where at_exit := at(9,5); cart_parked_in_return_bay := cartAt(0,1); exit_attempt := (at_exit ∧ EXIT)",0.6456563062257926,"[g1_exit_only_after_cart_parked] FORBIDDEN: (exit_attempt ∧ ¬cart_parked_in_return_bay)  where at_exit := at(9,5); cart_parked_in_return_bay := cartAt(0,1); exit_attempt := (at_exit ∧ EXIT)",1.0
6,reacquire,4,0.3543436937742055,True,"[g1_exit_only_after_cart_parked] FORBIDDEN: (exit_attempt ∧ ¬cart_parked_in_return_bay)  where at_exit := at(9,5); cart_parked_in_return_bay := cartAt(0,1); exit_attempt := (at_exit ∧ EXIT)",0.6456563062257964,"[g1_exit_only_after_cart_parked] FORBIDDEN: (exit_attempt ∧ ¬cart_parked_in_return_bay)  where at_exit := at(9,5); cart_parked_in_return_bay := cartAt(0,1); exit_attempt := (at_exit ∧ EXIT)",1.0
6,reacquire,5,0.3543436937742022,True,"[g1_exit_only_after_cart_parked] FORBIDDEN: (exit_attempt ∧ ¬cart_parked_in_return_bay)  where at_exit := at(9,5); cart_parked_in_return_bay := cartAt(0,1); exit_attempt := (at_exit ∧ EXIT)",0.6456563062257938,"[g1_exit_only_after_cart_parked] FORBIDDEN: (exit_attempt ∧ ¬cart_parked_in_return_bay)  where at_exit := at(9,5); cart_parked_in_return_bay := cartAt(0,1); exit_attempt := (at_exit ∧ EXIT)",1.0
6,reacquire,6,0.3543436937742019,True,"[g1_exit_only_after_cart_parked] FORBIDDEN: (exit_attempt ∧ ¬cart_parked_in_return_bay)  where at_exit := at(9,5); cart_parked_in_return_bay := cartAt(0,1); exit_attempt := (at_exit ∧ EXIT)",0.645656306225797,"[g1_exit_only_after_cart_parked] FORBIDDEN: (exit_attempt ∧ ¬cart_parked_in_return_bay)  where at_exit := at(9,5); cart_parked_in_return_bay := cartAt(0,1); exit_attempt := (at_exit ∧ EXIT)",1.0
6,reacquire,7,0.35434369377420155,True,"[g1_exit_only_after_cart_parked] FORBIDDEN: (exit_attempt ∧ ¬cart_parked_in_return_bay)  where at_exit := at(9,5); cart_parked_in_return_bay := cartAt(0,1); exit_attempt := (at_exit ∧ EXIT)",0.6456563062257967,"[g1_exit_only_after_cart_parked] FORBIDDEN: (exit_attempt ∧ ¬cart_parked_in_return_bay)  where at_exit := at(9,5); cart_parked_in_return_bay := cartAt(0,1); exit_attempt := (at_exit ∧ EXIT)",1.0
6,reacquire,8,0.35434369377420283,True,"[g1_exit_only_after_cart_parked] FORBIDDEN: (exit_attempt ∧ ¬cart_parked_in_return_bay)  where at_exit := at(9,5); cart_parked_in_return_bay := cartAt(0,1); exit_attempt := (at_exit ∧ EXIT)",0.6456563062257987,"[g1_exit_only_after_cart_parked] FORBIDDEN: (exit_attempt ∧ ¬cart_parked_in_return_bay)  where at_exit := at(9,5); cart_parked_in_return_bay := cartAt(0,1); exit_attempt := (at_exit ∧ EXIT)",1.0
7,diagnostic,0,0.0,False,"[g0_must_visit_2_2_counter] OBLIGED: after start, eventually (at(2,2) ∧ INTERACT) (before exit)",0.12148446962104625,"[g0_must_visit_2_2_counter] OBLIGED: after start, eventually (at(2,2) ∧ INTERACT) (before exit)",0.6
7,diagnostic,1,0.0,False,"[g0_must_visit_0_1_counter] OBLIGED: after start, eventually (at(0,1) ∧ INTERACT) (before exit)",0.9421449767588286,"[g0_must_visit_0_1_counter] OBLIGED: after start, eventually (at(0,1) ∧ INTERACT) (before exit)",0.8
7,diagnostic,2,0.0,False,"[g0_must_visit_0_1_counter] OBLIGED: after start, eventually (at(0,1) ∧ INTERACT) (before exit)",0.9426269877956011,"[g0_must_visit_0_1_counter] OBLIGED: after start, eventually (at(0,1) ∧ INTERACT) (before exit)",0.8
7,diagnostic,3,0.0,False,"[g0_must_visit_0_1_counter] OBLIGED: after start, eventually (at(0,1) ∧ INTERACT) (before exit)",0.9425977690981221,"[g0_must_visit_0_1_counter] OBLIGED: after start, eventually (at(0,1) ∧ INTERACT) (before exit)",0.8
7,diagnostic,4,0.0,False,"[g0_must_visit_0_1_counter] OBLIGED: after start, eventually (at(0,1) ∧ INTERACT) (before exit)",0.9425806076282887,"[g0_must_visit_0_1_counter] OBLIGED: after start, eventually (at(0,1) ∧ INTERACT) (before exit)",0.8
7,diagnostic,5,0.0,False,"[g0_must_visit_0_1_counter] OBLIGED: after start, eventually (at(0,1) ∧ INTERACT) (before exit)",0.9425477123930335,"[g0_must_visit_0_1_counter] OBLIGED: after start, eventually (at(0,1) ∧ INTERACT) (before exit)",0.8
7,diagnostic,6,0.0,False,"[g1_borrowed_cart_must_be_returned] OBLIGED: after acquire_cart, eventually return_cart_to_bay (before exit)  where cart_return_bay := at(0,1); entrance_cart_station := (at(1,5) ∧ cartAt(1,5)); acquire_cart := (entrance_cart_station ∧ PICKUP_CART) · hasCart; return_cart_to_bay := (cart_return_bay ∧ hasCart ∧ LEAVE_CART) · (cartAt(0,1) ∧ ¬hasCart)",0.9174526557659127,"[g1_borrowed_cart_must_be_returned] OBLIGED: after acquire_cart, eventually return_cart_to_bay (before exit)  where cart_return_bay := at(0,1); entrance_cart_station := (at(1,5) ∧ cartAt(1,5)); acquire_cart := (entrance_cart_station ∧ PICKUP_CART) · hasCart; return_cart_to_bay := (cart_return_bay ∧ hasCart ∧ LEAVE_CART) · (cartAt(0,1) ∧ ¬hasCart)",0.8
7,diagnostic,7,0.0,False,"[g1_borrowed_cart_must_be_returned] OBLIGED: after acquire_cart, eventually return_cart_to_bay (before exit)  where cart_return_bay := at(0,1); entrance_cart_station := (at(1,5) ∧ cartAt(1,5)); acquire_cart := (entrance_cart_station ∧ PICKUP_CART) · hasCart; return_cart_to_bay := (cart_return_bay ∧ hasCart ∧ LEAVE_CART) · (cartAt(0,1) ∧ ¬hasCart)",0.9369042573483104,"[g1_borrowed_cart_must_be_returned] OBLIGED: after acquire_cart, eventually return_cart_to_bay (before exit)  where cart_return_bay := at(0,1); entrance_cart_station := (at(1,5) ∧ cartAt(1,5)); acquire_cart := (entrance_cart_station ∧ PICKUP_CART) · hasCart; return_cart_to_bay := (cart_return_bay ∧ hasCart ∧ LEAVE_CART) · (cartAt(0,1) ∧ ¬hasCart)",0.8
7,diagnostic,8,0.0,False,"[g1_borrowed_cart_must_be_returned] OBLIGED: after acquire_cart, eventually return_cart_to_bay (before exit)  where cart_return_bay := at(0,1); entrance_cart_station := (at(1,5) ∧ cartAt(1,5)); acquire_cart := (entrance_cart_station ∧ PICKUP_CART) · hasCart; return_cart_to_bay := (cart_return_bay ∧ hasCart ∧ LEAVE_CART) · (cartAt(0,1) ∧ ¬hasCart)",0.9408817566220802,"[g1_borrowed_cart_must_be_returned] OBLIGED: after acquire_cart, eventually return_cart_to_bay (before exit)  where cart_return_bay := at(0,1); entrance_cart_station := (at(1,5) ∧ cartAt(1,5)); acquire_cart := (entrance_cart_station ∧ PICKUP_CART) · hasCart; return_cart_to_bay := (cart_return_bay ∧ hasCart ∧ LEAVE_CART) · (cartAt(0,1) ∧ ¬hasCart)",0.8
7,control,0,0.0,False,"[g0_must_visit_2_2_counter] OBLIGED: after start, eventually (at(2,2) ∧ INTERACT) (before exit)",0.12148446962104625,"[g0_must_visit_2_2_counter] OBLIGED: after start, eventually (at(2,2) ∧ INTERACT) (before exit)",0.6
7,control,1,0.0,False,"[g0_must_visit_0_1_counter] OBLIGED: after start, eventually (at(0,1) ∧ INTERACT) (before exit)",0.9421449767588286,"[g0_must_visit_0_1_counter] OBLIGED: after start, eventually (at(0,1) ∧ INTERACT) (before exit)",0.8
7,control,2,0.0,False,"[g0_must_visit_0_1_counter] OBLIGED: after start, eventually (at(0,1) ∧ INTERACT) (before exit)",0.9426269877956011,"[g0_must_visit_0_1_counter] OBLIGED: after start, eventually (at(0,1) ∧ INTERACT) (before exit)",0.8
7,control,3,0.0,False,"[g0_must_visit_0_1_counter] OBLIGED: after start, eventually (at(0,1) ∧ INTERACT) (before exit)",0.9425977690981221,"[g0_must_visit_0_1_counter] OBLIGED: after start, eventually (at(0,1) ∧ INTERACT) (before exit)",0.8
7,control,4,0.0,False,"[g0_must_visit_0_1_counter] OBLIGED: after start, eventually (at(0,1) ∧ INTERACT) (before exit)",0.9425806076282887,"[g0_must_visit_0_1_counter] OBLIGED: after start, eventually (at(0,1) ∧ INTERACT) (before exit)",0.8
7,control,5,0.0,False,"[g0_must_visit_0_1_counter] OBLIGED: after start, eventually (at(0,1) ∧ INTERACT) (before exit)",0.9425477123930335,"[g0_must_visit_0_1_counter] OBLIGED: after start, eventually (at(0,1) ∧ INTERACT) (before exit)",0.8
7,control,6,0.0,False,"[g0_must_visit_0_1_counter] OBLIGED: after start, eventually (at(0,1) ∧ INTERACT) (before exit)",0.9425231774248248,"[g0_must_visit_0_1_counter] OBLIGED: after start, eventually (at(0,1) ∧ INTERACT) (before exit)",0.8
7,control,7,0.0,False,"[g0_must_visit_0_1_counter] OBLIGED: after start, eventually (at(0,1) ∧ INTERACT) (before exit)",0.9424999930508399,"[g0_must_visit_0_1_counter] OBLIGED: after start, eventually (at(0,1) ∧ INTERACT) (before exit)",0.8
7,control,8,0.0,False,"[g0_must_visit_0_1_counter] OBLIGED: after start, eventually (at(0,1) ∧ INTERACT) (before exit)",0.9424777716662172,"[g0_must_visit_0_1_counter] OBLIGED: after start, eventually (at(0,1) ∧ INTERACT) (before exit)",0.8
7,reacquire,0,0.0,False,"[g0_must_visit_2_2_counter] OBLIGED: after start, eventually (at(2,2) ∧ INTERACT) (before exit)",0.12148446962104625,"[g0_must_visit_2_2_counter] OBLIGED: after start, eventually (at(2,2) ∧ INTERACT) (before exit)",0.6
7,reacquire,1,0.0,False,"[g0_must_visit_0_1_counter] OBLIGED: after start, eventually (at(0,1) ∧ INTERACT) (before exit)",0.9421449767588286,"[g0_must_visit_0_1_counter] OBLIGED: after start, eventually (at(0,1) ∧ INTERACT) (before exit)",0.8
7,reacquire,2,0.0,False,"[g0_must_visit_0_1_counter] OBLIGED: after start, eventually (at(0,1) ∧ INTERACT) (before exit)",0.9426269877956011,"[g0_must_visit_0_1_counter] OBLIGED: after start, eventually (at(0,1) ∧ INTERACT) (before exit)",0.8
7,reacquire,3,0.0,False,"[g0_must_visit_0_1_counter] OBLIGED: after start, eventually (at(0,1) ∧ INTERACT) (before exit)",0.9425977690981221,"[g0_must_visit_0_1_counter] OBLIGED: after start, eventually (at(0,1) ∧ INTERACT) (before exit)",0.8
7,reacquire,4,0.0,False,"[g0_must_visit_0_1_counter] OBLIGED: after start, eventually (at(0,1) ∧ INTERACT) (before exit)",0.9425806076282887,"[g0_must_visit_0_1_counter] OBLIGED: after start, eventually (at(0,1) ∧ INTERACT) (before exit)",0.8
7,reacquire,5,0.0,False,"[g0_must_visit_0_1_counter] OBLIGED: after start, eventually (at(0,1) ∧ INTERACT) (before exit)",0.9425477123930335,"[g0_must_visit_0_1_counter] OBLIGED: after start, eventually (at(0,1) ∧ INTERACT) (before exit)",0.8
7,reacquire,6,0.0,False,"[g0_must_visit_0_1_counter] OBLIGED: after start, eventually (at(0,1) ∧ INTERACT) (before exit)",0.942513538462086,"[g0_must_visit_0_1_counter] OBLIGED: after start, eventually (at(0,1) ∧ INTERACT) (before exit)",0.8
7,reacquire,7,0.0,False,"[g0_must_visit_0_1_counter] OBLIGED: after start, eventually (at(0,1) ∧ INTERACT) (before exit)",0.942488982514464,"[g0_must_visit_0_1_counter] OBLIGED: after start, eventually (at(0,1) ∧ INTERACT) (before exit)",0.8
7,reacquire,8,0.0,False,"[g0_must_visit_0_1_counter] OBLIGED: after start, eventually (at(0,1) ∧ INTERACT) (before exit)",0.9424657839244192,"[g0_must_visit_0_1_counter] OBLIGED: after start, eventually (at(0,1) ∧ INTERACT) (before exit)",0.8
8,diagnostic,0,0.022348439942620354,True,"[g0_no_east_from_5_2] FORBIDDEN: (at(5,2) ∧ E)",0.1352001830324582,"[g0_no_east_from_5_2] FORBIDDEN: (at(5,2) ∧ E)",0.6
8,diagnostic,1,0.9999515590247645,True,"[g0_must_visit_counter_0_1] OBLIGED: after start, eventually (at(0,1) ∧ INTERACT) (before exit)",4.844021347052956e-05,"[g1_return_cart_to_corral] OBLIGED: after take_cart, eventually return_cart_to_corral (before exit)  where cart_corral := at(0,1); cart_parked_in_corral := cartAt(0,1); with_cart := hasCart; return_cart_to_corral := (with_cart ∧ cart_corral ∧ LEAVE_CART) · cart_parked_in_corral; take_cart := PICKUP_CART · hasCart",1.0
8,diagnostic,2,0.999999999988141,True,"[g0_must_visit_counter_0_1] OBLIGED: after start, eventually (at(0,1) ∧ INTERACT) (before exit)",1.1859023686610932e-11,"[g1_return_cart_to_corral] OBLIGED: after take_cart, eventually return_cart_to_corral (before exit)  where cart_corral := at(0,1); cart_parked_in_corral := cartAt(0,1); with_cart := hasCart; return_cart_to_corral := (with_cart ∧ cart_corral ∧ LEAVE_CART) · cart_parked_in_corral; take_cart := PICKUP_CART · hasCart",1.0
8,diagnostic,3,1.0000000000000004,True,"[g0_must_visit_counter_0_1] OBLIGED: after start, eventually (at(0,1) ∧ INTERACT) (before exit)",1.6151639884547896e-16,"[g1_return_cart_to_corral] OBLIGED: after take_cart, eventually return_cart_to_corral (before exit)  where cart_corral := at(0,1); cart_parked_in_corral := cartAt(0,1); with_cart := hasCart; return_cart_to_corral := (with_cart ∧ cart_corral ∧ LEAVE_CART) · cart_parked_in_corral; take_cart := PICKUP_CART · hasCart",1.0
8,diagnostic,4,0.9999999999999982,True,"[g0_must_visit_counter_0_1] OBLIGED: after start, eventually (at(0,1) ∧ INTERACT) (before exit)",3.101351178479392e-23,"[g1_return_cart_to_corral] OBLIGED: after take_cart, eventually return_cart_to_corral (before exit)  where cart_corral := at(0,1); cart_parked_in_corral := cartAt(0,1); with_cart := hasCart; return_cart_to_corral := (with_cart ∧ cart_corral ∧ LEAVE_CART) · cart_parked_in_corral; take_cart := PICKUP_CART · hasCart",1.0
8,diagnostic,5,0.9999999999999978,True,"[g0_must_visit_counter_0_1] OBLIGED: after start, eventually (at(0,1) ∧ INTERACT) (before exit)",2.554747772190052e-25,"[g1_return_cart_to_corral] OBLIGED: after take_cart, eventually return_cart_to_corral (before exit)  where cart_corral := at(0,1); cart_parked_in_corral := cartAt(0,1); with_cart := hasCart; return_cart_to_corral := (with_cart ∧ cart_corral ∧ LEAVE_CART) · cart_parked_in_corral; take_cart := PICKUP_CART · hasCart",1.0
8,diagnostic,6,0.9999999999999973,True,"[g0_must_visit_counter_0_1] OBLIGED: after start, eventually (at(0,1) ∧ INTERACT) (before exit)",1.286381795161563e-27,"[g1_return_cart_to_corral] OBLIGED: after take_cart, eventually return_cart_to_corral (before exit)  where cart_corral := at(0,1); cart_parked_in_corral := cartAt(0,1); with_cart := hasCart; return_cart_to_corral := (with_cart ∧ cart_corral ∧ LEAVE_CART) · cart_parked_in_corral; take_cart := PICKUP_CART · hasCart",1.0
8,diagnostic,7,1.0000000000000049,True,"[g0_must_visit_counter_0_1] OBLIGED: after start, eventually (at(0,1) ∧ INTERACT) (before exit)",9.65070640350729e-33,"[g1_return_cart_to_corral] OBLIGED: after take_cart, eventually return_cart_to_corral (before exit)  where cart_corral := at(0,1); cart_parked_in_corral := cartAt(0,1); with_cart := hasCart; return_cart_to_corral := (with_cart ∧ cart_corral ∧ LEAVE_CART) · cart_parked_in_corral; take_cart := PICKUP_CART · hasCart",1.0
8,diagnostic,8,1.0000000000000062,True,"[g0_must_visit_counter_0_1] OBLIGED: after start, eventually (at(0,1) ∧ INTERACT) (before exit)",2.633580081188369e-39,"[g1_return_cart_to_corral] OBLIGED: after take_cart, eventually return_cart_to_corral (before exit)  where cart_corral := at(0,1); cart_parked_in_corral := cartAt(0,1); with_cart := hasCart; return_cart_to_corral := (with_cart ∧ cart_corral ∧ LEAVE_CART) · cart_parked_in_corral; take_cart := PICKUP_CART · hasCart",1.0
8,control,0,0.022348439942620354,True,"[g0_no_east_from_5_2] FORBIDDEN: (at(5,2) ∧ E)",0.1352001830324582,"[g0_no_east_from_5_2] FORBIDDEN: (at(5,2) ∧ E)",0.6
8,control,1,0.9999515590247645,True,"[g0_must_visit_counter_0_1] OBLIGED: after start, eventually (at(0,1) ∧ INTERACT) (before exit)",4.844021347052956e-05,"[g1_return_cart_to_corral] OBLIGED: after take_cart, eventually return_cart_to_corral (before exit)  where cart_corral := at(0,1); cart_parked_in_corral := cartAt(0,1); with_cart := hasCart; return_cart_to_corral := (with_cart ∧ cart_corral ∧ LEAVE_CART) · cart_parked_in_corral; take_cart := PICKUP_CART · hasCart",1.0
8,control,2,0.999999999988141,True,"[g0_must_visit_counter_0_1] OBLIGED: after start, eventually (at(0,1) ∧ INTERACT) (before exit)",1.1859023686610932e-11,"[g1_return_cart_to_corral] OBLIGED: after take_cart, eventually return_cart_to_corral (before exit)  where cart_corral := at(0,1); cart_parked_in_corral := cartAt(0,1); with_cart := hasCart; return_cart_to_corral := (with_cart ∧ cart_corral ∧ LEAVE_CART) · cart_parked_in_corral; take_cart := PICKUP_CART · hasCart",1.0
8,control,3,1.0000000000000004,True,"[g0_must_visit_counter_0_1] OBLIGED: after start, eventually (at(0,1) ∧ INTERACT) (before exit)",1.6151639884547896e-16,"[g1_return_cart_to_corral] OBLIGED: after take_cart, eventually return_cart_to_corral (before exit)  where cart_corral := at(0,1); cart_parked_in_corral := cartAt(0,1); with_cart := hasCart; return_cart_to_corral := (with_cart ∧ cart_corral ∧ LEAVE_CART) · cart_parked_in_corral; take_cart := PICKUP_CART · hasCart",1.0
8,control,4,0.9999999999999982,True,"[g0_must_visit_counter_0_1] OBLIGED: after start, eventually (at(0,1) ∧ INTERACT) (before exit)",3.101351178479392e-23,"[g1_return_cart_to_corral] OBLIGED: after take_cart, eventually return_cart_to_corral (before exit)  where cart_corral := at(0,1); cart_parked_in_corral := cartAt(0,1); with_cart := hasCart; return_cart_to_corral := (with_cart ∧ cart_corral ∧ LEAVE_CART) · cart_parked_in_corral; take_cart := PICKUP_CART · hasCart",1.0
8,control,5,0.9999999999999978,True,"[g0_must_visit_counter_0_1] OBLIGED: after start, eventually (at(0,1) ∧ INTERACT) (before exit)",2.554747772190052e-25,"[g1_return_cart_to_corral] OBLIGED: after take_cart, eventually return_cart_to_corral (before exit)  where cart_corral := at(0,1); cart_parked_in_corral := cartAt(0,1); with_cart := hasCart; return_cart_to_corral := (with_cart ∧ cart_corral ∧ LEAVE_CART) · cart_parked_in_corral; take_cart := PICKUP_CART · hasCart",1.0
8,control,6,0.9999999999999956,True,"[g0_must_visit_counter_0_1] OBLIGED: after start, eventually (at(0,1) ∧ INTERACT) (before exit)",2.5594998940516456e-30,"[g1_return_cart_to_corral] OBLIGED: after take_cart, eventually return_cart_to_corral (before exit)  where cart_corral := at(0,1); cart_parked_in_corral := cartAt(0,1); with_cart := hasCart; return_cart_to_corral := (with_cart ∧ cart_corral ∧ LEAVE_CART) · cart_parked_in_corral; take_cart := PICKUP_CART · hasCart",1.0
8,control,7,0.9999999999999969,True,"[g0_must_visit_counter_0_1] OBLIGED: after start, eventually (at(0,1) ∧ INTERACT) (before exit)",7.482988593825376e-37,"[g1_return_cart_to_corral] OBLIGED: after take_cart, eventually return_cart_to_corral (before exit)  where cart_corral := at(0,1); cart_parked_in_corral := cartAt(0,1); with_cart := hasCart; return_cart_to_corral := (with_cart ∧ cart_corral ∧ LEAVE_CART) · cart_parked_in_corral; take_cart := PICKUP_CART · hasCart",1.0
8,control,8,0.9999999999999929,True,"[g0_must_visit_counter_0_1] OBLIGED: after start, eventually (at(0,1) ∧ INTERACT) (before exit)",1.0806252615742645e-43,"[g1_return_cart_to_corral] OBLIGED: after take_cart, eventually return_cart_to_corral (before exit)  where cart_corral := at(0,1); cart_parked_in_corral := cartAt(0,1); with_cart := hasCart; return_cart_to_corral := (with_cart ∧ cart_corral ∧ LEAVE_CART) · cart_parked_in_corral; take_cart := PICKUP_CART · hasCart",1.0
8,reacquire,0,0.022348439942620354,True,"[g0_no_east_from_5_2] FORBIDDEN: (at(5,2) ∧ E)",0.1352001830324582,"[g0_no_east_from_5_2] FORBIDDEN: (at(5,2) ∧ E)",0.6
8,reacquire,1,0.9999515590247645,True,"[g0_must_visit_counter_0_1] OBLIGED: after start, eventually (at(0,1) ∧ INTERACT) (before exit)",4.844021347052956e-05,"[g1_return_cart_to_corral] OBLIGED: after take_cart, eventually return_cart_to_corral (before exit)  where cart_corral := at(0,1); cart_parked_in_corral := cartAt(0,1); with_cart := hasCart; return_cart_to_corral := (with_cart ∧ cart_corral ∧ LEAVE_CART) · cart_parked_in_corral; take_cart := PICKUP_CART · hasCart",1.0
8,reacquire,2,0.999999999988141,True,"[g0_must_visit_counter_0_1] OBLIGED: after start, eventually (at(0,1) ∧ INTERACT) (before exit)",1.1859023686610932e-11,"[g1_return_cart_to_corral] OBLIGED: after take_cart, eventually return_cart_to_corral (before exit)  where cart_corral := at(0,1); cart_parked_in_corral := cartAt(0,1); with_cart := hasCart; return_cart_to_corral := (with_cart ∧ cart_corral ∧ LEAVE_CART) · cart_parked_in_corral; take_cart := PICKUP_CART · hasCart",1.0
8,reacquire,3,1.0000000000000004,True,"[g0_must_visit_counter_0_1] OBLIGED: after start, eventually (at(0,1) ∧ INTERACT) (before exit)",1.6151639884547896e-16,"[g1_return_cart_to_corral] OBLIGED: after take_cart, eventually return_cart_to_corral (before exit)  where cart_corral := at(0,1); cart_parked_in_corral := cartAt(0,1); with_cart := hasCart; return_cart_to_corral := (with_cart ∧ cart_corral ∧ LEAVE_CART) · cart_parked_in_corral; take_cart := PICKUP_CART · hasCart",1.0
8,reacquire,4,0.9999999999999982,True,"[g0_must_visit_counter_0_1] OBLIGED: after start, eventually (at(0,1) ∧ INTERACT) (before exit)",3.101351178479392e-23,"[g1_return_cart_to_corral] OBLIGED: after take_cart, eventually return_cart_to_corral (before exit)  where cart_corral := at(0,1); cart_parked_in_corral := cartAt(0,1); with_cart := hasCart; return_cart_to_corral := (with_cart ∧ cart_corral ∧ LEAVE_CART) · cart_parked_in_corral; take_cart := PICKUP_CART · hasCart",1.0
8,reacquire,5,0.9999999999999978,True,"[g0_must_visit_counter_0_1] OBLIGED: after start, eventually (at(0,1) ∧ INTERACT) (before exit)",2.554747772190052e-25,"[g1_return_cart_to_corral] OBLIGED: after take_cart, eventually return_cart_to_corral (before exit)  where cart_corral := at(0,1); cart_parked_in_corral := cartAt(0,1); with_cart := hasCart; return_cart_to_corral := (with_cart ∧ cart_corral ∧ LEAVE_CART) · cart_parked_in_corral; take_cart := PICKUP_CART · hasCart",1.0
8,reacquire,6,1.0000000000000036,True,"[g0_must_visit_counter_0_1] OBLIGED: after start, eventually (at(0,1) ∧ INTERACT) (before exit)",1.8436977835148567e-30,"[g1_return_cart_to_corral] OBLIGED: after take_cart, eventually return_cart_to_corral (before exit)  where cart_corral := at(0,1); cart_parked_in_corral := cartAt(0,1); with_cart := hasCart; return_cart_to_corral := (with_cart ∧ cart_corral ∧ LEAVE_CART) · cart_parked_in_corral; take_cart := PICKUP_CART · hasCart",1.0
8,reacquire,7,1.0000000000000027,True,"[g0_must_visit_counter_0_1] OBLIGED: after start, eventually (at(0,1) ∧ INTERACT) (before exit)",1.848738378637534e-35,"[g1_return_cart_to_corral] OBLIGED: after take_cart, eventually return_cart_to_corral (before exit)  where cart_corral := at(0,1); cart_parked_in_corral := cartAt(0,1); with_cart := hasCart; return_cart_to_corral := (with_cart ∧ cart_corral ∧ LEAVE_CART) · cart_parked_in_corral; take_cart := PICKUP_CART · hasCart",1.0
8,reacquire,8,1.0000000000000062,True,"[g0_must_visit_counter_0_1] OBLIGED: after start, eventually (at(0,1) ∧ INTERACT) (before exit)",5.405439096042924e-42,"[g1_return_cart_to_corral] OBLIGED: after take_cart, eventually return_cart_to_corral (before exit)  where cart_corral := at(0,1); cart_parked_in_corral := cartAt(0,1); with_cart := hasCart; return_cart_to_corral := (with_cart ∧ cart_corral ∧ LEAVE_CART) · cart_parked_in_corral; take_cart := PICKUP_CART · hasCart",1.0
9,diagnostic,0,0.03265798477960991,True,"[g0_front_desk_interaction_required] OBLIGED: after start, eventually (at(0,1) ∧ INTERACT) (before exit)",0.10842832792925548,"[g0_front_desk_interaction_required] OBLIGED: after start, eventually (at(0,1) ∧ INTERACT) (before exit)",0.8
9,diagnostic,1,0.9984750478677709,True,"[g0_south_only_left_column] FORBIDDEN: (S ∧ ¬(at(0,0) ∨ at(0,1) ∨ at(0,2) ∨ at(0,3) ∨ at(0,4) ∨ at(0,5)))",0.0014925052933245787,"[g1_return_cart_to_front_bay] OBLIGED: after take_cart, eventually return_cart_to_front_bay (before exit)  where cart_parked_in_front_return_bay := cartAt(0,1); front_return_bay := at(0,1); return_cart_to_front_bay := (LEAVE_CART ∧ front_return_bay) · cart_parked_in_front_return_bay; take_cart := PICKUP_CART · hasCart",1.0
9,diagnostic,2,0.9999985857827499,True,"[g0_south_only_left_column] FORBIDDEN: (S ∧ ¬(at(0,0) ∨ at(0,1) ∨ at(0,2) ∨ at(0,3) ∨ at(0,4) ∨ at(0,5)))",1.4142092994647766e-06,"[g1_return_cart_to_front_bay] OBLIGED: after take_cart, eventually return_cart_to_front_bay (before exit)  where cart_parked_in_front_return_bay := cartAt(0,1); front_return_bay := at(0,1); return_cart_to_front_bay := (LEAVE_CART ∧ front_return_bay) · cart_parked_in_front_return_bay; take_cart := PICKUP_CART · hasCart",1.0
9,diagnostic,3,0.9999999983603352,True,"[g0_south_only_left_column] FORBIDDEN: (S ∧ ¬(at(0,0) ∨ at(0,1) ∨ at(0,2) ∨ at(0,3) ∨ at(0,4) ∨ at(0,5)))",1.6396671862650974e-09,"[g1_return_cart_to_front_bay] OBLIGED: after take_cart, eventually return_cart_to_front_bay (before exit)  where cart_parked_in_front_return_bay := cartAt(0,1); front_return_bay := at(0,1); return_cart_to_front_bay := (LEAVE_CART ∧ front_return_bay) · cart_parked_in_front_return_bay; take_cart := PICKUP_CART · hasCart",1.0
9,diagnostic,4,0.999999999998539,True,"[g0_south_only_left_column] FORBIDDEN: (S ∧ ¬(at(0,0) ∨ at(0,1) ∨ at(0,2) ∨ at(0,3) ∨ at(0,4) ∨ at(0,5)))",1.4602762660914225e-12,"[g1_return_cart_to_front_bay] OBLIGED: after take_cart, eventually return_cart_to_front_bay (before exit)  where cart_parked_in_front_return_bay := cartAt(0,1); front_return_bay := at(0,1); return_cart_to_front_bay := (LEAVE_CART ∧ front_return_bay) · cart_parked_in_front_return_bay; take_cart := PICKUP_CART · hasCart",1.0
9,diagnostic,5,0.9999999999999978,True,"[g0_south_only_left_column] FORBIDDEN: (S ∧ ¬(at(0,0) ∨ at(0,1) ∨ at(0,2) ∨ at(0,3) ∨ at(0,4) ∨ at(0,5)))",1.3009999919761585e-15,"[g1_return_cart_to_front_bay] OBLIGED: after take_cart, eventually return_cart_to_front_bay (before exit)  where cart_parked_in_front_return_bay := cartAt(0,1); front_return_bay := at(0,1); return_cart_to_front_bay := (LEAVE_CART ∧ front_return_bay) · cart_parked_in_front_return_bay; take_cart := PICKUP_CART · hasCart",1.0
9,diagnostic,6,0.9999999999999973,True,"[g0_front_desk_interaction_required] OBLIGED: after start, eventually (at(0,1) ∧ INTERACT) (before exit)",8.622875041521146e-28,"[g1_return_cart_to_front_bay] OBLIGED: after take_cart, eventually return_cart_to_front_bay (before exit)  where cart_parked_in_front_return_bay := cartAt(0,1); front_return_bay := at(0,1); return_cart_to_front_bay := (LEAVE_CART ∧ front_return_bay) · cart_parked_in_front_return_bay; take_cart := PICKUP_CART · hasCart",1.0
9,diagnostic,7,1.0000000000000049,True,"[g0_front_desk_interaction_required] OBLIGED: after start, eventually (at(0,1) ∧ INTERACT) (before exit)",6.469061960675501e-33,"[g1_return_cart_to_front_bay] OBLIGED: after take_cart, eventually return_cart_to_front_bay (before exit)  where cart_parked_in_front_return_bay := cartAt(0,1); front_return_bay := at(0,1); return_cart_to_front_bay := (LEAVE_CART ∧ front_return_bay) · cart_parked_in_front_return_bay; take_cart := PICKUP_CART · hasCart",1.0
9,diagnostic,8,1.0000000000000062,True,"[g0_front_desk_interaction_required] OBLIGED: after start, eventually (at(0,1) ∧ INTERACT) (before exit)",1.7653415212607454e-39,"[g1_return_cart_to_front_bay] OBLIGED: after take_cart, eventually return_cart_to_front_bay (before exit)  where cart_parked_in_front_return_bay := cartAt(0,1); front_return_bay := at(0,1); return_cart_to_front_bay := (LEAVE_CART ∧ front_return_bay) · cart_parked_in_front_return_bay; take_cart := PICKUP_CART · hasCart",1.0
9,control,0,0.03265798477960991,True,"[g0_front_desk_interaction_required] OBLIGED: after start, eventually (at(0,1) ∧ INTERACT) (before exit)",0.10842832792925548,"[g0_front_desk_interaction_required] OBLIGED: after start, eventually (at(0,1) ∧ INTERACT) (before exit)",0.8
9,control,1,0.9984750478677709,True,"[g0_south_only_left_column] FORBIDDEN: (S ∧ ¬(at(0,0) ∨ at(0,1) ∨ at(0,2) ∨ at(0,3) ∨ at(0,4) ∨ at(0,5)))",0.0014925052933245787,"[g1_return_cart_to_front_bay] OBLIGED: after take_cart, eventually return_cart_to_front_bay (before exit)  where cart_parked_in_front_return_bay := cartAt(0,1); front_return_bay := at(0,1); return_cart_to_front_bay := (LEAVE_CART ∧ front_return_bay) · cart_parked_in_front_return_bay; take_cart := PICKUP_CART · hasCart",1.0
9,control,2,0.9999985857827499,True,"[g0_south_only_left_column] FORBIDDEN: (S ∧ ¬(at(0,0) ∨ at(0,1) ∨ at(0,2) ∨ at(0,3) ∨ at(0,4) ∨ at(0,5)))",1.4142092994647766e-06,"[g1_return_cart_to_front_bay] OBLIGED: after take_cart, eventually return_cart_to_front_bay (before exit)  where cart_parked_in_front_return_bay := cartAt(0,1); front_return_bay := at(0,1); return_cart_to_front_bay := (LEAVE_CART ∧ front_return_bay) · cart_parked_in_front_return_bay; take_cart := PICKUP_CART · hasCart",1.0
9,control,3,0.9999999983603352,True,"[g0_south_only_left_column] FORBIDDEN: (S ∧ ¬(at(0,0) ∨ at(0,1) ∨ at(0,2) ∨ at(0,3) ∨ at(0,4) ∨ at(0,5)))",1.6396671862650974e-09,"[g1_return_cart_to_front_bay] OBLIGED: after take_cart, eventually return_cart_to_front_bay (before exit)  where cart_parked_in_front_return_bay := cartAt(0,1); front_return_bay := at(0,1); return_cart_to_front_bay := (LEAVE_CART ∧ front_return_bay) · cart_parked_in_front_return_bay; take_cart := PICKUP_CART · hasCart",1.0
9,control,4,0.999999999998539,True,"[g0_south_only_left_column] FORBIDDEN: (S ∧ ¬(at(0,0) ∨ at(0,1) ∨ at(0,2) ∨ at(0,3) ∨ at(0,4) ∨ at(0,5)))",1.4602762660914225e-12,"[g1_return_cart_to_front_bay] OBLIGED: after take_cart, eventually return_cart_to_front_bay (before exit)  where cart_parked_in_front_return_bay := cartAt(0,1); front_return_bay := at(0,1); return_cart_to_front_bay := (LEAVE_CART ∧ front_return_bay) · cart_parked_in_front_return_bay; take_cart := PICKUP_CART · hasCart",1.0
9,control,5,0.9999999999999978,True,"[g0_south_only_left_column] FORBIDDEN: (S ∧ ¬(at(0,0) ∨ at(0,1) ∨ at(0,2) ∨ at(0,3) ∨ at(0,4) ∨ at(0,5)))",1.3009999919761585e-15,"[g1_return_cart_to_front_bay] OBLIGED: after take_cart, eventually return_cart_to_front_bay (before exit)  where cart_parked_in_front_return_bay := cartAt(0,1); front_return_bay := at(0,1); return_cart_to_front_bay := (LEAVE_CART ∧ front_return_bay) · cart_parked_in_front_return_bay; take_cart := PICKUP_CART · hasCart",1.0
9,control,6,0.9999999999999956,True,"[g0_south_only_left_column] FORBIDDEN: (S ∧ ¬(at(0,0) ∨ at(0,1) ∨ at(0,2) ∨ at(0,3) ∨ at(0,4) ∨ at(0,5)))",9.289497152546425e-19,"[g1_return_cart_to_front_bay] OBLIGED: after take_cart, eventually return_cart_to_front_bay (before exit)  where cart_parked_in_front_return_bay := cartAt(0,1); front_return_bay := at(0,1); return_cart_to_front_bay := (LEAVE_CART ∧ front_return_bay) · cart_parked_in_front_return_bay; take_cart := PICKUP_CART · hasCart",1.0
9,control,7,0.9999999999999969,True,"[g0_south_only_left_column] FORBIDDEN: (S ∧ ¬(at(0,0) ∨ at(0,1) ∨ at(0,2) ∨ at(0,3) ∨ at(0,4) ∨ at(0,5)))",1.3901928745584079e-21,"[g1_return_cart_to_front_bay] OBLIGED: after take_cart, eventually return_cart_to_front_bay (before exit)  where cart_parked_in_front_return_bay := cartAt(0,1); front_return_bay := at(0,1); return_cart_to_front_bay := (LEAVE_CART ∧ front_return_bay) · cart_parked_in_front_return_bay; take_cart := PICKUP_CART · hasCart",1.0
9,control,8,1.000000000000007,True,"[g0_south_only_left_column] FORBIDDEN: (S ∧ ¬(at(0,0) ∨ at(0,1) ∨ at(0,2) ∨ at(0,3) ∨ at(0,4) ∨ at(0,5)))",2.159578636106217e-24,"[g1_return_cart_to_front_bay] OBLIGED: after take_cart, eventually return_cart_to_front_bay (before exit)  where cart_parked_in_front_return_bay := cartAt(0,1); front_return_bay := at(0,1); return_cart_to_front_bay := (LEAVE_CART ∧ front_return_bay) · cart_parked_in_front_return_bay; take_cart := PICKUP_CART · hasCart",1.0
9,reacquire,0,0.03265798477960991,True,"[g0_front_desk_interaction_required] OBLIGED: after start, eventually (at(0,1) ∧ INTERACT) (before exit)",0.10842832792925548,"[g0_front_desk_interaction_required] OBLIGED: after start, eventually (at(0,1) ∧ INTERACT) (before exit)",0.8
9,reacquire,1,0.9984750478677709,True,"[g0_south_only_left_column] FORBIDDEN: (S ∧ ¬(at(0,0) ∨ at(0,1) ∨ at(0,2) ∨ at(0,3) ∨ at(0,4) ∨ at(0,5)))",0.0014925052933245787,"[g1_return_cart_to_front_bay] OBLIGED: after take_cart, eventually return_cart_to_front_bay (before exit)  where cart_parked_in_front_return_bay := cartAt(0,1); front_return_bay := at(0,1); return_cart_to_front_bay := (LEAVE_CART ∧ front_return_bay) · cart_parked_in_front_return_bay; take_cart := PICKUP_CART · hasCart",1.0
9,reacquire,2,0.9999985857827499,True,"[g0_south_only_left_column] FORBIDDEN: (S ∧ ¬(at(0,0) ∨ at(0,1) ∨ at(0,2) ∨ at(0,3) ∨ at(0,4) ∨ at(0,5)))",1.4142092994647766e-06,"[g1_return_cart_to_front_bay] OBLIGED: after take_cart, eventually return_cart_to_front_bay (before exit)  where cart_parked_in_front_return_bay := cartAt(0,1); front_return_bay := at(0,1); return_cart_to_front_bay := (LEAVE_CART ∧ front_return_bay) · cart_parked_in_front_return_bay; take_cart := PICKUP_CART · hasCart",1.0
9,reacquire,3,0.9999999983603352,True,"[g0_south_only_left_column] FORBIDDEN: (S ∧ ¬(at(0,0) ∨ at(0,1) ∨ at(0,2) ∨ at(0,3) ∨ at(0,4) ∨ at(0,5)))",1.6396671862650974e-09,"[g1_return_cart_to_front_bay] OBLIGED: after take_cart, eventually return_cart_to_front_bay (before exit)  where cart_parked_in_front_return_bay := cartAt(0,1); front_return_bay := at(0,1); return_cart_to_front_bay := (LEAVE_CART ∧ front_return_bay) · cart_parked_in_front_return_bay; take_cart := PICKUP_CART · hasCart",1.0
9,reacquire,4,0.999999999998539,True,"[g0_south_only_left_column] FORBIDDEN: (S ∧ ¬(at(0,0) ∨ at(0,1) ∨ at(0,2) ∨ at(0,3) ∨ at(0,4) ∨ at(0,5)))",1.4602762660914225e-12,"[g1_return_cart_to_front_bay] OBLIGED: after take_cart, eventually return_cart_to_front_bay (before exit)  where cart_parked_in_front_return_bay := cartAt(0,1); front_return_bay := at(0,1); return_cart_to_front_bay := (LEAVE_CART ∧ front_return_bay) · cart_parked_in_front_return_bay; take_cart := PICKUP_CART · hasCart",1.0
9,reacquire,5,0.9999999999999978,True,"[g0_south_only_left_column] FORBIDDEN: (S ∧ ¬(at(0,0) ∨ at(0,1) ∨ at(0,2) ∨ at(0,3) ∨ at(0,4) ∨ at(0,5)))",1.3009999919761585e-15,"[g1_return_cart_to_front_bay] OBLIGED: after take_cart, eventually return_cart_to_front_bay (before exit)  where cart_parked_in_front_return_bay := cartAt(0,1); front_return_bay := at(0,1); return_cart_to_front_bay := (LEAVE_CART ∧ front_return_bay) · cart_parked_in_front_return_bay; take_cart := PICKUP_CART · hasCart",1.0
9,reacquire,6,1.0000000000000036,True,"[g0_south_only_left_column] FORBIDDEN: (S ∧ ¬(at(0,0) ∨ at(0,1) ∨ at(0,2) ∨ at(0,3) ∨ at(0,4) ∨ at(0,5)))",1.6000502307524968e-18,"[g1_return_cart_to_front_bay] OBLIGED: after take_cart, eventually return_cart_to_front_bay (before exit)  where cart_parked_in_front_return_bay := cartAt(0,1); front_return_bay := at(0,1); return_cart_to_front_bay := (LEAVE_CART ∧ front_return_bay) · cart_parked_in_front_return_bay; take_cart := PICKUP_CART · hasCart",1.0
9,reacquire,7,1.0000000000000027,True,"[g0_south_only_left_column] FORBIDDEN: (S ∧ ¬(at(0,0) ∨ at(0,1) ∨ at(0,2) ∨ at(0,3) ∨ at(0,4) ∨ at(0,5)))",1.142475104663174e-21,"[g1_return_cart_to_front_bay] OBLIGED: after take_cart, eventually return_cart_to_front_bay (before exit)  where cart_parked_in_front_return_bay := cartAt(0,1); front_return_bay := at(0,1); return_cart_to_front_bay := (LEAVE_CART ∧ front_return_bay) · cart_parked_in_front_return_bay; take_cart := PICKUP_CART · hasCart",1.0
9,reacquire,8,1.0000000000000062,True,"[g0_south_only_left_column] FORBIDDEN: (S ∧ ¬(at(0,0) ∨ at(0,1) ∨ at(0,2) ∨ at(0,3) ∨ at(0,4) ∨ at(0,5)))",1.709787857680316e-24,"[g1_return_cart_to_front_bay] OBLIGED: after take_cart, eventually return_cart_to_front_bay (before exit)  where cart_parked_in_front_return_bay := cartAt(0,1); front_return_bay := at(0,1); return_cart_to_front_bay := (LEAVE_CART ∧ front_return_bay) · cart_parked_in_front_return_bay; take_cart := PICKUP_CART · hasCart",1.0
