domain,noise_type,rate,seed,dataset_seed,method,accuracy,violation_f1,unseen_accuracy,precision,recall,map_id,map_is_intended,map_equivalent_on_heldout,P_intended,map_posterior,n_refinements,refinement_points,n_hypotheses,n_hypotheses_generated,posterior_entropy,runtime_s,n_demos,n_corrupted,corrupted_positions,violation_types,n_true_violating_demos,n_constraints,constraints
cart,none,0.0,0,2390369211,full,1.0,1.0,,1.0,1.0,H_int,True,True,0.6640019163766463,0.6640019163766463,1,[3],11,11,0.6404305980848337,0.9747335910797119,20,0,[],[],0,,
cart,behavioural,0.05,0,2390369211,full,1.0,1.0,,1.0,1.0,H_int,True,True,0.6640019163766481,0.6640019163766481,1,[3],11,11,0.6404305980848324,0.9257259368896484,20,1,[1],[],0,,
cart,behavioural,0.1,0,2390369211,full,1.0,1.0,,1.0,1.0,H_int,True,True,0.6640019163766481,0.6640019163766481,2,"[3, 18]",11,17,0.6404305980848324,0.993300199508667,20,2,"[1, 18]",[],0,,
cart,behavioural,0.2,0,2390369211,full,1.0,1.0,,1.0,1.0,H_int,True,True,0.6640019163766495,0.6640019163766495,5,"[3, 4, 6, 12, 18]",11,35,0.6404305980848318,0.6264479160308838,20,4,"[1, 4, 12, 18]",[],0,,
cart,behavioural,0.3,0,2390369211,full,1.0,1.0,,1.0,1.0,H_int,True,True,0.664001916376652,0.664001916376652,3,"[4, 12, 13]",11,23,0.6404305980848305,0.6720404624938965,20,6,"[1, 2, 4, 12, 13, 18]",[],0,,
cart,violation,0.05,0,2390369211,full,0.8,0.8,,1.0,0.6666666666666666,A0_any_to_last,False,False,3.616043511557362e-16,0.9992416260140181,1,[3],11,11,0.006206498290791782,0.6993532180786133,20,1,[1],"[""reacquire""]",1,,
cart,violation,0.1,0,2390369211,full,0.8,0.8,,1.0,0.6666666666666666,A0_any_to_last,False,False,1.1528948838618292e-14,0.9989880728649635,1,[3],11,11,0.007989561991081712,0.7665195465087891,20,2,"[1, 18]","[""reacquire"", ""wrong_location""]",2,,
cart,violation,0.2,0,2390369211,full,0.8,0.8,,1.0,0.6666666666666666,A0_any_to_last,False,False,6.234551631502367e-28,0.9986345135787692,2,"[3, 6]",11,17,0.010371636099530616,0.8481545448303223,20,4,"[1, 4, 12, 18]","[""reacquire"", ""no_return"", ""reacquire"", ""wrong_location""]",4,,
cart,violation,0.3,0,2390369211,full,0.8,0.8,,1.0,0.6666666666666666,A0_any_to_last,False,False,4.4774488428681294e-41,0.9981580727943398,2,"[3, 6]",11,17,0.013438740183580704,1.0683751106262207,20,6,"[1, 2, 4, 12, 13, 18]","[""reacquire"", ""no_return"", ""no_return"", ""reacquire"", ""reacquire"", ""wrong_location""]",6,,
cart,none,0.0,0,2390369211,fixed,0.8,0.8,,1.0,0.6666666666666666,A0_any_to_last,False,False,,0.9999999999999973,0,[],5,5,2.664535259100372e-15,0.5777733325958252,20,0,[],[],0,,
cart,behavioural,0.05,0,2390369211,fixed,0.8,0.8,,1.0,0.6666666666666666,A0_any_to_last,False,False,,0.9999999999999898,0,[],5,5,1.0214051826551388e-14,0.8555045127868652,20,1,[1],[],0,,
cart,behavioural,0.1,0,2390369211,fixed,0.8,0.8,,1.0,0.6666666666666666,A0_any_to_last,False,False,,0.9999999999999885,0,[],5,5,1.154631945610156e-14,0.6875040531158447,20,2,"[1, 18]",[],0,,
cart,behavioural,0.2,0,2390369211,fixed,0.8,0.8,,1.0,0.6666666666666666,A0_any_to_last,False,False,,0.9999999999999991,0,[],5,5,8.881784197001248e-16,0.7424788475036621,20,4,"[1, 4, 12, 18]",[],0,,
cart,behavioural,0.3,0,2390369211,fixed,0.8,0.8,,1.0,0.6666666666666666,A0_any_to_last,False,False,,1.0000000000000009,0,[],5,5,-8.881784197001256e-16,0.883779764175415,20,6,"[1, 2, 4, 12, 13, 18]",[],0,,
cart,violation,0.05,0,2390369211,fixed,0.8,0.8,,1.0,0.6666666666666666,A0_any_to_last,False,False,,1.0000000000000018,0,[],5,5,-1.776356839400252e-15,0.5163297653198242,20,1,[1],"[""reacquire""]",1,,
cart,violation,0.1,0,2390369211,fixed,0.8,0.8,,1.0,0.6666666666666666,A0_any_to_last,False,False,,0.9999999999999902,0,[],5,5,9.769962616701329e-15,0.6812505722045898,20,2,"[1, 18]","[""reacquire"", ""wrong_location""]",2,,
cart,violation,0.2,0,2390369211,fixed,0.8,0.8,,1.0,0.6666666666666666,A0_any_to_last,False,False,,1.0000000000000084,0,[],5,5,-8.437694987151224e-15,0.638775110244751,20,4,"[1, 4, 12, 18]","[""reacquire"", ""no_return"", ""reacquire"", ""wrong_location""]",4,,
cart,violation,0.3,0,2390369211,fixed,0.8,0.8,,1.0,0.6666666666666666,A0_any_to_last,False,False,,0.9999999999999902,0,[],5,5,9.769962616701329e-15,0.8977651596069336,20,6,"[1, 2, 4, 12, 13, 18]","[""reacquire"", ""no_return"", ""no_return"", ""reacquire"", ""reacquire"", ""wrong_location""]",6,,
cart,none,0.0,0,2390369211,oracle,1.0,1.0,,1.0,1.0,H_int,True,True,0.6640019163766463,0.6640019163766463,0,[],11,11,0.6404305980848337,0.7609741687774658,20,0,[],[],0,,
cart,behavioural,0.05,0,2390369211,oracle,1.0,1.0,,1.0,1.0,H_int,True,True,0.6640019163766481,0.6640019163766481,0,[],11,11,0.6404305980848324,0.7476787567138672,20,1,[1],[],0,,
cart,behavioural,0.1,0,2390369211,oracle,1.0,1.0,,1.0,1.0,H_int,True,True,0.6640019163766481,0.6640019163766481,0,[],11,11,0.6404305980848324,0.785700798034668,20,2,"[1, 18]",[],0,,
cart,behavioural,0.2,0,2390369211,oracle,1.0,1.0,,1.0,1.0,H_int,True,True,0.6640019163766495,0.6640019163766495,0,[],11,11,0.6404305980848318,0.8537313938140869,20,4,"[1, 4, 12, 18]",[],0,,
cart,behavioural,0.3,0,2390369211,oracle,1.0,1.0,,1.0,1.0,H_int,True,True,0.664001916376652,0.664001916376652,0,[],11,11,0.6404305980848305,0.13012266159057617,20,6,"[1, 2, 4, 12, 13, 18]",[],0,,
cart,violation,0.05,0,2390369211,oracle,0.8,0.8,,1.0,0.6666666666666666,A0_any_to_last,False,False,3.616043511557362e-16,0.9992416260140181,0,[],11,11,0.006206498290791782,0.12160539627075195,20,1,[1],"[""reacquire""]",1,,
cart,violation,0.1,0,2390369211,oracle,0.8,0.8,,1.0,0.6666666666666666,A0_any_to_last,False,False,1.1528948838618292e-14,0.9989880728649635,0,[],11,11,0.007989561991081712,0.41321611404418945,20,2,"[1, 18]","[""reacquire"", ""wrong_location""]",2,,
cart,violation,0.2,0,2390369211,oracle,0.8,0.8,,1.0,0.6666666666666666,A0_any_to_last,False,False,6.234551631502367e-28,0.9986345135787692,0,[],11,11,0.010371636099530616,0.43300938606262207,20,4,"[1, 4, 12, 18]","[""reacquire"", ""no_return"", ""reacquire"", ""wrong_location""]",4,,
cart,violation,0.3,0,2390369211,oracle,0.8,0.8,,1.0,0.6666666666666666,A0_any_to_last,False,False,4.4774488428681294e-41,0.9981580727943398,0,[],11,11,0.013438740183580704,0.13967490196228027,20,6,"[1, 2, 4, 12, 13, 18]","[""reacquire"", ""no_return"", ""no_return"", ""reacquire"", ""reacquire"", ""wrong_location""]",6,,
cart,none,0.0,0,2390369211,mlci,0.8,0.8,,1.0,0.6666666666666666,,,,,,,,4,,,23.363988399505615,20,0,[],[],0,4,"[""FORBID at(6, 4) \u2227 E"", ""FORBID at(6, 4) \u2227 S"", ""FORBID at(5, 4) \u2227 S"", ""FORBID at(4, 5) \u2227 hasCart""]"
cart,behavioural,0.05,0,2390369211,mlci,0.8,0.8,,1.0,0.6666666666666666,,,,,,,,3,,,18.0494065284729,20,1,[1],[],0,3,"[""FORBID at(6, 4) \u2227 E"", ""FORBID at(6, 4) \u2227 S"", ""FORBID at(6, 5) \u2227 hasCart""]"
cart,behavioural,0.1,0,2390369211,mlci,0.8,0.8,,1.0,0.6666666666666666,,,,,,,,3,,,15.05083966255188,20,2,"[1, 18]",[],0,3,"[""FORBID at(6, 4) \u2227 E"", ""FORBID at(6, 4) \u2227 S"", ""FORBID at(6, 5) \u2227 hasCart""]"
cart,behavioural,0.2,0,2390369211,mlci,0.8,0.8,,1.0,0.6666666666666666,,,,,,,,3,,,15.098790645599365,20,4,"[1, 4, 12, 18]",[],0,3,"[""FORBID at(6, 4) \u2227 E"", ""FORBID at(6, 4) \u2227 S"", ""FORBID at(6, 5) \u2227 hasCart""]"
cart,behavioural,0.3,0,2390369211,mlci,0.8,0.8,,1.0,0.6666666666666666,,,,,,,,3,,,15.461671590805054,20,6,"[1, 2, 4, 12, 13, 18]",[],0,3,"[""FORBID at(6, 4) \u2227 E"", ""FORBID at(6, 4) \u2227 S"", ""FORBID at(6, 5) \u2227 hasCart""]"
cart,violation,0.05,0,2390369211,mlci,0.8,0.8,,1.0,0.6666666666666666,,,,,,,,4,,,21.958610773086548,20,1,[1],"[""reacquire""]",1,4,"[""FORBID at(6, 4) \u2227 E"", ""FORBID at(6, 4) \u2227 S"", ""FORBID at(5, 4) \u2227 S"", ""FORBID at(4, 5) \u2227 hasCart""]"
cart,violation,0.1,0,2390369211,mlci,0.9,0.9090909090909091,,1.0,0.8333333333333334,,,,,,,,2,,,10.916383504867554,20,2,"[1, 18]","[""reacquire"", ""wrong_location""]",2,2,"[""FORBID at(6, 4) \u2227 E"", ""FORBID at(7, 5) \u2227 hasCart""]"
cart,violation,0.2,0,2390369211,mlci,0.4,0.0,,0.0,0.0,,,,,,,,1,,,10.01845383644104,20,4,"[1, 4, 12, 18]","[""reacquire"", ""no_return"", ""reacquire"", ""wrong_location""]",4,1,"[""FORBID at(6, 4) \u2227 E""]"
cart,violation,0.3,0,2390369211,mlci,0.4,0.0,,0.0,0.0,,,,,,,,0,,,4.584561109542847,20,6,"[1, 2, 4, 12, 13, 18]","[""reacquire"", ""no_return"", ""no_return"", ""reacquire"", ""reacquire"", ""wrong_location""]",6,0,[]
cart,none,0.0,1,3780618526,full,0.8,0.8,,1.0,0.6666666666666666,A0_any_to_last,False,False,,0.9999999999999973,0,[],5,5,2.664535259100372e-15,0.1447596549987793,20,0,[],[],0,,
cart,behavioural,0.05,1,3780618526,full,0.8,0.8,,1.0,0.6666666666666666,A0_any_to_last,False,False,,0.9999999999999853,0,[],5,5,1.465494392505196e-14,0.10046648979187012,20,1,[1],[],0,,
cart,behavioural,0.1,1,3780618526,full,1.0,1.0,,1.0,1.0,H_int,True,True,0.663989517124797,0.663989517124797,1,[9],11,11,0.6404393452332598,0.20981693267822266,20,2,"[1, 9]",[],0,,
cart,behavioural,0.2,1,3780618526,full,1.0,1.0,,1.0,1.0,H_int,True,True,0.663989517124797,0.663989517124797,3,"[9, 16, 17]",11,23,0.6404393452332598,0.3035595417022705,20,4,"[1, 9, 16, 17]",[],0,,
cart,behavioural,0.3,1,3780618526,full,1.0,1.0,,1.0,1.0,H_int,True,True,0.663989517124797,0.663989517124797,5,"[9, 16, 17, 18, 19]",11,35,0.6404393452332598,0.21280145645141602,20,6,"[1, 9, 16, 17, 18, 19]",[],0,,
cart,violation,0.05,1,3780618526,full,0.8,0.8,,1.0,0.6666666666666666,A0_any_to_last,False,False,,0.999999999999996,0,[],5,5,3.996802888650556e-15,0.15949726104736328,20,1,[1],"[""reacquire""]",1,,
cart,violation,0.1,1,3780618526,full,0.8,0.8,,1.0,0.6666666666666666,A0_any_to_last,False,False,,0.9999999999999902,0,[],5,5,9.769962616701329e-15,0.18987464904785156,20,2,"[1, 9]","[""reacquire"", ""reacquire""]",2,,
cart,violation,0.2,1,3780618526,full,0.8,0.8,,1.0,0.6666666666666666,A0_any_to_last,False,False,,1.0000000000000087,0,[],5,5,-8.659739592076259e-15,0.20708584785461426,20,4,"[1, 9, 16, 17]","[""reacquire"", ""reacquire"", ""wrong_location"", ""no_return""]",4,,
cart,violation,0.3,1,3780618526,full,0.8,0.8,,1.0,0.6666666666666666,A0_any_to_last,False,False,,1.0000000000000058,0,[],5,5,-5.7731597280508306e-15,0.14284229278564453,20,6,"[1, 9, 16, 17, 18, 19]","[""reacquire"", ""reacquire"", ""wrong_location"", ""no_return"", ""no_return"", ""reacquire""]",6,,
cart,none,0.0,1,3780618526,fixed,0.8,0.8,,1.0,0.6666666666666666,A0_any_to_last,False,False,,0.9999999999999973,0,[],5,5,2.664535259100372e-15,0.06573677062988281,20,0,[],[],0,,
cart,behavioural,0.05,1,3780618526,fixed,0.8,0.8,,1.0,0.6666666666666666,A0_any_to_last,False,False,,0.9999999999999853,0,[],5,5,1.465494392505196e-14,0.06607198715209961,20,1,[1],[],0,,
cart,behavioural,0.1,1,3780618526,fixed,0.8,0.8,,1.0,0.6666666666666666,A0_any_to_last,False,False,,0.9999999999999867,0,[],5,5,1.3322676295501789e-14,0.06823587417602539,20,2,"[1, 9]",[],0,,
cart,behavioural,0.2,1,3780618526,fixed,0.8,0.8,,1.0,0.6666666666666666,A0_any_to_last,False,False,,0.9999999999999867,0,[],5,5,1.3322676295501789e-14,0.1815629005432129,20,4,"[1, 9, 16, 17]",[],0,,
cart,behavioural,0.3,1,3780618526,fixed,0.8,0.8,,1.0,0.6666666666666666,A0_any_to_last,False,False,,0.9999999999999867,0,[],5,5,1.3322676295501789e-14,0.06383633613586426,20,6,"[1, 9, 16, 17, 18, 19]",[],0,,
cart,violation,0.05,1,3780618526,fixed,0.8,0.8,,1.0,0.6666666666666666,A0_any_to_last,False,False,,0.999999999999996,0,[],5,5,3.996802888650556e-15,0.14316797256469727,20,1,[1],"[""reacquire""]",1,,
cart,violation,0.1,1,3780618526,fixed,0.8,0.8,,1.0,0.6666666666666666,A0_any_to_last,False,False,,0.9999999999999902,0,[],5,5,9.769962616701329e-15,0.17102718353271484,20,2,"[1, 9]","[""reacquire"", ""reacquire""]",2,,
cart,violation,0.2,1,3780618526,fixed,0.8,0.8,,1.0,0.6666666666666666,A0_any_to_last,False,False,,1.0000000000000087,0,[],5,5,-8.659739592076259e-15,0.14774036407470703,20,4,"[1, 9, 16, 17]","[""reacquire"", ""reacquire"", ""wrong_location"", ""no_return""]",4,,
cart,violation,0.3,1,3780618526,fixed,0.8,0.8,,1.0,0.6666666666666666,A0_any_to_last,False,False,,1.0000000000000058,0,[],5,5,-5.7731597280508306e-15,0.14760088920593262,20,6,"[1, 9, 16, 17, 18, 19]","[""reacquire"", ""reacquire"", ""wrong_location"", ""no_return"", ""no_return"", ""reacquire""]",6,,
cart,none,0.0,1,3780618526,oracle,1.0,1.0,,1.0,1.0,H_int,True,True,0.6639895171248129,0.6639895171248129,0,[],11,11,0.6404393452332517,0.20638537406921387,20,0,[],[],0,,
cart,behavioural,0.05,1,3780618526,oracle,1.0,1.0,,1.0,1.0,H_int,True,True,0.663989517124794,0.663989517124794,0,[],11,11,0.6404393452332615,0.21580100059509277,20,1,[1],[],0,,
cart,behavioural,0.1,1,3780618526,oracle,1.0,1.0,,1.0,1.0,H_int,True,True,0.663989517124797,0.663989517124797,0,[],11,11,0.6404393452332598,0.24247479438781738,20,2,"[1, 9]",[],0,,
cart,behavioural,0.2,1,3780618526,oracle,1.0,1.0,,1.0,1.0,H_int,True,True,0.663989517124797,0.663989517124797,0,[],11,11,0.6404393452332598,0.33360838890075684,20,4,"[1, 9, 16, 17]",[],0,,
cart,behavioural,0.3,1,3780618526,oracle,1.0,1.0,,1.0,1.0,H_int,True,True,0.663989517124797,0.663989517124797,0,[],11,11,0.6404393452332598,0.23949217796325684,20,6,"[1, 9, 16, 17, 18, 19]",[],0,,
cart,violation,0.05,1,3780618526,oracle,0.8,0.8,,1.0,0.6666666666666666,A0_any_to_last,False,False,2.8756415223002446e-16,0.9992415630774812,0,[],11,11,0.006206950397538061,0.27382516860961914,20,1,[1],"[""reacquire""]",1,,
cart,violation,0.1,1,3780618526,oracle,0.8,0.8,,1.0,0.6666666666666666,A0_any_to_last,False,False,1.181659017461469e-30,0.9992415554475471,0,[],11,11,0.006207005207088728,0.2600400447845459,20,2,"[1, 9]","[""reacquire"", ""reacquire""]",2,,
cart,violation,0.2,1,3780618526,oracle,0.8,0.8,,1.0,0.6666666666666666,A0_any_to_last,False,False,2.268941670715507e-28,0.9986355258440285,0,[],11,11,0.010364959957751475,0.11284756660461426,20,4,"[1, 9, 16, 17]","[""reacquire"", ""reacquire"", ""wrong_location"", ""no_return""]",4,,
cart,violation,0.3,1,3780618526,oracle,0.8,0.8,,1.0,0.6666666666666666,A0_any_to_last,False,False,1.9971233241353447e-41,0.9981543585085648,0,[],11,11,0.013462118231891711,0.2209491729736328,20,6,"[1, 9, 16, 17, 18, 19]","[""reacquire"", ""reacquire"", ""wrong_location"", ""no_return"", ""no_return"", ""reacquire""]",6,,
cart,none,0.0,1,3780618526,mlci,0.9,0.9090909090909091,,1.0,0.8333333333333334,,,,,,,,3,,,12.492023944854736,20,0,[],[],0,3,"[""FORBID at(6, 4) \u2227 E"", ""FORBID at(6, 4) \u2227 S"", ""FORBID at(7, 5) \u2227 hasCart""]"
cart,behavioural,0.05,1,3780618526,mlci,0.9,0.9090909090909091,,1.0,0.8333333333333334,,,,,,,,2,,,12.500774145126343,20,1,[1],[],0,2,"[""FORBID at(6, 4) \u2227 E"", ""FORBID at(7, 5) \u2227 hasCart""]"
cart,behavioural,0.1,1,3780618526,mlci,0.9,0.9090909090909091,,1.0,0.8333333333333334,,,,,,,,2,,,14.796866416931152,20,2,"[1, 9]",[],0,2,"[""FORBID at(6, 4) \u2227 E"", ""FORBID at(7, 5) \u2227 hasCart""]"
cart,behavioural,0.2,1,3780618526,mlci,0.9,0.9090909090909091,,1.0,0.8333333333333334,,,,,,,,2,,,11.74391794204712,20,4,"[1, 9, 16, 17]",[],0,2,"[""FORBID at(6, 4) \u2227 E"", ""FORBID at(7, 5) \u2227 hasCart""]"
cart,behavioural,0.3,1,3780618526,mlci,0.5,0.2857142857142857,,1.0,0.16666666666666666,,,,,,,,1,,,6.3887341022491455,20,6,"[1, 9, 16, 17, 18, 19]",[],0,1,"[""FORBID at(7, 4) \u2227 hasCart""]"
cart,violation,0.05,1,3780618526,mlci,0.9,0.9090909090909091,,1.0,0.8333333333333334,,,,,,,,3,,,15.745241403579712,20,1,[1],"[""reacquire""]",1,3,"[""FORBID at(6, 4) \u2227 E"", ""FORBID at(6, 4) \u2227 S"", ""FORBID at(7, 5) \u2227 hasCart""]"
cart,violation,0.1,1,3780618526,mlci,0.9,0.9090909090909091,,1.0,0.8333333333333334,,,,,,,,3,,,15.921338319778442,20,2,"[1, 9]","[""reacquire"", ""reacquire""]",2,3,"[""FORBID at(6, 4) \u2227 E"", ""FORBID at(6, 4) \u2227 S"", ""FORBID at(7, 5) \u2227 hasCart""]"
cart,violation,0.2,1,3780618526,mlci,0.5,0.2857142857142857,,1.0,0.16666666666666666,,,,,,,,1,,,9.966554164886475,20,4,"[1, 9, 16, 17]","[""reacquire"", ""reacquire"", ""wrong_location"", ""no_return""]",4,1,"[""FORBID at(7, 4) \u2227 hasCart""]"
cart,violation,0.3,1,3780618526,mlci,0.4,0.0,,0.0,0.0,,,,,,,,0,,,5.331676244735718,20,6,"[1, 9, 16, 17, 18, 19]","[""reacquire"", ""reacquire"", ""wrong_location"", ""no_return"", ""no_return"", ""reacquire""]",6,0,[]
cart,none,0.0,2,382059898,full,0.8,0.8,,1.0,0.6666666666666666,A0_any_to_last,False,False,,1.0000000000000093,0,[],5,5,-9.325873406851358e-15,0.13705134391784668,20,0,[],[],0,,
cart,behavioural,0.05,2,382059898,full,1.0,1.0,,1.0,1.0,H_int,True,True,0.6640188011503563,0.6640188011503563,1,[16],11,11,0.6404186879618354,0.19338488578796387,20,1,[16],[],0,,
cart,behavioural,0.1,2,382059898,full,1.0,1.0,,1.0,1.0,H_int,True,True,0.6640188011503557,0.6640188011503557,1,[16],11,11,0.6404186879618359,0.22007322311401367,20,2,"[1, 16]",[],0,,
cart,behavioural,0.2,2,382059898,full,1.0,1.0,,1.0,1.0,H_int,True,True,0.6640188011503522,0.6640188011503522,3,"[15, 16, 18]",11,23,0.6404186879618381,0.23592519760131836,20,4,"[1, 15, 16, 18]",[],0,,
cart,behavioural,0.3,2,382059898,full,1.0,1.0,,1.0,1.0,H_int,True,True,0.6640188011503522,0.6640188011503522,5,"[13, 15, 16, 18, 20]",11,35,0.6404186879618381,0.19440650939941406,20,6,"[1, 13, 15, 16, 18, 20]",[],0,,
cart,violation,0.05,2,382059898,full,1.0,1.0,,1.0,1.0,H_int,True,True,0.6344931558986284,0.6344931558986284,1,[16],11,11,0.6594413116924188,0.10148406028747559,20,1,[16],"[""wrong_location""]",1,,
cart,violation,0.1,2,382059898,full,0.8,0.8,,1.0,0.6666666666666666,A0_any_to_last,False,False,1.739358312868229e-14,0.9989880306353465,1,[16],11,11,0.007989853158715164,0.19230198860168457,20,2,"[1, 16]","[""reacquire"", ""wrong_location""]",2,,
cart,violation,0.2,2,382059898,full,0.8,0.8,,1.0,0.6666666666666666,A0_any_to_last,False,False,,1.0000000000000009,0,[],5,5,-8.881784197001256e-16,0.14238524436950684,20,4,"[1, 15, 16, 18]","[""reacquire"", ""wrong_location"", ""wrong_location"", ""no_return""]",4,,
cart,violation,0.3,2,382059898,full,0.8,0.8,,1.0,0.6666666666666666,A0_any_to_last,False,False,,1.0000000000000056,0,[],5,5,-5.551115123125798e-15,0.16362667083740234,20,6,"[1, 13, 15, 16, 18, 20]","[""reacquire"", ""wrong_location"", ""wrong_location"", ""wrong_location"", ""no_return"", ""no_return""]",6,,
cart,none,0.0,2,382059898,fixed,0.8,0.8,,1.0,0.6666666666666666,A0_any_to_last,False,False,,1.0000000000000093,0,[],5,5,-9.325873406851358e-15,0.147843599319458,20,0,[],[],0,,
cart,behavioural,0.05,2,382059898,fixed,0.8,0.8,,1.0,0.6666666666666666,A0_any_to_last,False,False,,0.9999999999999809,0,[],5,5,1.909583602355251e-14,0.1481337547302246,20,1,[16],[],0,,
cart,behavioural,0.1,2,382059898,fixed,0.8,0.8,,1.0,0.6666666666666666,A0_any_to_last,False,False,,0.9999999999999822,0,[],5,5,1.7763568394002347e-14,0.11974000930786133,20,2,"[1, 16]",[],0,,
cart,behavioural,0.2,2,382059898,fixed,0.8,0.8,,1.0,0.6666666666666666,A0_any_to_last,False,False,,0.9999999999999867,0,[],5,5,1.3322676295501789e-14,0.1330854892730713,20,4,"[1, 15, 16, 18]",[],0,,
cart,behavioural,0.3,2,382059898,fixed,0.8,0.8,,1.0,0.6666666666666666,A0_any_to_last,False,False,,0.9999999999999893,0,[],5,5,1.0658141036401446e-14,0.13620591163635254,20,6,"[1, 13, 15, 16, 18, 20]",[],0,,
cart,violation,0.05,2,382059898,fixed,0.8,0.8,,1.0,0.6666666666666666,A0_any_to_last,False,False,,1.0000000000000075,0,[],5,5,-7.549516567451093e-15,0.14317893981933594,20,1,[16],"[""wrong_location""]",1,,
cart,violation,0.1,2,382059898,fixed,0.8,0.8,,1.0,0.6666666666666666,A0_any_to_last,False,False,,1.0,0,[],5,5,1.695994665321106e-92,0.18108773231506348,20,2,"[1, 16]","[""reacquire"", ""wrong_location""]",2,,
cart,violation,0.2,2,382059898,fixed,0.8,0.8,,1.0,0.6666666666666666,A0_any_to_last,False,False,,1.0000000000000009,0,[],5,5,-8.881784197001256e-16,0.1564333438873291,20,4,"[1, 15, 16, 18]","[""reacquire"", ""wrong_location"", ""wrong_location"", ""no_return""]",4,,
cart,violation,0.3,2,382059898,fixed,0.8,0.8,,1.0,0.6666666666666666,A0_any_to_last,False,False,,1.0000000000000056,0,[],5,5,-5.551115123125798e-15,0.16064000129699707,20,6,"[1, 13, 15, 16, 18, 20]","[""reacquire"", ""wrong_location"", ""wrong_location"", ""wrong_location"", ""no_return"", ""no_return""]",6,,
cart,none,0.0,2,382059898,oracle,1.0,1.0,,1.0,1.0,H_int,True,True,0.6640188011503618,0.6640188011503618,0,[],11,11,0.6404186879618321,0.3357975482940674,20,0,[],[],0,,
cart,behavioural,0.05,2,382059898,oracle,1.0,1.0,,1.0,1.0,H_int,True,True,0.6640188011503563,0.6640188011503563,0,[],11,11,0.6404186879618354,0.253403902053833,20,1,[16],[],0,,
cart,behavioural,0.1,2,382059898,oracle,1.0,1.0,,1.0,1.0,H_int,True,True,0.6640188011503557,0.6640188011503557,0,[],11,11,0.6404186879618359,0.24231219291687012,20,2,"[1, 16]",[],0,,
cart,behavioural,0.2,2,382059898,oracle,1.0,1.0,,1.0,1.0,H_int,True,True,0.6640188011503522,0.6640188011503522,0,[],11,11,0.6404186879618381,0.36661601066589355,20,4,"[1, 15, 16, 18]",[],0,,
cart,behavioural,0.3,2,382059898,oracle,1.0,1.0,,1.0,1.0,H_int,True,True,0.6640188011503522,0.6640188011503522,0,[],11,11,0.6404186879618381,0.37317371368408203,20,6,"[1, 13, 15, 16, 18, 20]",[],0,,
cart,violation,0.05,2,382059898,oracle,1.0,1.0,,1.0,1.0,H_int,True,True,0.6344931558986284,0.6344931558986284,0,[],11,11,0.6594413116924188,0.21874737739562988,20,1,[16],"[""wrong_location""]",1,,
cart,violation,0.1,2,382059898,oracle,0.8,0.8,,1.0,0.6666666666666666,A0_any_to_last,False,False,1.739358312868229e-14,0.9989880306353465,0,[],11,11,0.007989853158715164,0.38188743591308594,20,2,"[1, 16]","[""reacquire"", ""wrong_location""]",2,,
cart,violation,0.2,2,382059898,oracle,0.8,0.8,,1.0,0.6666666666666666,A0_any_to_last,False,False,4.0004149807202695e-14,0.9981603833341963,0,[],11,11,0.013424193654559765,0.28794050216674805,20,4,"[1, 15, 16, 18]","[""reacquire"", ""wrong_location"", ""wrong_location"", ""no_return""]",4,,
cart,violation,0.3,2,382059898,oracle,0.8,0.8,,1.0,0.6666666666666666,A0_any_to_last,False,False,5.913600807745779e-14,0.9966371794166794,0,[],11,11,0.02250833977172806,0.253633975982666,20,6,"[1, 13, 15, 16, 18, 20]","[""reacquire"", ""wrong_location"", ""wrong_location"", ""wrong_location"", ""no_return"", ""no_return""]",6,,
cart,none,0.0,2,382059898,mlci,0.8,0.8,,1.0,0.6666666666666666,,,,,,,,1,,,7.1169209480285645,20,0,[],[],0,1,"[""FORBID at(9, 5) \u2227 hasCart""]"
cart,behavioural,0.05,2,382059898,mlci,0.8,0.8,,1.0,0.6666666666666666,,,,,,,,4,,,25.124791860580444,20,1,[16],[],0,4,"[""FORBID at(6, 4) \u2227 E"", ""FORBID at(6, 4) \u2227 S"", ""FORBID at(5, 4) \u2227 S"", ""FORBID at(9, 5) \u2227 hasCart""]"
cart,behavioural,0.1,2,382059898,mlci,0.8,0.8,,1.0,0.6666666666666666,,,,,,,,4,,,25.732256174087524,20,2,"[1, 16]",[],0,4,"[""FORBID at(6, 4) \u2227 E"", ""FORBID at(6, 4) \u2227 S"", ""FORBID at(5, 4) \u2227 S"", ""FORBID at(9, 5) \u2227 hasCart""]"
cart,behavioural,0.2,2,382059898,mlci,0.8,0.8,,1.0,0.6666666666666666,,,,,,,,4,,,25.685325622558594,20,4,"[1, 15, 16, 18]",[],0,4,"[""FORBID at(6, 4) \u2227 E"", ""FORBID at(6, 4) \u2227 S"", ""FORBID at(5, 4) \u2227 S"", ""FORBID at(9, 5) \u2227 hasCart""]"
cart,behavioural,0.3,2,382059898,mlci,0.8,0.8,,1.0,0.6666666666666666,,,,,,,,4,,,24.08596110343933,20,6,"[1, 13, 15, 16, 18, 20]",[],0,4,"[""FORBID at(6, 4) \u2227 E"", ""FORBID at(6, 4) \u2227 S"", ""FORBID at(5, 4) \u2227 S"", ""FORBID at(9, 5) \u2227 hasCart""]"
cart,violation,0.05,2,382059898,mlci,0.8,0.8,,1.0,0.6666666666666666,,,,,,,,4,,,19.05258083343506,20,1,[16],"[""wrong_location""]",1,4,"[""FORBID at(6, 4) \u2227 E"", ""FORBID at(6, 4) \u2227 S"", ""FORBID at(6, 5) \u2227 hasCart"", ""FORBID cartAt(5, 4) \u2227 true""]"
cart,violation,0.1,2,382059898,mlci,0.8,0.8,,1.0,0.6666666666666666,,,,,,,,4,,,23.053067684173584,20,2,"[1, 16]","[""reacquire"", ""wrong_location""]",2,4,"[""FORBID at(6, 4) \u2227 E"", ""FORBID at(6, 4) \u2227 S"", ""FORBID at(6, 5) \u2227 hasCart"", ""FORBID cartAt(5, 4) \u2227 \u00achasCart""]"
cart,violation,0.2,2,382059898,mlci,0.4,0.0,,0.0,0.0,,,,,,,,0,,,5.838759422302246,20,4,"[1, 15, 16, 18]","[""reacquire"", ""wrong_location"", ""wrong_location"", ""no_return""]",4,0,[]
cart,violation,0.3,2,382059898,mlci,0.4,0.0,,0.0,0.0,,,,,,,,0,,,4.0631103515625,20,6,"[1, 13, 15, 16, 18, 20]","[""reacquire"", ""wrong_location"", ""wrong_location"", ""wrong_location"", ""no_return"", ""no_return""]",6,0,[]
cart,none,0.0,3,2733150236,full,0.8,0.8,,1.0,0.6666666666666666,A0_any_to_last,False,False,,1.000000000000003,0,[],5,5,-3.108624468950443e-15,0.13974809646606445,20,0,[],[],0,,
cart,behavioural,0.05,3,2733150236,full,1.0,1.0,,1.0,1.0,H_int,True,True,0.6640257742147655,0.6640257742147655,1,[19],11,11,0.6404137696188583,0.19975566864013672,20,1,[19],[],0,,
cart,behavioural,0.1,3,2733150236,full,1.0,1.0,,1.0,1.0,H_int,True,True,0.6640257742147655,0.6640257742147655,2,"[12, 19]",11,17,0.6404137696188583,0.24673151969909668,20,2,"[12, 19]",[],0,,
cart,behavioural,0.2,3,2733150236,full,1.0,1.0,,1.0,1.0,H_int,True,True,0.664025774214769,0.664025774214769,2,"[12, 15]",11,17,0.6404137696188563,0.21409988403320312,20,4,"[2, 12, 15, 19]",[],0,,
cart,behavioural,0.3,3,2733150236,full,1.0,1.0,,1.0,1.0,H_int,True,True,0.6640257742147712,0.6640257742147712,4,"[6, 11, 12, 15]",11,29,0.6404137696188554,0.21440482139587402,20,6,"[2, 6, 11, 12, 15, 19]",[],0,,
cart,violation,0.05,3,2733150236,full,1.0,1.0,,1.0,1.0,H_int,True,True,0.6344921740995146,0.6344921740995146,1,[19],11,11,0.6594417476702414,0.20423626899719238,20,1,[19],"[""wrong_location""]",1,,
cart,violation,0.1,3,2733150236,full,0.8,0.8,,1.0,0.6666666666666666,A0_any_to_last,False,False,,0.9999999999999873,0,[],5,5,1.2656542480726704e-14,0.1436319351196289,20,2,"[12, 19]","[""reacquire"", ""wrong_location""]",2,,
cart,violation,0.2,3,2733150236,full,0.8,0.8,,1.0,0.6666666666666666,A0_any_to_last,False,False,,0.9999999999999878,0,[],5,5,1.2212453270876646e-14,0.20472383499145508,20,4,"[2, 12, 15, 19]","[""wrong_location"", ""reacquire"", ""wrong_location"", ""wrong_location""]",4,,
cart,violation,0.3,3,2733150236,full,0.8,0.8,,1.0,0.6666666666666666,A0_any_to_last,False,False,,0.9999999999999896,0,[],5,5,1.0436096431476418e-14,0.12393474578857422,20,6,"[2, 6, 11, 12, 15, 19]","[""wrong_location"", ""wrong_location"", ""no_return"", ""reacquire"", ""wrong_location"", ""wrong_location""]",6,,
cart,none,0.0,3,2733150236,fixed,0.8,0.8,,1.0,0.6666666666666666,A0_any_to_last,False,False,,1.000000000000003,0,[],5,5,-3.108624468950443e-15,0.20895767211914062,20,0,[],[],0,,
cart,behavioural,0.05,3,2733150236,fixed,0.8,0.8,,1.0,0.6666666666666666,A0_any_to_last,False,False,,1.000000000000003,0,[],5,5,-3.108624468950443e-15,0.1765139102935791,20,1,[19],[],0,,
cart,behavioural,0.1,3,2733150236,fixed,0.8,0.8,,1.0,0.6666666666666666,A0_any_to_last,False,False,,1.000000000000003,0,[],5,5,-3.108624468950443e-15,0.15451478958129883,20,2,"[12, 19]",[],0,,
cart,behavioural,0.2,3,2733150236,fixed,0.8,0.8,,1.0,0.6666666666666666,A0_any_to_last,False,False,,1.0000000000000084,0,[],5,5,-8.437694987151224e-15,0.12929320335388184,20,4,"[2, 12, 15, 19]",[],0,,
cart,behavioural,0.3,3,2733150236,fixed,0.8,0.8,,1.0,0.6666666666666666,A0_any_to_last,False,False,,1.0000000000000218,0,[],5,5,-2.1760371282653305e-14,0.12618660926818848,20,6,"[2, 6, 11, 12, 15, 19]",[],0,,
cart,violation,0.05,3,2733150236,fixed,0.8,0.8,,1.0,0.6666666666666666,A0_any_to_last,False,False,,0.9999999999999918,0,[],5,5,8.215650382226124e-15,0.15332913398742676,20,1,[19],"[""wrong_location""]",1,,
cart,violation,0.1,3,2733150236,fixed,0.8,0.8,,1.0,0.6666666666666666,A0_any_to_last,False,False,,0.9999999999999873,0,[],5,5,1.2656542480726704e-14,0.12729907035827637,20,2,"[12, 19]","[""reacquire"", ""wrong_location""]",2,,
cart,violation,0.2,3,2733150236,fixed,0.8,0.8,,1.0,0.6666666666666666,A0_any_to_last,False,False,,0.9999999999999878,0,[],5,5,1.2212453270876646e-14,0.18726801872253418,20,4,"[2, 12, 15, 19]","[""wrong_location"", ""reacquire"", ""wrong_location"", ""wrong_location""]",4,,
cart,violation,0.3,3,2733150236,fixed,0.8,0.8,,1.0,0.6666666666666666,A0_any_to_last,False,False,,0.9999999999999896,0,[],5,5,1.0436096431476418e-14,0.126190185546875,20,6,"[2, 6, 11, 12, 15, 19]","[""wrong_location"", ""wrong_location"", ""no_return"", ""reacquire"", ""wrong_location"", ""wrong_location""]",6,,
cart,none,0.0,3,2733150236,oracle,1.0,1.0,,1.0,1.0,H_int,True,True,0.6640257742147655,0.6640257742147655,0,[],11,11,0.6404137696188583,0.3164980411529541,20,0,[],[],0,,
cart,behavioural,0.05,3,2733150236,oracle,1.0,1.0,,1.0,1.0,H_int,True,True,0.6640257742147655,0.6640257742147655,0,[],11,11,0.6404137696188583,0.2689797878265381,20,1,[19],[],0,,
cart,behavioural,0.1,3,2733150236,oracle,1.0,1.0,,1.0,1.0,H_int,True,True,0.6640257742147655,0.6640257742147655,0,[],11,11,0.6404137696188583,0.3047935962677002,20,2,"[12, 19]",[],0,,
cart,behavioural,0.2,3,2733150236,oracle,1.0,1.0,,1.0,1.0,H_int,True,True,0.664025774214769,0.664025774214769,0,[],11,11,0.6404137696188563,0.25991225242614746,20,4,"[2, 12, 15, 19]",[],0,,
cart,behavioural,0.3,3,2733150236,oracle,1.0,1.0,,1.0,1.0,H_int,True,True,0.6640257742147712,0.6640257742147712,0,[],11,11,0.6404137696188554,0.1963520050048828,20,6,"[2, 6, 11, 12, 15, 19]",[],0,,
cart,violation,0.05,3,2733150236,oracle,1.0,1.0,,1.0,1.0,H_int,True,True,0.6344921740995146,0.6344921740995146,0,[],11,11,0.6594417476702414,0.11705636978149414,20,1,[19],"[""wrong_location""]",1,,
cart,violation,0.1,3,2733150236,oracle,0.8,0.8,,1.0,0.6666666666666666,A0_any_to_last,False,False,1.7446509490385336e-14,0.9989880179162021,0,[],11,11,0.007989940855165505,0.2900819778442383,20,2,"[12, 19]","[""reacquire"", ""wrong_location""]",2,,
cart,violation,0.2,3,2733150236,oracle,0.8,0.8,,1.0,0.6666666666666666,A0_any_to_last,False,False,5.75508767673191e-14,0.9981581510710466,0,[],11,11,0.013438247423751541,0.17582011222839355,20,4,"[2, 12, 15, 19]","[""wrong_location"", ""reacquire"", ""wrong_location"", ""wrong_location""]",4,,
cart,violation,0.3,3,2733150236,oracle,0.8,0.8,,1.0,0.6666666666666666,A0_any_to_last,False,False,1.1471349579427154e-13,0.9966550426933809,0,[],11,11,0.022406621338460973,0.19710421562194824,20,6,"[2, 6, 11, 12, 15, 19]","[""wrong_location"", ""wrong_location"", ""no_return"", ""reacquire"", ""wrong_location"", ""wrong_location""]",6,,
cart,none,0.0,3,2733150236,mlci,0.8,0.8,,1.0,0.6666666666666666,,,,,,,,3,,,14.981364727020264,20,0,[],[],0,3,"[""FORBID at(6, 4) \u2227 E"", ""FORBID at(6, 4) \u2227 S"", ""FORBID at(5, 5) \u2227 hasCart""]"
cart,behavioural,0.05,3,2733150236,mlci,0.9,0.9090909090909091,,1.0,0.8333333333333334,,,,,,,,2,,,9.857372522354126,20,1,[19],[],0,2,"[""FORBID at(6, 4) \u2227 E"", ""FORBID at(8, 5) \u2227 hasCart""]"
cart,behavioural,0.1,3,2733150236,mlci,0.9,0.9090909090909091,,1.0,0.8333333333333334,,,,,,,,2,,,9.203010559082031,20,2,"[12, 19]",[],0,2,"[""FORBID at(6, 4) \u2227 E"", ""FORBID at(8, 5) \u2227 hasCart""]"
cart,behavioural,0.2,3,2733150236,mlci,0.9,0.9090909090909091,,1.0,0.8333333333333334,,,,,,,,2,,,11.086847066879272,20,4,"[2, 12, 15, 19]",[],0,2,"[""FORBID at(6, 4) \u2227 E"", ""FORBID at(8, 5) \u2227 hasCart""]"
cart,behavioural,0.3,3,2733150236,mlci,0.9,0.9090909090909091,,1.0,0.8333333333333334,,,,,,,,2,,,8.647376298904419,20,6,"[2, 6, 11, 12, 15, 19]",[],0,2,"[""FORBID at(6, 4) \u2227 E"", ""FORBID at(8, 5) \u2227 hasCart""]"
cart,violation,0.05,3,2733150236,mlci,0.8,0.8,,1.0,0.6666666666666666,,,,,,,,2,,,11.07351803779602,20,1,[19],"[""wrong_location""]",1,2,"[""FORBID at(6, 4) \u2227 E"", ""FORBID at(9, 5) \u2227 hasCart""]"
cart,violation,0.1,3,2733150236,mlci,0.4,0.0,,0.0,0.0,,,,,,,,1,,,8.137194395065308,20,2,"[12, 19]","[""reacquire"", ""wrong_location""]",2,1,"[""FORBID at(6, 4) \u2227 E""]"
cart,violation,0.2,3,2733150236,mlci,0.4,0.0,,0.0,0.0,,,,,,,,1,,,7.233318567276001,20,4,"[2, 12, 15, 19]","[""wrong_location"", ""reacquire"", ""wrong_location"", ""wrong_location""]",4,1,"[""FORBID at(6, 4) \u2227 E""]"
cart,violation,0.3,3,2733150236,mlci,0.4,0.0,,0.0,0.0,,,,,,,,0,,,3.7036819458007812,20,6,"[2, 6, 11, 12, 15, 19]","[""wrong_location"", ""wrong_location"", ""no_return"", ""reacquire"", ""wrong_location"", ""wrong_location""]",6,0,[]
cart,none,0.0,4,3486827175,full,0.8,0.8,,1.0,0.6666666666666666,A0_any_to_last,False,False,,1.0000000000000124,0,[],5,5,-1.243449787580183e-14,0.23434877395629883,20,0,[],[],0,,
cart,behavioural,0.05,4,3486827175,full,1.0,1.0,,1.0,1.0,H_int,True,True,0.6639890834194474,0.6639890834194474,1,[16],11,11,0.6404396505557866,0.1230459213256836,20,1,[16],[],0,,
cart,behavioural,0.1,4,3486827175,full,1.0,1.0,,1.0,1.0,H_int,True,True,0.663989083419451,0.663989083419451,2,"[15, 16]",11,17,0.6404396505557843,0.16618967056274414,20,2,"[15, 16]",[],0,,
cart,behavioural,0.2,4,3486827175,full,1.0,1.0,,1.0,1.0,H_int,True,True,0.663989083419451,0.663989083419451,4,"[5, 11, 15, 16]",11,29,0.6404396505557843,0.14928960800170898,20,4,"[5, 11, 15, 16]",[],0,,
cart,behavioural,0.3,4,3486827175,full,1.0,1.0,,1.0,1.0,H_int,True,True,0.6639890834194438,0.6639890834194438,6,"[5, 8, 10, 11, 15, 16]",11,41,0.6404396505557883,0.1953141689300537,20,6,"[5, 8, 10, 11, 15, 16]",[],0,,
cart,violation,0.05,4,3486827175,full,0.8,0.8,,1.0,0.6666666666666666,A0_any_to_last,False,False,,1.0000000000000004,0,[],5,5,-4.440892098500627e-16,0.08411121368408203,20,1,[16],"[""reacquire""]",1,,
cart,violation,0.1,4,3486827175,full,0.8,0.8,,1.0,0.6666666666666666,A0_any_to_last,False,False,7.396377708688646e-15,0.9989880723312745,2,"[15, 16]",11,17,0.007989565670629667,0.3234214782714844,20,2,"[15, 16]","[""no_return"", ""reacquire""]",2,,
cart,violation,0.2,4,3486827175,full,0.8,0.8,,1.0,0.6666666666666666,A0_any_to_last,False,False,1.5217817106325495e-42,0.9989880782439666,1,[15],11,11,0.007989524903173338,0.19369745254516602,20,4,"[5, 11, 15, 16]","[""reacquire"", ""reacquire"", ""no_return"", ""reacquire""]",4,,
cart,violation,0.3,4,3486827175,full,0.8,0.8,,1.0,0.6666666666666666,A0_any_to_last,False,False,3.000237103800268e-41,0.9981572162960646,2,"[10, 15]",11,17,0.01344413172584132,0.1721651554107666,20,6,"[5, 8, 10, 11, 15, 16]","[""reacquire"", ""wrong_location"", ""no_return"", ""reacquire"", ""no_return"", ""reacquire""]",6,,
cart,none,0.0,4,3486827175,fixed,0.8,0.8,,1.0,0.6666666666666666,A0_any_to_last,False,False,,1.0000000000000124,0,[],5,5,-1.243449787580183e-14,0.0960092544555664,20,0,[],[],0,,
cart,behavioural,0.05,4,3486827175,fixed,0.8,0.8,,1.0,0.6666666666666666,A0_any_to_last,False,False,,1.0000000000000204,0,[],5,5,-2.042810365310309e-14,0.08335542678833008,20,1,[16],[],0,,
cart,behavioural,0.1,4,3486827175,fixed,0.8,0.8,,1.0,0.6666666666666666,A0_any_to_last,False,False,,1.000000000000016,0,[],5,5,-1.5987211554602384e-14,0.08428168296813965,20,2,"[15, 16]",[],0,,
cart,behavioural,0.2,4,3486827175,fixed,0.8,0.8,,1.0,0.6666666666666666,A0_any_to_last,False,False,,1.0000000000000187,0,[],5,5,-1.8651746813702803e-14,0.08950638771057129,20,4,"[5, 11, 15, 16]",[],0,,
cart,behavioural,0.3,4,3486827175,fixed,0.8,0.8,,1.0,0.6666666666666666,A0_any_to_last,False,False,,1.0000000000000129,0,[],5,5,-1.2878587085651898e-14,0.18641376495361328,20,6,"[5, 8, 10, 11, 15, 16]",[],0,,
cart,violation,0.05,4,3486827175,fixed,0.8,0.8,,1.0,0.6666666666666666,A0_any_to_last,False,False,,1.0000000000000004,0,[],5,5,-4.440892098500627e-16,0.09681296348571777,20,1,[16],"[""reacquire""]",1,,
cart,violation,0.1,4,3486827175,fixed,0.8,0.8,,1.0,0.6666666666666666,A0_any_to_last,False,False,,1.0000000000000036,0,[],5,5,-3.552713678800507e-15,0.0966181755065918,20,2,"[15, 16]","[""no_return"", ""reacquire""]",2,,
cart,violation,0.2,4,3486827175,fixed,0.8,0.8,,1.0,0.6666666666666666,A0_any_to_last,False,False,,1.000000000000006,0,[],5,5,-5.9952043329758635e-15,0.11512231826782227,20,4,"[5, 11, 15, 16]","[""reacquire"", ""reacquire"", ""no_return"", ""reacquire""]",4,,
cart,violation,0.3,4,3486827175,fixed,0.8,0.8,,1.0,0.6666666666666666,A0_any_to_last,False,False,,1.000000000000004,0,[],5,5,-3.9968028886505714e-15,0.09154057502746582,20,6,"[5, 8, 10, 11, 15, 16]","[""reacquire"", ""wrong_location"", ""no_return"", ""reacquire"", ""no_return"", ""reacquire""]",6,,
cart,none,0.0,4,3486827175,oracle,1.0,1.0,,1.0,1.0,H_int,True,True,0.663989083419445,0.663989083419445,0,[],11,11,0.6404396505557877,0.22820258140563965,20,0,[],[],0,,
cart,behavioural,0.05,4,3486827175,oracle,1.0,1.0,,1.0,1.0,H_int,True,True,0.6639890834194474,0.6639890834194474,0,[],11,11,0.6404396505557866,0.23447942733764648,20,1,[16],[],0,,
cart,behavioural,0.1,4,3486827175,oracle,1.0,1.0,,1.0,1.0,H_int,True,True,0.663989083419451,0.663989083419451,0,[],11,11,0.6404396505557843,0.23416495323181152,20,2,"[15, 16]",[],0,,
cart,behavioural,0.2,4,3486827175,oracle,1.0,1.0,,1.0,1.0,H_int,True,True,0.663989083419451,0.663989083419451,0,[],11,11,0.6404396505557843,0.1422727108001709,20,4,"[5, 11, 15, 16]",[],0,,
cart,behavioural,0.3,4,3486827175,oracle,1.0,1.0,,1.0,1.0,H_int,True,True,0.6639890834194438,0.6639890834194438,0,[],11,11,0.6404396505557883,0.1808927059173584,20,6,"[5, 8, 10, 11, 15, 16]",[],0,,
cart,violation,0.05,4,3486827175,oracle,0.8,0.8,,1.0,0.6666666666666666,A0_any_to_last,False,False,2.72908896403095e-16,0.9992415416228173,0,[],11,11,0.006207104516542739,0.2544691562652588,20,1,[16],"[""reacquire""]",1,,
cart,violation,0.1,4,3486827175,oracle,0.8,0.8,,1.0,0.6666666666666666,A0_any_to_last,False,False,7.396377708688646e-15,0.9989880723312745,0,[],11,11,0.007989565670629667,0.20117473602294922,20,2,"[15, 16]","[""no_return"", ""reacquire""]",2,,
cart,violation,0.2,4,3486827175,oracle,0.8,0.8,,1.0,0.6666666666666666,A0_any_to_last,False,False,1.5217817106325495e-42,0.9989880782439666,0,[],11,11,0.007989524903173338,0.20474672317504883,20,4,"[5, 11, 15, 16]","[""reacquire"", ""reacquire"", ""no_return"", ""reacquire""]",4,,
cart,violation,0.3,4,3486827175,oracle,0.8,0.8,,1.0,0.6666666666666666,A0_any_to_last,False,False,3.000237103800268e-41,0.9981572162960646,0,[],11,11,0.01344413172584132,0.2555825710296631,20,6,"[5, 8, 10, 11, 15, 16]","[""reacquire"", ""wrong_location"", ""no_return"", ""reacquire"", ""no_return"", ""reacquire""]",6,,
cart,none,0.0,4,3486827175,mlci,0.5,0.2857142857142857,,1.0,0.16666666666666666,,,,,,,,5,,,18.37640380859375,20,0,[],[],0,5,"[""FORBID at(6, 4) \u2227 E"", ""FORBID at(6, 4) \u2227 S"", ""FORBID at(5, 4) \u2227 S"", ""FORBID at(4, 4) \u2227 S"", ""FORBID at(7, 2) \u2227 hasCart""]"
cart,behavioural,0.05,4,3486827175,mlci,0.8,0.8,,1.0,0.6666666666666666,,,,,,,,1,,,6.51352071762085,20,1,[16],[],0,1,"[""FORBID at(9, 5) \u2227 hasCart""]"
cart,behavioural,0.1,4,3486827175,mlci,0.8,0.8,,1.0,0.6666666666666666,,,,,,,,1,,,6.3089964389801025,20,2,"[15, 16]",[],0,1,"[""FORBID at(9, 5) \u2227 hasCart""]"
cart,behavioural,0.2,4,3486827175,mlci,0.8,0.8,,1.0,0.6666666666666666,,,,,,,,1,,,5.666761636734009,20,4,"[5, 11, 15, 16]",[],0,1,"[""FORBID at(9, 5) \u2227 hasCart""]"
cart,behavioural,0.3,4,3486827175,mlci,0.8,0.8,,1.0,0.6666666666666666,,,,,,,,1,,,6.692700386047363,20,6,"[5, 8, 10, 11, 15, 16]",[],0,1,"[""FORBID at(9, 5) \u2227 hasCart""]"
cart,violation,0.05,4,3486827175,mlci,0.8,0.8,,1.0,0.6666666666666666,,,,,,,,4,,,21.9380521774292,20,1,[16],"[""reacquire""]",1,4,"[""FORBID at(6, 4) \u2227 E"", ""FORBID at(6, 4) \u2227 S"", ""FORBID at(5, 4) \u2227 S"", ""FORBID at(6, 5) \u2227 hasCart""]"
cart,violation,0.1,4,3486827175,mlci,0.5,0.2857142857142857,,1.0,0.16666666666666666,,,,,,,,5,,,28.081172466278076,20,2,"[15, 16]","[""no_return"", ""reacquire""]",2,5,"[""FORBID at(6, 4) \u2227 E"", ""FORBID at(6, 4) \u2227 S"", ""FORBID at(5, 4) \u2227 S"", ""FORBID at(4, 4) \u2227 S"", ""FORBID at(7, 3) \u2227 hasCart""]"
cart,violation,0.2,4,3486827175,mlci,0.5,0.2857142857142857,,1.0,0.16666666666666666,,,,,,,,5,,,24.160590648651123,20,4,"[5, 11, 15, 16]","[""reacquire"", ""reacquire"", ""no_return"", ""reacquire""]",4,5,"[""FORBID at(6, 4) \u2227 E"", ""FORBID at(6, 4) \u2227 S"", ""FORBID at(5, 4) \u2227 S"", ""FORBID at(4, 4) \u2227 S"", ""FORBID at(7, 3) \u2227 hasCart""]"
cart,violation,0.3,4,3486827175,mlci,0.4,0.0,,0.0,0.0,,,,,,,,1,,,8.483139038085938,20,6,"[5, 8, 10, 11, 15, 16]","[""reacquire"", ""wrong_location"", ""no_return"", ""reacquire"", ""no_return"", ""reacquire""]",6,1,"[""FORBID at(6, 4) \u2227 E""]"
cart,none,0.0,5,1592250350,full,0.8,0.8,,1.0,0.6666666666666666,A0_any_to_last,False,False,,0.9999999999999969,0,[],5,5,3.108624468950433e-15,0.08076930046081543,20,0,[],[],0,,
cart,behavioural,0.05,5,1592250350,full,1.0,1.0,,1.0,1.0,H_int,True,True,0.6639838161640156,0.6639838161640156,1,[13],11,11,0.6404433654204147,0.23836469650268555,20,1,[13],[],0,,
cart,behavioural,0.1,5,1592250350,full,1.0,1.0,,1.0,1.0,H_int,True,True,0.6639838161640108,0.6639838161640108,2,"[11, 13]",11,17,0.6404433654204177,0.13239455223083496,20,2,"[11, 13]",[],0,,
cart,behavioural,0.2,5,1592250350,full,1.0,1.0,,1.0,1.0,H_int,True,True,0.6639838161640167,0.6639838161640167,4,"[11, 13, 15, 16]",11,29,0.640443365420414,0.20436453819274902,20,4,"[11, 13, 15, 16]",[],0,,
cart,behavioural,0.3,5,1592250350,full,1.0,1.0,,1.0,1.0,H_int,True,True,0.6639838161640097,0.6639838161640097,5,"[11, 13, 15, 16, 19]",11,35,0.6404433654204185,0.1829843521118164,20,6,"[1, 11, 13, 15, 16, 19]",[],0,,
cart,violation,0.05,5,1592250350,full,1.0,1.0,,1.0,1.0,H_int,True,True,0.6344901481307713,0.6344901481307713,1,[13],11,11,0.6594429880247354,0.19693827629089355,20,1,[13],"[""wrong_location""]",1,,
cart,violation,0.1,5,1592250350,full,1.0,1.0,,1.0,1.0,H_int,True,True,0.6027477986187233,0.6027477986187233,1,[11],11,11,0.6760011564691866,0.13183951377868652,20,2,"[11, 13]","[""no_return"", ""wrong_location""]",2,,
cart,violation,0.2,5,1592250350,full,0.8,0.8,,1.0,0.6666666666666666,A0_any_to_last,False,False,3.0713091253088615e-28,0.998634987181028,2,"[11, 15]",11,17,0.010368512668105168,0.14014053344726562,20,4,"[11, 13, 15, 16]","[""no_return"", ""wrong_location"", ""reacquire"", ""reacquire""]",4,,
cart,violation,0.3,5,1592250350,full,0.8,0.8,,1.0,0.6666666666666666,A0_any_to_last,False,False,1.2229277050451105e-40,0.9981594146842744,1,[11],11,11,0.013430292363503852,0.39731431007385254,20,6,"[1, 11, 13, 15, 16, 19]","[""reacquire"", ""no_return"", ""wrong_location"", ""reacquire"", ""reacquire"", ""wrong_location""]",6,,
cart,none,0.0,5,1592250350,fixed,0.8,0.8,,1.0,0.6666666666666666,A0_any_to_last,False,False,,0.9999999999999969,0,[],5,5,3.108624468950433e-15,0.11780381202697754,20,0,[],[],0,,
cart,behavioural,0.05,5,1592250350,fixed,0.8,0.8,,1.0,0.6666666666666666,A0_any_to_last,False,False,,0.999999999999996,0,[],5,5,3.996802888650556e-15,0.09938430786132812,20,1,[13],[],0,,
cart,behavioural,0.1,5,1592250350,fixed,0.8,0.8,,1.0,0.6666666666666666,A0_any_to_last,False,False,,1.0000000000000018,0,[],5,5,-1.776356839400252e-15,0.1557176113128662,20,2,"[11, 13]",[],0,,
cart,behavioural,0.2,5,1592250350,fixed,0.8,0.8,,1.0,0.6666666666666666,A0_any_to_last,False,False,,0.999999999999996,0,[],5,5,3.996802888650556e-15,0.07335519790649414,20,4,"[11, 13, 15, 16]",[],0,,
cart,behavioural,0.3,5,1592250350,fixed,0.8,0.8,,1.0,0.6666666666666666,A0_any_to_last,False,False,,1.0000000000000067,0,[],5,5,-6.661338147750961e-15,0.1322009563446045,20,6,"[1, 11, 13, 15, 16, 19]",[],0,,
cart,violation,0.05,5,1592250350,fixed,0.8,0.8,,1.0,0.6666666666666666,A0_any_to_last,False,False,,0.9999999999999964,0,[],5,5,3.5527136788004946e-15,0.11487746238708496,20,1,[13],"[""wrong_location""]",1,,
cart,violation,0.1,5,1592250350,fixed,0.8,0.8,,1.0,0.6666666666666666,A0_any_to_last,False,False,,1.0000000000000067,0,[],5,5,-6.661338147750961e-15,0.17574477195739746,20,2,"[11, 13]","[""no_return"", ""wrong_location""]",2,,
cart,violation,0.2,5,1592250350,fixed,0.8,0.8,,1.0,0.6666666666666666,A0_any_to_last,False,False,,1.0000000000000056,0,[],5,5,-5.551115123125798e-15,0.1301591396331787,20,4,"[11, 13, 15, 16]","[""no_return"", ""wrong_location"", ""reacquire"", ""reacquire""]",4,,
cart,violation,0.3,5,1592250350,fixed,0.8,0.8,,1.0,0.6666666666666666,A0_any_to_last,False,False,,1.000000000000001,0,[],5,5,-1.1102230246251571e-15,0.1279463768005371,20,6,"[1, 11, 13, 15, 16, 19]","[""reacquire"", ""no_return"", ""wrong_location"", ""reacquire"", ""reacquire"", ""wrong_location""]",6,,
cart,none,0.0,5,1592250350,oracle,1.0,1.0,,1.0,1.0,H_int,True,True,0.6639838161640053,0.6639838161640053,0,[],11,11,0.6404433654204198,0.37152814865112305,20,0,[],[],0,,
cart,behavioural,0.05,5,1592250350,oracle,1.0,1.0,,1.0,1.0,H_int,True,True,0.6639838161640156,0.6639838161640156,0,[],11,11,0.6404433654204147,0.24204325675964355,20,1,[13],[],0,,
cart,behavioural,0.1,5,1592250350,oracle,1.0,1.0,,1.0,1.0,H_int,True,True,0.6639838161640108,0.6639838161640108,0,[],11,11,0.6404433654204177,0.2649843692779541,20,2,"[11, 13]",[],0,,
cart,behavioural,0.2,5,1592250350,oracle,1.0,1.0,,1.0,1.0,H_int,True,True,0.6639838161640167,0.6639838161640167,0,[],11,11,0.640443365420414,0.21412086486816406,20,4,"[11, 13, 15, 16]",[],0,,
cart,behavioural,0.3,5,1592250350,oracle,1.0,1.0,,1.0,1.0,H_int,True,True,0.6639838161640097,0.6639838161640097,0,[],11,11,0.6404433654204185,0.24944472312927246,20,6,"[1, 11, 13, 15, 16, 19]",[],0,,
cart,violation,0.05,5,1592250350,oracle,1.0,1.0,,1.0,1.0,H_int,True,True,0.6344901481307713,0.6344901481307713,0,[],11,11,0.6594429880247354,0.30543994903564453,20,1,[13],"[""wrong_location""]",1,,
cart,violation,0.1,5,1592250350,oracle,1.0,1.0,,1.0,1.0,H_int,True,True,0.6027477986187233,0.6027477986187233,0,[],11,11,0.6760011564691866,0.28345203399658203,20,2,"[11, 13]","[""no_return"", ""wrong_location""]",2,,
cart,violation,0.2,5,1592250350,oracle,0.8,0.8,,1.0,0.6666666666666666,A0_any_to_last,False,False,3.0713091253088615e-28,0.998634987181028,0,[],11,11,0.010368512668105168,0.3087484836578369,20,4,"[11, 13, 15, 16]","[""no_return"", ""wrong_location"", ""reacquire"", ""reacquire""]",4,,
cart,violation,0.3,5,1592250350,oracle,0.8,0.8,,1.0,0.6666666666666666,A0_any_to_last,False,False,1.2229277050451105e-40,0.9981594146842744,0,[],11,11,0.013430292363503852,0.2691373825073242,20,6,"[1, 11, 13, 15, 16, 19]","[""reacquire"", ""no_return"", ""wrong_location"", ""reacquire"", ""reacquire"", ""wrong_location""]",6,,
cart,none,0.0,5,1592250350,mlci,0.8,0.8,,1.0,0.6666666666666666,,,,,,,,1,,,4.723898410797119,20,0,[],[],0,1,"[""FORBID at(9, 5) \u2227 hasCart""]"
cart,behavioural,0.05,5,1592250350,mlci,0.8,0.8,,1.0,0.6666666666666666,,,,,,,,1,,,5.044666528701782,20,1,[13],[],0,1,"[""FORBID at(9, 5) \u2227 hasCart""]"
cart,behavioural,0.1,5,1592250350,mlci,0.8,0.8,,1.0,0.6666666666666666,,,,,,,,1,,,5.490800857543945,20,2,"[11, 13]",[],0,1,"[""FORBID at(9, 5) \u2227 hasCart""]"
cart,behavioural,0.2,5,1592250350,mlci,0.8,0.8,,1.0,0.6666666666666666,,,,,,,,1,,,5.415836572647095,20,4,"[11, 13, 15, 16]",[],0,1,"[""FORBID at(9, 5) \u2227 hasCart""]"
cart,behavioural,0.3,5,1592250350,mlci,0.8,0.8,,1.0,0.6666666666666666,,,,,,,,1,,,4.823147296905518,20,6,"[1, 11, 13, 15, 16, 19]",[],0,1,"[""FORBID at(9, 5) \u2227 hasCart""]"
cart,violation,0.05,5,1592250350,mlci,0.8,0.8,,1.0,0.6666666666666666,,,,,,,,1,,,5.569611072540283,20,1,[13],"[""wrong_location""]",1,1,"[""FORBID at(9, 5) \u2227 hasCart""]"
cart,violation,0.1,5,1592250350,mlci,0.5,0.2857142857142857,,1.0,0.16666666666666666,,,,,,,,1,,,6.303890943527222,20,2,"[11, 13]","[""no_return"", ""wrong_location""]",2,1,"[""FORBID at(7, 4) \u2227 hasCart""]"
cart,violation,0.2,5,1592250350,mlci,0.4,0.0,,0.0,0.0,,,,,,,,0,,,3.856613874435425,20,4,"[11, 13, 15, 16]","[""no_return"", ""wrong_location"", ""reacquire"", ""reacquire""]",4,0,[]
cart,violation,0.3,5,1592250350,mlci,0.4,0.0,,0.0,0.0,,,,,,,,0,,,4.6290833950042725,20,6,"[1, 11, 13, 15, 16, 19]","[""reacquire"", ""no_return"", ""wrong_location"", ""reacquire"", ""reacquire"", ""wrong_location""]",6,0,[]
cart,none,0.0,6,2670331714,full,0.8,0.8,,1.0,0.6666666666666666,A0_any_to_last,False,False,,1.0000000000000115,0,[],5,5,-1.1546319456101694e-14,0.1357707977294922,20,0,[],[],0,,
cart,behavioural,0.05,6,2670331714,full,1.0,1.0,,1.0,1.0,H_int,True,True,0.6640018221406915,0.6640018221406915,1,[14],11,11,0.6404306637216117,0.20339512825012207,20,1,[14],[],0,,
cart,behavioural,0.1,6,2670331714,full,1.0,1.0,,1.0,1.0,H_int,True,True,0.6640018221406803,0.6640018221406803,2,"[14, 20]",11,17,0.6404306637216182,0.2678847312927246,20,2,"[14, 20]",[],0,,
cart,behavioural,0.2,6,2670331714,full,1.0,1.0,,1.0,1.0,H_int,True,True,0.6640018221406662,0.6640018221406662,4,"[6, 14, 17, 20]",11,29,0.6404306637216267,0.25359010696411133,20,4,"[6, 14, 17, 20]",[],0,,
cart,behavioural,0.3,6,2670331714,full,1.0,1.0,,1.0,1.0,H_int,True,True,0.6640018221406773,0.6640018221406773,6,"[6, 7, 14, 15, 17, 20]",11,41,0.6404306637216203,0.27667737007141113,20,6,"[6, 7, 14, 15, 17, 20]",[],0,,
cart,violation,0.05,6,2670331714,full,0.8,0.8,,1.0,0.6666666666666666,A0_any_to_last,False,False,,0.9999999999999876,0,[],5,5,1.2434497875801676e-14,0.16663408279418945,20,1,[14],"[""reacquire""]",1,,
cart,violation,0.1,6,2670331714,full,0.8,0.8,,1.0,0.6666666666666666,A0_any_to_last,False,False,,1.0000000000000053,0,[],5,5,-5.3290705182007656e-15,0.12178945541381836,20,2,"[14, 20]","[""reacquire"", ""no_return""]",2,,
cart,violation,0.2,6,2670331714,full,0.8,0.8,,1.0,0.6666666666666666,A0_any_to_last,False,False,,1.0000000000000047,0,[],5,5,-4.6629367034256685e-15,0.13240265846252441,20,4,"[6, 14, 17, 20]","[""reacquire"", ""reacquire"", ""wrong_location"", ""no_return""]",4,,
cart,violation,0.3,6,2670331714,full,0.8,0.8,,1.0,0.6666666666666666,A0_any_to_last,False,False,1.1838313549467003e-40,0.9981603159862993,1,[7],11,11,0.013424617698649539,0.3771553039550781,20,6,"[6, 7, 14, 15, 17, 20]","[""reacquire"", ""wrong_location"", ""reacquire"", ""reacquire"", ""wrong_location"", ""no_return""]",6,,
cart,none,0.0,6,2670331714,fixed,0.8,0.8,,1.0,0.6666666666666666,A0_any_to_last,False,False,,1.0000000000000115,0,[],5,5,-1.1546319456101694e-14,0.19291305541992188,20,0,[],[],0,,
cart,behavioural,0.05,6,2670331714,fixed,0.8,0.8,,1.0,0.6666666666666666,A0_any_to_last,False,False,,1.0000000000000133,0,[],5,5,-1.3322676295501967e-14,0.3910365104675293,20,1,[14],[],0,,
cart,behavioural,0.1,6,2670331714,fixed,0.8,0.8,,1.0,0.6666666666666666,A0_any_to_last,False,False,,1.0000000000000115,0,[],5,5,-1.1546319456101694e-14,0.0677938461303711,20,2,"[14, 20]",[],0,,
cart,behavioural,0.2,6,2670331714,fixed,0.8,0.8,,1.0,0.6666666666666666,A0_any_to_last,False,False,,1.0000000000000187,0,[],5,5,-1.8651746813702803e-14,0.09399533271789551,20,4,"[6, 14, 17, 20]",[],0,,
cart,behavioural,0.3,6,2670331714,fixed,0.8,0.8,,1.0,0.6666666666666666,A0_any_to_last,False,False,,1.000000000000023,0,[],5,5,-2.3092638912203524e-14,0.4217836856842041,20,6,"[6, 7, 14, 15, 17, 20]",[],0,,
cart,violation,0.05,6,2670331714,fixed,0.8,0.8,,1.0,0.6666666666666666,A0_any_to_last,False,False,,0.9999999999999876,0,[],5,5,1.2434497875801676e-14,0.15912222862243652,20,1,[14],"[""reacquire""]",1,,
cart,violation,0.1,6,2670331714,fixed,0.8,0.8,,1.0,0.6666666666666666,A0_any_to_last,False,False,,1.0000000000000053,0,[],5,5,-5.3290705182007656e-15,0.1577131748199463,20,2,"[14, 20]","[""reacquire"", ""no_return""]",2,,
cart,violation,0.2,6,2670331714,fixed,0.8,0.8,,1.0,0.6666666666666666,A0_any_to_last,False,False,,1.0000000000000047,0,[],5,5,-4.6629367034256685e-15,0.15425729751586914,20,4,"[6, 14, 17, 20]","[""reacquire"", ""reacquire"", ""wrong_location"", ""no_return""]",4,,
cart,violation,0.3,6,2670331714,fixed,0.8,0.8,,1.0,0.6666666666666666,A0_any_to_last,False,False,,1.0000000000000087,0,[],5,5,-8.659739592076259e-15,0.12822628021240234,20,6,"[6, 7, 14, 15, 17, 20]","[""reacquire"", ""wrong_location"", ""reacquire"", ""reacquire"", ""wrong_location"", ""no_return""]",6,,
cart,none,0.0,6,2670331714,oracle,1.0,1.0,,1.0,1.0,H_int,True,True,0.6640018221406838,0.6640018221406838,0,[],11,11,0.6404306637216161,0.2703394889831543,20,0,[],[],0,,
cart,behavioural,0.05,6,2670331714,oracle,1.0,1.0,,1.0,1.0,H_int,True,True,0.6640018221406915,0.6640018221406915,0,[],11,11,0.6404306637216117,0.27390217781066895,20,1,[14],[],0,,
cart,behavioural,0.1,6,2670331714,oracle,1.0,1.0,,1.0,1.0,H_int,True,True,0.6640018221406803,0.6640018221406803,0,[],11,11,0.6404306637216182,0.4034700393676758,20,2,"[14, 20]",[],0,,
cart,behavioural,0.2,6,2670331714,oracle,1.0,1.0,,1.0,1.0,H_int,True,True,0.6640018221406662,0.6640018221406662,0,[],11,11,0.6404306637216267,0.32633018493652344,20,4,"[6, 14, 17, 20]",[],0,,
cart,behavioural,0.3,6,2670331714,oracle,1.0,1.0,,1.0,1.0,H_int,True,True,0.6640018221406773,0.6640018221406773,0,[],11,11,0.6404306637216203,0.529024600982666,20,6,"[6, 7, 14, 15, 17, 20]",[],0,,
cart,violation,0.05,6,2670331714,oracle,0.8,0.8,,1.0,0.6666666666666666,A0_any_to_last,False,False,4.0638396596203553e-16,0.9992416680091438,0,[],11,11,0.006206196614493176,0.25795698165893555,20,1,[14],"[""reacquire""]",1,,
cart,violation,0.1,6,2670331714,oracle,0.8,0.8,,1.0,0.6666666666666666,A0_any_to_last,False,False,1.0621619388242386e-14,0.9989880982912904,0,[],11,11,0.007989386679138951,0.23389673233032227,20,2,"[14, 20]","[""reacquire"", ""no_return""]",2,,
cart,violation,0.2,6,2670331714,oracle,0.8,0.8,,1.0,0.6666666666666666,A0_any_to_last,False,False,6.819800490386626e-28,0.9986345840833957,0,[],11,11,0.010371171128385152,0.30963802337646484,20,4,"[6, 14, 17, 20]","[""reacquire"", ""reacquire"", ""wrong_location"", ""no_return""]",4,,
cart,violation,0.3,6,2670331714,oracle,0.8,0.8,,1.0,0.6666666666666666,A0_any_to_last,False,False,1.1838313549467003e-40,0.9981603159862993,0,[],11,11,0.013424617698649539,0.44336628913879395,20,6,"[6, 7, 14, 15, 17, 20]","[""reacquire"", ""wrong_location"", ""reacquire"", ""reacquire"", ""wrong_location"", ""no_return""]",6,,
cart,none,0.0,6,2670331714,mlci,0.9,0.9090909090909091,,1.0,0.8333333333333334,,,,,,,,5,,,25.10663414001465,20,0,[],[],0,5,"[""FORBID at(6, 4) \u2227 E"", ""FORBID at(6, 4) \u2227 S"", ""FORBID at(5, 4) \u2227 S"", ""FORBID at(7, 5) \u2227 hasCart"", ""FORBID at(7, 2) \u2227 hasCart""]"
cart,behavioural,0.05,6,2670331714,mlci,0.9,0.9090909090909091,,1.0,0.8333333333333334,,,,,,,,5,,,29.890807390213013,20,1,[14],[],0,5,"[""FORBID at(6, 4) \u2227 E"", ""FORBID at(6, 4) \u2227 S"", ""FORBID at(5, 4) \u2227 S"", ""FORBID at(7, 5) \u2227 hasCart"", ""FORBID at(7, 2) \u2227 hasCart""]"
cart,behavioural,0.1,6,2670331714,mlci,0.9,0.9090909090909091,,1.0,0.8333333333333334,,,,,,,,5,,,29.428892374038696,20,2,"[14, 20]",[],0,5,"[""FORBID at(6, 4) \u2227 E"", ""FORBID at(6, 4) \u2227 S"", ""FORBID at(5, 4) \u2227 S"", ""FORBID at(7, 5) \u2227 hasCart"", ""FORBID at(7, 2) \u2227 hasCart""]"
cart,behavioural,0.2,6,2670331714,mlci,0.9,0.9090909090909091,,1.0,0.8333333333333334,,,,,,,,5,,,22.041571617126465,20,4,"[6, 14, 17, 20]",[],0,5,"[""FORBID at(6, 4) \u2227 E"", ""FORBID at(6, 4) \u2227 S"", ""FORBID at(5, 4) \u2227 S"", ""FORBID at(7, 5) \u2227 hasCart"", ""FORBID at(7, 2) \u2227 hasCart""]"
cart,behavioural,0.3,6,2670331714,mlci,0.9,0.9090909090909091,,1.0,0.8333333333333334,,,,,,,,5,,,29.468254804611206,20,6,"[6, 7, 14, 15, 17, 20]",[],0,5,"[""FORBID at(6, 4) \u2227 E"", ""FORBID at(6, 4) \u2227 S"", ""FORBID at(5, 4) \u2227 S"", ""FORBID at(7, 5) \u2227 hasCart"", ""FORBID at(7, 2) \u2227 hasCart""]"
cart,violation,0.05,6,2670331714,mlci,0.9,0.9090909090909091,,1.0,0.8333333333333334,,,,,,,,4,,,25.2321457862854,20,1,[14],"[""reacquire""]",1,4,"[""FORBID at(6, 4) \u2227 E"", ""FORBID at(6, 4) \u2227 S"", ""FORBID at(5, 4) \u2227 S"", ""FORBID at(7, 5) \u2227 hasCart""]"
cart,violation,0.1,6,2670331714,mlci,0.4,0.0,,0.0,0.0,,,,,,,,0,,,5.250797986984253,20,2,"[14, 20]","[""reacquire"", ""no_return""]",2,0,[]
cart,violation,0.2,6,2670331714,mlci,0.4,0.0,,0.0,0.0,,,,,,,,0,,,4.108069896697998,20,4,"[6, 14, 17, 20]","[""reacquire"", ""reacquire"", ""wrong_location"", ""no_return""]",4,0,[]
cart,violation,0.3,6,2670331714,mlci,0.4,0.0,,0.0,0.0,,,,,,,,0,,,4.331401824951172,20,6,"[6, 7, 14, 15, 17, 20]","[""reacquire"", ""wrong_location"", ""reacquire"", ""reacquire"", ""wrong_location"", ""no_return""]",6,0,[]
cart,none,0.0,7,1620530134,full,0.8,0.8,,1.0,0.6666666666666666,A0_any_to_last,False,False,,0.9999999999999871,0,[],5,5,1.2878587085651734e-14,0.1358194351196289,20,0,[],[],0,,
cart,behavioural,0.05,7,1620530134,full,1.0,1.0,,1.0,1.0,H_int,True,True,0.6640029379844863,0.6640029379844863,1,[14],11,11,0.6404298770176445,0.20232701301574707,20,1,[14],[],0,,
cart,behavioural,0.1,7,1620530134,full,1.0,1.0,,1.0,1.0,H_int,True,True,0.6640029379844833,0.6640029379844833,2,"[11, 14]",11,17,0.6404298770176465,0.23858094215393066,20,2,"[11, 14]",[],0,,
cart,behavioural,0.2,7,1620530134,full,1.0,1.0,,1.0,1.0,H_int,True,True,0.6640029379845087,0.6640029379845087,4,"[8, 11, 14, 16]",11,29,0.6404298770176333,0.31910181045532227,20,4,"[8, 11, 14, 16]",[],0,,
cart,behavioural,0.3,7,1620530134,full,1.0,1.0,,1.0,1.0,H_int,True,True,0.6640029379845125,0.6640029379845125,5,"[5, 8, 11, 14, 16]",11,35,0.6404298770176313,0.3977680206298828,20,6,"[1, 5, 8, 11, 14, 16]",[],0,,
cart,violation,0.05,7,1620530134,full,0.8,0.8,,1.0,0.6666666666666666,A0_any_to_last,False,False,,0.9999999999999871,0,[],5,5,1.2878587085651734e-14,0.24201011657714844,20,1,[14],"[""reacquire""]",1,,
cart,violation,0.1,7,1620530134,full,0.8,0.8,,1.0,0.6666666666666666,A0_any_to_last,False,False,,1.0000000000000133,0,[],5,5,-1.3322676295501967e-14,0.0918281078338623,20,2,"[11, 14]","[""reacquire"", ""reacquire""]",2,,
cart,violation,0.2,7,1620530134,full,0.8,0.8,,1.0,0.6666666666666666,A0_any_to_last,False,False,,0.9999999999999978,0,[],5,5,2.2204460492503103e-15,0.14415383338928223,20,4,"[8, 11, 14, 16]","[""reacquire"", ""reacquire"", ""reacquire"", ""wrong_location""]",4,,
cart,violation,0.3,7,1620530134,full,0.8,0.8,,1.0,0.6666666666666666,A0_any_to_last,False,False,,0.9999999999999896,0,[],5,5,1.0436096431476418e-14,0.09159970283508301,20,6,"[1, 5, 8, 11, 14, 16]","[""reacquire"", ""reacquire"", ""reacquire"", ""reacquire"", ""reacquire"", ""wrong_location""]",6,,
cart,none,0.0,7,1620530134,fixed,0.8,0.8,,1.0,0.6666666666666666,A0_any_to_last,False,False,,0.9999999999999871,0,[],5,5,1.2878587085651734e-14,0.19722557067871094,20,0,[],[],0,,
cart,behavioural,0.05,7,1620530134,fixed,0.8,0.8,,1.0,0.6666666666666666,A0_any_to_last,False,False,,1.0000000000000258,0,[],5,5,-2.5757174171303963e-14,0.2870028018951416,20,1,[14],[],0,,
cart,behavioural,0.1,7,1620530134,fixed,0.8,0.8,,1.0,0.6666666666666666,A0_any_to_last,False,False,,0.999999999999976,0,[],5,5,2.3980817331903094e-14,0.15110206604003906,20,2,"[11, 14]",[],0,,
cart,behavioural,0.2,7,1620530134,fixed,0.8,0.8,,1.0,0.6666666666666666,A0_any_to_last,False,False,,0.9999999999999734,0,[],5,5,2.6645352591003404e-14,0.12365102767944336,20,4,"[8, 11, 14, 16]",[],0,,
cart,behavioural,0.3,7,1620530134,fixed,0.8,0.8,,1.0,0.6666666666666666,A0_any_to_last,False,False,,0.9999999999999813,0,[],5,5,1.8651746813702456e-14,0.31557440757751465,20,6,"[1, 5, 8, 11, 14, 16]",[],0,,
cart,violation,0.05,7,1620530134,fixed,0.8,0.8,,1.0,0.6666666666666666,A0_any_to_last,False,False,,0.9999999999999871,0,[],5,5,1.2878587085651734e-14,0.14643144607543945,20,1,[14],"[""reacquire""]",1,,
cart,violation,0.1,7,1620530134,fixed,0.8,0.8,,1.0,0.6666666666666666,A0_any_to_last,False,False,,1.0000000000000133,0,[],5,5,-1.3322676295501967e-14,0.18462181091308594,20,2,"[11, 14]","[""reacquire"", ""reacquire""]",2,,
cart,violation,0.2,7,1620530134,fixed,0.8,0.8,,1.0,0.6666666666666666,A0_any_to_last,False,False,,0.9999999999999978,0,[],5,5,2.2204460492503103e-15,0.13799047470092773,20,4,"[8, 11, 14, 16]","[""reacquire"", ""reacquire"", ""reacquire"", ""wrong_location""]",4,,
cart,violation,0.3,7,1620530134,fixed,0.8,0.8,,1.0,0.6666666666666666,A0_any_to_last,False,False,,0.9999999999999896,0,[],5,5,1.0436096431476418e-14,0.13220477104187012,20,6,"[1, 5, 8, 11, 14, 16]","[""reacquire"", ""reacquire"", ""reacquire"", ""reacquire"", ""reacquire"", ""wrong_location""]",6,,
cart,none,0.0,7,1620530134,oracle,1.0,1.0,,1.0,1.0,H_int,True,True,0.6640029379845016,0.6640029379845016,0,[],11,11,0.6404298770176361,0.6500077247619629,20,0,[],[],0,,
cart,behavioural,0.05,7,1620530134,oracle,1.0,1.0,,1.0,1.0,H_int,True,True,0.6640029379844863,0.6640029379844863,0,[],11,11,0.6404298770176445,0.49993348121643066,20,1,[14],[],0,,
cart,behavioural,0.1,7,1620530134,oracle,1.0,1.0,,1.0,1.0,H_int,True,True,0.6640029379844833,0.6640029379844833,0,[],11,11,0.6404298770176465,0.28846001625061035,20,2,"[11, 14]",[],0,,
cart,behavioural,0.2,7,1620530134,oracle,1.0,1.0,,1.0,1.0,H_int,True,True,0.6640029379845087,0.6640029379845087,0,[],11,11,0.6404298770176333,0.23404812812805176,20,4,"[8, 11, 14, 16]",[],0,,
cart,behavioural,0.3,7,1620530134,oracle,1.0,1.0,,1.0,1.0,H_int,True,True,0.6640029379845125,0.6640029379845125,0,[],11,11,0.6404298770176313,0.2202281951904297,20,6,"[1, 5, 8, 11, 14, 16]",[],0,,
cart,violation,0.05,7,1620530134,oracle,0.8,0.8,,1.0,0.6666666666666666,A0_any_to_last,False,False,3.900687229297419e-16,0.999241653772003,0,[],11,11,0.006206298888685467,0.27815675735473633,20,1,[14],"[""reacquire""]",1,,
cart,violation,0.1,7,1620530134,oracle,0.8,0.8,,1.0,0.6666666666666666,A0_any_to_last,False,False,2.0779680485661885e-30,0.999241632926315,0,[],11,11,0.0062064486356328856,0.4481537342071533,20,2,"[11, 14]","[""reacquire"", ""reacquire""]",2,,
cart,violation,0.2,7,1620530134,oracle,0.8,0.8,,1.0,0.6666666666666666,A0_any_to_last,False,False,1.8288186963538594e-42,0.9989881376804817,0,[],11,11,0.00798911509304523,0.19211506843566895,20,4,"[8, 11, 14, 16]","[""reacquire"", ""reacquire"", ""reacquire"", ""wrong_location""]",4,,
cart,violation,0.3,7,1620530134,oracle,0.8,0.8,,1.0,0.6666666666666666,A0_any_to_last,False,False,1.1432495565079487e-69,0.9989881039325562,0,[],11,11,0.007989347782709898,0.23259496688842773,20,6,"[1, 5, 8, 11, 14, 16]","[""reacquire"", ""reacquire"", ""reacquire"", ""reacquire"", ""reacquire"", ""wrong_location""]",6,,
cart,none,0.0,7,1620530134,mlci,0.8,0.8,,1.0,0.6666666666666666,,,,,,,,4,,,26.93302583694458,20,0,[],[],0,4,"[""FORBID at(6, 4) \u2227 E"", ""FORBID at(6, 4) \u2227 S"", ""FORBID at(5, 4) \u2227 S"", ""FORBID at(4, 5) \u2227 hasCart""]"
cart,behavioural,0.05,7,1620530134,mlci,0.8,0.8,,1.0,0.6666666666666666,,,,,,,,3,,,19.911876916885376,20,1,[14],[],0,3,"[""FORBID at(6, 4) \u2227 E"", ""FORBID at(6, 4) \u2227 S"", ""FORBID at(6, 5) \u2227 hasCart""]"
cart,behavioural,0.1,7,1620530134,mlci,0.8,0.8,,1.0,0.6666666666666666,,,,,,,,3,,,19.85582685470581,20,2,"[11, 14]",[],0,3,"[""FORBID at(6, 4) \u2227 E"", ""FORBID at(6, 4) \u2227 S"", ""FORBID at(6, 5) \u2227 hasCart""]"
cart,behavioural,0.2,7,1620530134,mlci,0.8,0.8,,1.0,0.6666666666666666,,,,,,,,1,,,11.069984436035156,20,4,"[8, 11, 14, 16]",[],0,1,"[""FORBID at(9, 5) \u2227 hasCart""]"
cart,behavioural,0.3,7,1620530134,mlci,0.8,0.8,,1.0,0.6666666666666666,,,,,,,,1,,,10.358877658843994,20,6,"[1, 5, 8, 11, 14, 16]",[],0,1,"[""FORBID at(9, 5) \u2227 hasCart""]"
cart,violation,0.05,7,1620530134,mlci,0.8,0.8,,1.0,0.6666666666666666,,,,,,,,4,,,25.211766958236694,20,1,[14],"[""reacquire""]",1,4,"[""FORBID at(6, 4) \u2227 E"", ""FORBID at(6, 4) \u2227 S"", ""FORBID at(5, 4) \u2227 S"", ""FORBID at(4, 5) \u2227 hasCart""]"
cart,violation,0.1,7,1620530134,mlci,0.8,0.8,,1.0,0.6666666666666666,,,,,,,,4,,,21.818803548812866,20,2,"[11, 14]","[""reacquire"", ""reacquire""]",2,4,"[""FORBID at(6, 4) \u2227 E"", ""FORBID at(6, 4) \u2227 S"", ""FORBID at(5, 4) \u2227 S"", ""FORBID at(4, 5) \u2227 hasCart""]"
cart,violation,0.2,7,1620530134,mlci,0.4,0.0,,0.0,0.0,,,,,,,,0,,,4.246343612670898,20,4,"[8, 11, 14, 16]","[""reacquire"", ""reacquire"", ""reacquire"", ""wrong_location""]",4,0,[]
cart,violation,0.3,7,1620530134,mlci,0.4,0.0,,0.0,0.0,,,,,,,,0,,,3.1637537479400635,20,6,"[1, 5, 8, 11, 14, 16]","[""reacquire"", ""reacquire"", ""reacquire"", ""reacquire"", ""reacquire"", ""wrong_location""]",6,0,[]
cart,none,0.0,8,1458001485,full,0.8,0.8,,1.0,0.6666666666666666,A0_any_to_last,False,False,,0.9999999999999978,0,[],5,5,2.2204460492503103e-15,0.12111663818359375,20,0,[],[],0,,
cart,behavioural,0.05,8,1458001485,full,1.0,1.0,,1.0,1.0,H_int,True,True,0.6640027889380226,0.6640027889380226,1,[15],11,11,0.640429981548055,0.39013099670410156,20,1,[15],[],0,,
cart,behavioural,0.1,8,1458001485,full,1.0,1.0,,1.0,1.0,H_int,True,True,0.6640027889380223,0.6640027889380223,2,"[4, 15]",11,17,0.6404299815480549,0.46654820442199707,20,2,"[4, 15]",[],0,,
cart,behavioural,0.2,8,1458001485,full,1.0,1.0,,1.0,1.0,H_int,True,True,0.6640027889380288,0.6640027889380288,4,"[4, 9, 12, 15]",11,29,0.6404299815480508,0.2749152183532715,20,4,"[4, 9, 12, 15]",[],0,,
cart,behavioural,0.3,8,1458001485,full,1.0,1.0,,1.0,1.0,H_int,True,True,0.6640027889380323,0.6640027889380323,6,"[4, 5, 9, 12, 13, 15]",11,41,0.6404299815480488,0.41346311569213867,20,6,"[4, 5, 9, 12, 13, 15]",[],0,,
cart,violation,0.05,8,1458001485,full,0.8,0.8,,1.0,0.6666666666666666,A0_any_to_last,False,False,,0.9999999999999911,0,[],5,5,8.881784197001213e-15,0.1139833927154541,20,1,[15],"[""reacquire""]",1,,
cart,violation,0.1,8,1458001485,full,0.8,0.8,,1.0,0.6666666666666666,A0_any_to_last,False,False,,0.9999999999999951,0,[],5,5,4.884981308350677e-15,0.1719834804534912,20,2,"[4, 15]","[""reacquire"", ""reacquire""]",2,,
cart,violation,0.2,8,1458001485,full,0.8,0.8,,1.0,0.6666666666666666,A0_any_to_last,False,False,,0.9999999999999978,0,[],5,5,2.2204460492503103e-15,0.11727166175842285,20,4,"[4, 9, 12, 15]","[""reacquire"", ""no_return"", ""reacquire"", ""reacquire""]",4,,
cart,violation,0.3,8,1458001485,full,0.8,0.8,,1.0,0.6666666666666666,A0_any_to_last,False,False,,1.000000000000013,0,[],5,5,-1.3100631690576934e-14,0.13854026794433594,20,6,"[4, 5, 9, 12, 13, 15]","[""reacquire"", ""no_return"", ""no_return"", ""reacquire"", ""no_return"", ""reacquire""]",6,,
cart,none,0.0,8,1458001485,fixed,0.8,0.8,,1.0,0.6666666666666666,A0_any_to_last,False,False,,0.9999999999999978,0,[],5,5,2.2204460492503103e-15,0.11458969116210938,20,0,[],[],0,,
cart,behavioural,0.05,8,1458001485,fixed,0.8,0.8,,1.0,0.6666666666666666,A0_any_to_last,False,False,,0.9999999999999871,0,[],5,5,1.2878587085651734e-14,0.11792135238647461,20,1,[15],[],0,,
cart,behavioural,0.1,8,1458001485,fixed,0.8,0.8,,1.0,0.6666666666666666,A0_any_to_last,False,False,,1.0000000000000009,0,[],5,5,-8.881784197001256e-16,0.12673187255859375,20,2,"[4, 15]",[],0,,
cart,behavioural,0.2,8,1458001485,fixed,0.8,0.8,,1.0,0.6666666666666666,A0_any_to_last,False,False,,0.9999999999999911,0,[],5,5,8.881784197001213e-15,0.08338046073913574,20,4,"[4, 9, 12, 15]",[],0,,
cart,behavioural,0.3,8,1458001485,fixed,0.8,0.8,,1.0,0.6666666666666666,A0_any_to_last,False,False,,0.9999999999999933,0,[],5,5,6.661338147750917e-15,0.22739267349243164,20,6,"[4, 5, 9, 12, 13, 15]",[],0,,
cart,violation,0.05,8,1458001485,fixed,0.8,0.8,,1.0,0.6666666666666666,A0_any_to_last,False,False,,0.9999999999999911,0,[],5,5,8.881784197001213e-15,0.2723550796508789,20,1,[15],"[""reacquire""]",1,,
cart,violation,0.1,8,1458001485,fixed,0.8,0.8,,1.0,0.6666666666666666,A0_any_to_last,False,False,,0.9999999999999951,0,[],5,5,4.884981308350677e-15,0.361691951751709,20,2,"[4, 15]","[""reacquire"", ""reacquire""]",2,,
cart,violation,0.2,8,1458001485,fixed,0.8,0.8,,1.0,0.6666666666666666,A0_any_to_last,False,False,,0.9999999999999978,0,[],5,5,2.2204460492503103e-15,0.17966628074645996,20,4,"[4, 9, 12, 15]","[""reacquire"", ""no_return"", ""reacquire"", ""reacquire""]",4,,
cart,violation,0.3,8,1458001485,fixed,0.8,0.8,,1.0,0.6666666666666666,A0_any_to_last,False,False,,1.000000000000013,0,[],5,5,-1.3100631690576934e-14,0.09881901741027832,20,6,"[4, 5, 9, 12, 13, 15]","[""reacquire"", ""no_return"", ""no_return"", ""reacquire"", ""no_return"", ""reacquire""]",6,,
cart,none,0.0,8,1458001485,oracle,1.0,1.0,,1.0,1.0,H_int,True,True,0.664002788938022,0.664002788938022,0,[],11,11,0.640429981548055,0.2600734233856201,20,0,[],[],0,,
cart,behavioural,0.05,8,1458001485,oracle,1.0,1.0,,1.0,1.0,H_int,True,True,0.6640027889380226,0.6640027889380226,0,[],11,11,0.640429981548055,0.2873706817626953,20,1,[15],[],0,,
cart,behavioural,0.1,8,1458001485,oracle,1.0,1.0,,1.0,1.0,H_int,True,True,0.6640027889380223,0.6640027889380223,0,[],11,11,0.6404299815480549,0.16424775123596191,20,2,"[4, 15]",[],0,,
cart,behavioural,0.2,8,1458001485,oracle,1.0,1.0,,1.0,1.0,H_int,True,True,0.6640027889380288,0.6640027889380288,0,[],11,11,0.6404299815480508,0.18939661979675293,20,4,"[4, 9, 12, 15]",[],0,,
cart,behavioural,0.3,8,1458001485,oracle,1.0,1.0,,1.0,1.0,H_int,True,True,0.6640027889380323,0.6640027889380323,0,[],11,11,0.6404299815480488,0.19130349159240723,20,6,"[4, 5, 9, 12, 13, 15]",[],0,,
cart,violation,0.05,8,1458001485,oracle,0.8,0.8,,1.0,0.6666666666666666,A0_any_to_last,False,False,4.0041916753201095e-16,0.9992416650718612,0,[],11,11,0.006206217714830401,0.24262213706970215,20,1,[15],"[""reacquire""]",1,,
cart,violation,0.1,8,1458001485,oracle,0.8,0.8,,1.0,0.6666666666666666,A0_any_to_last,False,False,2.298057847218801e-30,0.9992416532471478,0,[],11,11,0.0062063026590106225,0.2218308448791504,20,2,"[4, 15]","[""reacquire"", ""reacquire""]",2,,
cart,violation,0.2,8,1458001485,oracle,0.8,0.8,,1.0,0.6666666666666666,A0_any_to_last,False,False,2.7003927170744586e-42,0.9989881449288045,0,[],11,11,0.007989065116162802,0.32700395584106445,20,4,"[4, 9, 12, 15]","[""reacquire"", ""no_return"", ""reacquire"", ""reacquire""]",4,,
cart,violation,0.3,8,1458001485,oracle,0.8,0.8,,1.0,0.6666666666666666,A0_any_to_last,False,False,5.781775583202288e-41,0.9981597044034747,0,[],11,11,0.013428468318017233,0.2329390048980713,20,6,"[4, 5, 9, 12, 13, 15]","[""reacquire"", ""no_return"", ""no_return"", ""reacquire"", ""no_return"", ""reacquire""]",6,,
cart,none,0.0,8,1458001485,mlci,0.6,0.5,,1.0,0.3333333333333333,,,,,,,,4,,,18.135613918304443,20,0,[],[],0,4,"[""FORBID at(7, 4) \u2227 true"", ""FORBID at(6, 4) \u2227 S"", ""FORBID at(5, 4) \u2227 S"", ""FORBID at(7, 2) \u2227 hasCart""]"
cart,behavioural,0.05,8,1458001485,mlci,0.8,0.8,,1.0,0.6666666666666666,,,,,,,,4,,,18.401904106140137,20,1,[15],[],0,4,"[""FORBID at(6, 4) \u2227 E"", ""FORBID at(6, 4) \u2227 S"", ""FORBID at(5, 4) \u2227 S"", ""FORBID at(9, 5) \u2227 hasCart""]"
cart,behavioural,0.1,8,1458001485,mlci,0.9,0.9090909090909091,,1.0,0.8333333333333334,,,,,,,,2,,,9.688302278518677,20,2,"[4, 15]",[],0,2,"[""FORBID at(6, 4) \u2227 E"", ""FORBID at(8, 5) \u2227 hasCart""]"
cart,behavioural,0.2,8,1458001485,mlci,0.8,0.8,,1.0,0.6666666666666666,,,,,,,,1,,,6.171923398971558,20,4,"[4, 9, 12, 15]",[],0,1,"[""FORBID at(9, 5) \u2227 hasCart""]"
cart,behavioural,0.3,8,1458001485,mlci,0.8,0.8,,1.0,0.6666666666666666,,,,,,,,1,,,6.656320571899414,20,6,"[4, 5, 9, 12, 13, 15]",[],0,1,"[""FORBID at(9, 5) \u2227 hasCart""]"
cart,violation,0.05,8,1458001485,mlci,0.6,0.5,,1.0,0.3333333333333333,,,,,,,,4,,,18.6002094745636,20,1,[15],"[""reacquire""]",1,4,"[""FORBID at(7, 4) \u2227 true"", ""FORBID at(6, 4) \u2227 S"", ""FORBID at(5, 4) \u2227 S"", ""FORBID at(7, 2) \u2227 hasCart""]"
cart,violation,0.1,8,1458001485,mlci,0.6,0.5,,1.0,0.3333333333333333,,,,,,,,4,,,17.24425721168518,20,2,"[4, 15]","[""reacquire"", ""reacquire""]",2,4,"[""FORBID at(7, 4) \u2227 true"", ""FORBID at(6, 4) \u2227 S"", ""FORBID at(5, 4) \u2227 S"", ""FORBID at(7, 3) \u2227 true""]"
cart,violation,0.2,8,1458001485,mlci,0.6,0.5,,1.0,0.3333333333333333,,,,,,,,1,,,6.897136449813843,20,4,"[4, 9, 12, 15]","[""reacquire"", ""no_return"", ""reacquire"", ""reacquire""]",4,1,"[""FORBID at(7, 4) \u2227 true""]"
cart,violation,0.3,8,1458001485,mlci,0.4,0.0,,0.0,0.0,,,,,,,,1,,,7.688959121704102,20,6,"[4, 5, 9, 12, 13, 15]","[""reacquire"", ""no_return"", ""no_return"", ""reacquire"", ""no_return"", ""reacquire""]",6,1,"[""FORBID at(7, 4) \u2227 E""]"
cart,none,0.0,9,1820157863,full,0.8,0.8,,1.0,0.6666666666666666,A0_any_to_last,False,False,,0.9999999999999973,0,[],5,5,2.664535259100372e-15,0.1168203353881836,20,0,[],[],0,,
cart,behavioural,0.05,9,1820157863,full,1.0,1.0,,1.0,1.0,H_int,True,True,0.6639900543229669,0.6639900543229669,1,[3],11,11,0.6404389654276375,0.23533391952514648,20,1,[3],[],0,,
cart,behavioural,0.1,9,1820157863,full,1.0,1.0,,1.0,1.0,H_int,True,True,0.6639900543229619,0.6639900543229619,2,"[3, 16]",11,17,0.6404389654276401,0.2561073303222656,20,2,"[3, 16]",[],0,,
cart,behavioural,0.2,9,1820157863,full,1.0,1.0,,1.0,1.0,H_int,True,True,0.6639900543229589,0.6639900543229589,4,"[3, 4, 7, 16]",11,29,0.6404389654276419,0.23676204681396484,20,4,"[3, 4, 7, 16]",[],0,,
cart,behavioural,0.3,9,1820157863,full,1.0,1.0,,1.0,1.0,H_int,True,True,0.6639900543229533,0.6639900543229533,5,"[3, 4, 7, 10, 16]",11,35,0.6404389654276453,0.2794787883758545,20,6,"[1, 3, 4, 7, 10, 16]",[],0,,
cart,violation,0.05,9,1820157863,full,0.8,0.8,,1.0,0.6666666666666666,A0_any_to_last,False,False,,0.9999999999999944,0,[],5,5,5.551115123125768e-15,0.14422154426574707,20,1,[3],"[""wrong_location""]",1,,
cart,violation,0.1,9,1820157863,full,0.8,0.8,,1.0,0.6666666666666666,A0_any_to_last,False,False,,1.0000000000000018,0,[],5,5,-1.776356839400252e-15,0.12825250625610352,20,2,"[3, 16]","[""wrong_location"", ""reacquire""]",2,,
cart,violation,0.2,9,1820157863,full,0.8,0.8,,1.0,0.6666666666666666,A0_any_to_last,False,False,3.690095366782092e-14,0.9981592703235762,1,[4],11,11,0.013431201229092459,0.22590923309326172,20,4,"[3, 4, 7, 16]","[""wrong_location"", ""no_return"", ""no_return"", ""reacquire""]",4,,
cart,violation,0.3,9,1820157863,full,0.6,0.5,,1.0,0.3333333333333333,A0_visit_last,False,False,,0.9741473775349527,0,[],5,5,0.13469455464808033,4.763134956359863,20,6,"[1, 3, 4, 7, 10, 16]","[""wrong_location"", ""wrong_location"", ""no_return"", ""no_return"", ""reacquire"", ""reacquire""]",6,,
cart,none,0.0,9,1820157863,fixed,0.8,0.8,,1.0,0.6666666666666666,A0_any_to_last,False,False,,0.9999999999999973,0,[],5,5,2.664535259100372e-15,0.13262939453125,20,0,[],[],0,,
cart,behavioural,0.05,9,1820157863,fixed,0.8,0.8,,1.0,0.6666666666666666,A0_any_to_last,False,False,,0.9999999999999858,0,[],5,5,1.4210854715201903e-14,0.14925432205200195,20,1,[3],[],0,,
cart,behavioural,0.1,9,1820157863,fixed,0.8,0.8,,1.0,0.6666666666666666,A0_any_to_last,False,False,,0.999999999999976,0,[],5,5,2.3980817331903094e-14,0.1542510986328125,20,2,"[3, 16]",[],0,,
cart,behavioural,0.2,9,1820157863,fixed,0.8,0.8,,1.0,0.6666666666666666,A0_any_to_last,False,False,,0.999999999999976,0,[],5,5,2.3980817331903094e-14,0.1566636562347412,20,4,"[3, 4, 7, 16]",[],0,,
cart,behavioural,0.3,9,1820157863,fixed,0.8,0.8,,1.0,0.6666666666666666,A0_any_to_last,False,False,,0.999999999999984,0,[],5,5,1.5987211554602128e-14,0.12485909461975098,20,6,"[1, 3, 4, 7, 10, 16]",[],0,,
cart,violation,0.05,9,1820157863,fixed,0.8,0.8,,1.0,0.6666666666666666,A0_any_to_last,False,False,,0.9999999999999944,0,[],5,5,5.551115123125768e-15,0.1459345817565918,20,1,[3],"[""wrong_location""]",1,,
cart,violation,0.1,9,1820157863,fixed,0.8,0.8,,1.0,0.6666666666666666,A0_any_to_last,False,False,,1.0000000000000018,0,[],5,5,-1.776356839400252e-15,0.10020828247070312,20,2,"[3, 16]","[""wrong_location"", ""reacquire""]",2,,
cart,violation,0.2,9,1820157863,fixed,0.8,0.8,,1.0,0.6666666666666666,A0_any_to_last,False,False,,1.0000000000000038,0,[],5,5,-3.774758283725539e-15,0.12499713897705078,20,4,"[3, 4, 7, 16]","[""wrong_location"", ""no_return"", ""no_return"", ""reacquire""]",4,,
cart,violation,0.3,9,1820157863,fixed,0.6,0.5,,1.0,0.3333333333333333,A0_visit_last,False,False,,0.9741473775349527,0,[],5,5,0.13469455464808033,1.5475819110870361,20,6,"[1, 3, 4, 7, 10, 16]","[""wrong_location"", ""wrong_location"", ""no_return"", ""no_return"", ""reacquire"", ""reacquire""]",6,,
cart,none,0.0,9,1820157863,oracle,1.0,1.0,,1.0,1.0,H_int,True,True,0.6639900543229418,0.6639900543229418,0,[],11,11,0.6404389654276517,0.3081018924713135,20,0,[],[],0,,
cart,behavioural,0.05,9,1820157863,oracle,1.0,1.0,,1.0,1.0,H_int,True,True,0.6639900543229669,0.6639900543229669,0,[],11,11,0.6404389654276375,0.22464919090270996,20,1,[3],[],0,,
cart,behavioural,0.1,9,1820157863,oracle,1.0,1.0,,1.0,1.0,H_int,True,True,0.6639900543229619,0.6639900543229619,0,[],11,11,0.6404389654276401,0.35718441009521484,20,2,"[3, 16]",[],0,,
cart,behavioural,0.2,9,1820157863,oracle,1.0,1.0,,1.0,1.0,H_int,True,True,0.6639900543229589,0.6639900543229589,0,[],11,11,0.6404389654276419,0.24019908905029297,20,4,"[3, 4, 7, 16]",[],0,,
cart,behavioural,0.3,9,1820157863,oracle,1.0,1.0,,1.0,1.0,H_int,True,True,0.6639900543229533,0.6639900543229533,0,[],11,11,0.6404389654276453,0.25499391555786133,20,6,"[1, 3, 4, 7, 10, 16]",[],0,,
cart,violation,0.05,9,1820157863,oracle,1.0,1.0,,1.0,1.0,H_int,True,True,0.6344976824385219,0.6344976824385219,0,[],11,11,0.6594386575264538,0.2558441162109375,20,1,[3],"[""wrong_location""]",1,,
cart,violation,0.1,9,1820157863,oracle,0.8,0.8,,1.0,0.6666666666666666,A0_any_to_last,False,False,1.0422103942551106e-14,0.9989880801441321,0,[],11,11,0.007989511802013492,0.23347067832946777,20,2,"[3, 16]","[""wrong_location"", ""reacquire""]",2,,
cart,violation,0.2,9,1820157863,oracle,0.8,0.8,,1.0,0.6666666666666666,A0_any_to_last,False,False,3.690095366782092e-14,0.9981592703235762,0,[],11,11,0.013431201229092459,0.30553555488586426,20,4,"[3, 4, 7, 16]","[""wrong_location"", ""no_return"", ""no_return"", ""reacquire""]",4,,
cart,violation,0.3,9,1820157863,oracle,0.6,0.5,,1.0,0.3333333333333333,A0_visit_last,False,False,,0.8336487125365004,0,[],11,11,0.5569548846464245,4.577246189117432,20,6,"[1, 3, 4, 7, 10, 16]","[""wrong_location"", ""wrong_location"", ""no_return"", ""no_return"", ""reacquire"", ""reacquire""]",6,,
cart,none,0.0,9,1820157863,mlci,1.0,1.0,,1.0,1.0,,,,,,,,3,,,15.885953664779663,20,0,[],[],0,3,"[""FORBID at(7, 4) \u2227 true"", ""FORBID at(6, 4) \u2227 S"", ""FORBID at(7, 5) \u2227 hasCart""]"
cart,behavioural,0.05,9,1820157863,mlci,0.9,0.9090909090909091,,1.0,0.8333333333333334,,,,,,,,3,,,15.147528886795044,20,1,[3],[],0,3,"[""FORBID at(6, 4) \u2227 E"", ""FORBID at(6, 4) \u2227 S"", ""FORBID at(7, 5) \u2227 hasCart""]"
cart,behavioural,0.1,9,1820157863,mlci,0.9,0.9090909090909091,,1.0,0.8333333333333334,,,,,,,,3,,,15.292197465896606,20,2,"[3, 16]",[],0,3,"[""FORBID at(6, 4) \u2227 E"", ""FORBID at(6, 4) \u2227 S"", ""FORBID at(7, 5) \u2227 hasCart""]"
cart,behavioural,0.2,9,1820157863,mlci,0.9,0.9090909090909091,,1.0,0.8333333333333334,,,,,,,,3,,,12.175337553024292,20,4,"[3, 4, 7, 16]",[],0,3,"[""FORBID at(6, 4) \u2227 E"", ""FORBID at(6, 4) \u2227 S"", ""FORBID at(7, 5) \u2227 hasCart""]"
cart,behavioural,0.3,9,1820157863,mlci,0.9,0.9090909090909091,,1.0,0.8333333333333334,,,,,,,,3,,,15.110601902008057,20,6,"[1, 3, 4, 7, 10, 16]",[],0,3,"[""FORBID at(6, 4) \u2227 E"", ""FORBID at(6, 4) \u2227 S"", ""FORBID at(7, 5) \u2227 hasCart""]"
cart,violation,0.05,9,1820157863,mlci,0.8,0.8,,1.0,0.6666666666666666,,,,,,,,1,,,7.141648530960083,20,1,[3],"[""wrong_location""]",1,1,"[""FORBID at(9, 5) \u2227 hasCart""]"
cart,violation,0.1,9,1820157863,mlci,0.4,0.0,,0.0,0.0,,,,,,,,0,,,3.6173102855682373,20,2,"[3, 16]","[""wrong_location"", ""reacquire""]",2,0,[]
cart,violation,0.2,9,1820157863,mlci,0.4,0.0,,0.0,0.0,,,,,,,,0,,,3.7318241596221924,20,4,"[3, 4, 7, 16]","[""wrong_location"", ""no_return"", ""no_return"", ""reacquire""]",4,0,[]
cart,violation,0.3,9,1820157863,mlci,0.4,0.0,,0.0,0.0,,,,,,,,0,,,2.6053011417388916,20,6,"[1, 3, 4, 7, 10, 16]","[""wrong_location"", ""wrong_location"", ""no_return"", ""no_return"", ""reacquire"", ""reacquire""]",6,0,[]
cart,none,0.0,10,4002951115,full,0.8,0.8,,1.0,0.6666666666666666,A0_any_to_last,False,False,,0.9999999999999964,0,[],5,5,3.5527136788004946e-15,0.17986011505126953,20,0,[],[],0,,
cart,behavioural,0.05,10,4002951115,full,1.0,1.0,,1.0,1.0,H_int,True,True,0.6640027580089938,0.6640027580089938,1,[4],11,11,0.6404300039951729,0.16326236724853516,20,1,[4],[],0,,
cart,behavioural,0.1,10,4002951115,full,1.0,1.0,,1.0,1.0,H_int,True,True,0.6640027580089973,0.6640027580089973,2,"[4, 16]",11,17,0.6404300039951708,0.47142529487609863,20,2,"[4, 16]",[],0,,
cart,behavioural,0.2,10,4002951115,full,1.0,1.0,,1.0,1.0,H_int,True,True,0.6640027580089973,0.6640027580089973,4,"[4, 14, 16, 17]",11,29,0.6404300039951708,0.25936007499694824,20,4,"[4, 14, 16, 17]",[],0,,
cart,behavioural,0.3,10,4002951115,full,1.0,1.0,,1.0,1.0,H_int,True,True,0.6640027580089678,0.6640027580089678,6,"[4, 10, 14, 15, 16, 17]",11,41,0.6404300039951867,0.27317309379577637,20,6,"[4, 10, 14, 15, 16, 17]",[],0,,
cart,violation,0.05,10,4002951115,full,0.8,0.8,,1.0,0.6666666666666666,A0_any_to_last,False,False,,1.000000000000012,0,[],5,5,-1.1990408665951762e-14,0.16395115852355957,20,1,[4],"[""no_return""]",1,,
cart,violation,0.1,10,4002951115,full,0.8,0.8,,1.0,0.6666666666666666,A0_any_to_last,False,False,,1.0000000000000093,0,[],5,5,-9.325873406851358e-15,0.14887762069702148,20,2,"[4, 16]","[""no_return"", ""reacquire""]",2,,
cart,violation,0.2,10,4002951115,full,0.8,0.8,,1.0,0.6666666666666666,A0_any_to_last,False,False,,1.0000000000000135,0,[],5,5,-1.3544720900427001e-14,0.15247178077697754,20,4,"[4, 14, 16, 17]","[""no_return"", ""no_return"", ""reacquire"", ""no_return""]",4,,
cart,violation,0.3,10,4002951115,full,0.8,0.8,,1.0,0.6666666666666666,A0_any_to_last,False,False,,1.000000000000004,0,[],5,5,-3.9968028886505714e-15,0.2895536422729492,20,6,"[4, 10, 14, 15, 16, 17]","[""no_return"", ""no_return"", ""no_return"", ""no_return"", ""reacquire"", ""no_return""]",6,,
cart,none,0.0,10,4002951115,fixed,0.8,0.8,,1.0,0.6666666666666666,A0_any_to_last,False,False,,0.9999999999999964,0,[],5,5,3.5527136788004946e-15,0.19509506225585938,20,0,[],[],0,,
cart,behavioural,0.05,10,4002951115,fixed,0.8,0.8,,1.0,0.6666666666666666,A0_any_to_last,False,False,,0.9999999999999893,0,[],5,5,1.0658141036401446e-14,0.1583871841430664,20,1,[4],[],0,,
cart,behavioural,0.1,10,4002951115,fixed,0.8,0.8,,1.0,0.6666666666666666,A0_any_to_last,False,False,,0.9999999999999925,0,[],5,5,7.549516567451036e-15,0.11489129066467285,20,2,"[4, 16]",[],0,,
cart,behavioural,0.2,10,4002951115,fixed,0.8,0.8,,1.0,0.6666666666666666,A0_any_to_last,False,False,,0.9999999999999925,0,[],5,5,7.549516567451036e-15,0.18629837036132812,20,4,"[4, 14, 16, 17]",[],0,,
cart,behavioural,0.3,10,4002951115,fixed,0.8,0.8,,1.0,0.6666666666666666,A0_any_to_last,False,False,,1.0000000000000009,0,[],5,5,-8.881784197001256e-16,0.1380927562713623,20,6,"[4, 10, 14, 15, 16, 17]",[],0,,
cart,violation,0.05,10,4002951115,fixed,0.8,0.8,,1.0,0.6666666666666666,A0_any_to_last,False,False,,1.000000000000012,0,[],5,5,-1.1990408665951762e-14,0.16020727157592773,20,1,[4],"[""no_return""]",1,,
cart,violation,0.1,10,4002951115,fixed,0.8,0.8,,1.0,0.6666666666666666,A0_any_to_last,False,False,,1.0000000000000093,0,[],5,5,-9.325873406851358e-15,0.1628429889678955,20,2,"[4, 16]","[""no_return"", ""reacquire""]",2,,
cart,violation,0.2,10,4002951115,fixed,0.8,0.8,,1.0,0.6666666666666666,A0_any_to_last,False,False,,1.0000000000000135,0,[],5,5,-1.3544720900427001e-14,0.07916021347045898,20,4,"[4, 14, 16, 17]","[""no_return"", ""no_return"", ""reacquire"", ""no_return""]",4,,
cart,violation,0.3,10,4002951115,fixed,0.8,0.8,,1.0,0.6666666666666666,A0_any_to_last,False,False,,1.000000000000004,0,[],5,5,-3.9968028886505714e-15,0.2143707275390625,20,6,"[4, 10, 14, 15, 16, 17]","[""no_return"", ""no_return"", ""no_return"", ""no_return"", ""reacquire"", ""no_return""]",6,,
cart,none,0.0,10,4002951115,oracle,1.0,1.0,,1.0,1.0,H_int,True,True,0.6640027580089696,0.6640027580089696,0,[],11,11,0.6404300039951865,0.38794565200805664,20,0,[],[],0,,
cart,behavioural,0.05,10,4002951115,oracle,1.0,1.0,,1.0,1.0,H_int,True,True,0.6640027580089938,0.6640027580089938,0,[],11,11,0.6404300039951729,0.424224853515625,20,1,[4],[],0,,
cart,behavioural,0.1,10,4002951115,oracle,1.0,1.0,,1.0,1.0,H_int,True,True,0.6640027580089973,0.6640027580089973,0,[],11,11,0.6404300039951708,0.4042551517486572,20,2,"[4, 16]",[],0,,
cart,behavioural,0.2,10,4002951115,oracle,1.0,1.0,,1.0,1.0,H_int,True,True,0.6640027580089973,0.6640027580089973,0,[],11,11,0.6404300039951708,0.36900758743286133,20,4,"[4, 14, 16, 17]",[],0,,
cart,behavioural,0.3,10,4002951115,oracle,1.0,1.0,,1.0,1.0,H_int,True,True,0.6640027580089678,0.6640027580089678,0,[],11,11,0.6404300039951867,0.28647494316101074,20,6,"[4, 10, 14, 15, 16, 17]",[],0,,
cart,violation,0.05,10,4002951115,oracle,1.0,1.0,,1.0,1.0,H_int,True,True,0.6345011989817038,0.6345011989817038,0,[],11,11,0.6594367065436935,0.5049941539764404,20,1,[4],"[""no_return""]",1,,
cart,violation,0.1,10,4002951115,oracle,0.8,0.8,,1.0,0.6666666666666666,A0_any_to_last,False,False,1.1284300214731936e-14,0.9989880746430058,0,[],11,11,0.007989549731713513,0.3499889373779297,20,2,"[4, 16]","[""no_return"", ""reacquire""]",2,,
cart,violation,0.2,10,4002951115,oracle,0.8,0.8,,1.0,0.6666666666666666,A0_any_to_last,False,False,3.9155947749499736e-14,0.9981599020825874,0,[],11,11,0.013427223723200677,0.2901780605316162,20,4,"[4, 14, 16, 17]","[""no_return"", ""no_return"", ""reacquire"", ""no_return""]",4,,
cart,violation,0.3,10,4002951115,oracle,0.8,0.8,,1.0,0.6666666666666666,A0_any_to_last,False,False,5.194140029265664e-14,0.9966433652838191,0,[],11,11,0.0224731265364728,0.2647666931152344,20,6,"[4, 10, 14, 15, 16, 17]","[""no_return"", ""no_return"", ""no_return"", ""no_return"", ""reacquire"", ""no_return""]",6,,
cart,none,0.0,10,4002951115,mlci,0.5,0.2857142857142857,,1.0,0.16666666666666666,,,,,,,,5,,,24.072487592697144,20,0,[],[],0,5,"[""FORBID at(6, 4) \u2227 E"", ""FORBID at(6, 4) \u2227 S"", ""FORBID at(5, 4) \u2227 S"", ""FORBID at(4, 4) \u2227 S"", ""FORBID at(7, 2) \u2227 hasCart""]"
cart,behavioural,0.05,10,4002951115,mlci,0.5,0.2857142857142857,,1.0,0.16666666666666666,,,,,,,,5,,,25.01967430114746,20,1,[4],[],0,5,"[""FORBID at(6, 4) \u2227 E"", ""FORBID at(6, 4) \u2227 S"", ""FORBID at(5, 4) \u2227 S"", ""FORBID at(4, 4) \u2227 S"", ""FORBID at(7, 2) \u2227 hasCart""]"
cart,behavioural,0.1,10,4002951115,mlci,0.8,0.8,,1.0,0.6666666666666666,,,,,,,,4,,,17.944315910339355,20,2,"[4, 16]",[],0,4,"[""FORBID at(6, 4) \u2227 E"", ""FORBID at(6, 4) \u2227 S"", ""FORBID at(5, 4) \u2227 S"", ""FORBID at(9, 5) \u2227 hasCart""]"
cart,behavioural,0.2,10,4002951115,mlci,0.8,0.8,,1.0,0.6666666666666666,,,,,,,,4,,,17.50683617591858,20,4,"[4, 14, 16, 17]",[],0,4,"[""FORBID at(6, 4) \u2227 E"", ""FORBID at(6, 4) \u2227 S"", ""FORBID at(5, 4) \u2227 S"", ""FORBID at(9, 5) \u2227 hasCart""]"
cart,behavioural,0.3,10,4002951115,mlci,0.8,0.8,,1.0,0.6666666666666666,,,,,,,,4,,,19.564058780670166,20,6,"[4, 10, 14, 15, 16, 17]",[],0,4,"[""FORBID at(6, 4) \u2227 E"", ""FORBID at(6, 4) \u2227 S"", ""FORBID at(5, 4) \u2227 S"", ""FORBID at(9, 5) \u2227 hasCart""]"
cart,violation,0.05,10,4002951115,mlci,0.4,0.0,,0.0,0.0,,,,,,,,1,,,8.837526321411133,20,1,[4],"[""no_return""]",1,1,"[""FORBID at(6, 4) \u2227 E""]"
cart,violation,0.1,10,4002951115,mlci,0.4,0.0,,0.0,0.0,,,,,,,,1,,,9.18322205543518,20,2,"[4, 16]","[""no_return"", ""reacquire""]",2,1,"[""FORBID at(6, 4) \u2227 E""]"
cart,violation,0.2,10,4002951115,mlci,0.4,0.0,,0.0,0.0,,,,,,,,0,,,4.525979518890381,20,4,"[4, 14, 16, 17]","[""no_return"", ""no_return"", ""reacquire"", ""no_return""]",4,0,[]
cart,violation,0.3,10,4002951115,mlci,0.4,0.0,,0.0,0.0,,,,,,,,0,,,4.200618505477905,20,6,"[4, 10, 14, 15, 16, 17]","[""no_return"", ""no_return"", ""no_return"", ""no_return"", ""reacquire"", ""no_return""]",6,0,[]
cart,none,0.0,11,2029627363,full,1.0,1.0,,1.0,1.0,H_int,True,True,0.6640074293480657,0.6640074293480657,1,[3],11,11,0.6404267090740781,0.3182079792022705,20,0,[],[],0,,
cart,behavioural,0.05,11,2029627363,full,1.0,1.0,,1.0,1.0,H_int,True,True,0.66400742934805,0.66400742934805,3,"[3, 4, 5]",11,23,0.6404267090740867,0.17767024040222168,20,1,[4],[],0,,
cart,behavioural,0.1,11,2029627363,full,1.0,1.0,,1.0,1.0,H_int,True,True,0.6640074293480507,0.6640074293480507,4,"[3, 4, 5, 9]",11,29,0.6404267090740863,0.21712875366210938,20,2,"[4, 9]",[],0,,
cart,behavioural,0.2,11,2029627363,full,1.0,1.0,,1.0,1.0,H_int,True,True,0.6640074293480491,0.6640074293480491,6,"[3, 4, 5, 7, 9, 18]",11,41,0.6404267090740874,0.31208276748657227,20,4,"[4, 7, 9, 18]",[],0,,
cart,behavioural,0.3,11,2029627363,full,1.0,1.0,,1.0,1.0,H_int,True,True,0.6640074293480436,0.6640074293480436,7,"[3, 4, 5, 7, 9, 12, 18]",11,47,0.6404267090740903,0.29710936546325684,20,6,"[1, 4, 7, 9, 12, 18]",[],0,,
cart,violation,0.05,11,2029627363,full,1.0,1.0,,1.0,1.0,H_int,True,True,0.6345011347530246,0.6345011347530246,2,"[3, 5]",11,17,0.6594367502140454,0.4337501525878906,20,1,[4],"[""wrong_location""]",1,,
cart,violation,0.1,11,2029627363,full,1.0,1.0,,1.0,1.0,H_int,True,True,0.6027057171706192,0.6027057171706192,2,"[3, 5]",11,17,0.6760197419368892,0.2890915870666504,20,2,"[4, 9]","[""wrong_location"", ""wrong_location""]",2,,
cart,violation,0.2,11,2029627363,full,0.8,0.8,,1.0,0.6666666666666666,A0_any_to_last,False,False,5.388253279385469e-28,0.9986345227246687,2,"[3, 5]",11,17,0.010371575783366433,0.3413548469543457,20,4,"[4, 7, 9, 18]","[""wrong_location"", ""reacquire"", ""wrong_location"", ""reacquire""]",4,,
cart,violation,0.3,11,2029627363,full,0.8,0.8,,1.0,0.6666666666666666,A0_any_to_last,False,False,9.313609242649243e-41,0.9981587650190886,2,"[3, 5]",11,17,0.013434382429825451,0.26659226417541504,20,6,"[1, 4, 7, 9, 12, 18]","[""reacquire"", ""wrong_location"", ""reacquire"", ""wrong_location"", ""no_return"", ""reacquire""]",6,,
cart,none,0.0,11,2029627363,fixed,0.8,0.8,,1.0,0.6666666666666666,A0_any_to_last,False,False,,1.0000000000000129,0,[],5,5,-1.2878587085651898e-14,0.24736523628234863,20,0,[],[],0,,
cart,behavioural,0.05,11,2029627363,fixed,0.8,0.8,,1.0,0.6666666666666666,A0_any_to_last,False,False,,0.9999999999999947,0,[],5,5,5.329070518200737e-15,0.1305844783782959,20,1,[4],[],0,,
cart,behavioural,0.1,11,2029627363,fixed,0.8,0.8,,1.0,0.6666666666666666,A0_any_to_last,False,False,,0.9999999999999951,0,[],5,5,4.884981308350677e-15,0.25441837310791016,20,2,"[4, 9]",[],0,,
cart,behavioural,0.2,11,2029627363,fixed,0.8,0.8,,1.0,0.6666666666666666,A0_any_to_last,False,False,,0.9999999999999973,0,[],5,5,2.664535259100372e-15,0.15743184089660645,20,4,"[4, 7, 9, 18]",[],0,,
cart,behavioural,0.3,11,2029627363,fixed,0.8,0.8,,1.0,0.6666666666666666,A0_any_to_last,False,False,,0.9999999999999862,0,[],5,5,1.3766765505351846e-14,0.1578507423400879,20,6,"[1, 4, 7, 9, 12, 18]",[],0,,
cart,violation,0.05,11,2029627363,fixed,0.8,0.8,,1.0,0.6666666666666666,A0_any_to_last,False,False,,1.0000000000000089,0,[],5,5,-8.881784197001292e-15,0.15396595001220703,20,1,[4],"[""wrong_location""]",1,,
cart,violation,0.1,11,2029627363,fixed,0.8,0.8,,1.0,0.6666666666666666,A0_any_to_last,False,False,,1.000000000000009,0,[],5,5,-9.103828801926326e-15,0.1911149024963379,20,2,"[4, 9]","[""wrong_location"", ""wrong_location""]",2,,
cart,violation,0.2,11,2029627363,fixed,0.8,0.8,,1.0,0.6666666666666666,A0_any_to_last,False,False,,1.0000000000000009,0,[],5,5,-8.881784197001256e-16,0.29125261306762695,20,4,"[4, 7, 9, 18]","[""wrong_location"", ""reacquire"", ""wrong_location"", ""reacquire""]",4,,
cart,violation,0.3,11,2029627363,fixed,0.8,0.8,,1.0,0.6666666666666666,A0_any_to_last,False,False,,1.0000000000000044,0,[],5,5,-4.4408920985006364e-15,0.17309784889221191,20,6,"[1, 4, 7, 9, 12, 18]","[""reacquire"", ""wrong_location"", ""reacquire"", ""wrong_location"", ""no_return"", ""reacquire""]",6,,
cart,none,0.0,11,2029627363,oracle,1.0,1.0,,1.0,1.0,H_int,True,True,0.6640074293480657,0.6640074293480657,0,[],11,11,0.6404267090740781,0.4701547622680664,20,0,[],[],0,,
cart,behavioural,0.05,11,2029627363,oracle,1.0,1.0,,1.0,1.0,H_int,True,True,0.66400742934805,0.66400742934805,0,[],11,11,0.6404267090740867,0.26804208755493164,20,1,[4],[],0,,
cart,behavioural,0.1,11,2029627363,oracle,1.0,1.0,,1.0,1.0,H_int,True,True,0.6640074293480507,0.6640074293480507,0,[],11,11,0.6404267090740863,0.29660773277282715,20,2,"[4, 9]",[],0,,
cart,behavioural,0.2,11,2029627363,oracle,1.0,1.0,,1.0,1.0,H_int,True,True,0.6640074293480491,0.6640074293480491,0,[],11,11,0.6404267090740874,0.3014075756072998,20,4,"[4, 7, 9, 18]",[],0,,
cart,behavioural,0.3,11,2029627363,oracle,1.0,1.0,,1.0,1.0,H_int,True,True,0.6640074293480436,0.6640074293480436,0,[],11,11,0.6404267090740903,0.35391736030578613,20,6,"[1, 4, 7, 9, 12, 18]",[],0,,
cart,violation,0.05,11,2029627363,oracle,1.0,1.0,,1.0,1.0,H_int,True,True,0.6345011347530246,0.6345011347530246,0,[],11,11,0.6594367502140454,0.3081059455871582,20,1,[4],"[""wrong_location""]",1,,
cart,violation,0.1,11,2029627363,oracle,1.0,1.0,,1.0,1.0,H_int,True,True,0.6027057171706192,0.6027057171706192,0,[],11,11,0.6760197419368892,0.3906583786010742,20,2,"[4, 9]","[""wrong_location"", ""wrong_location""]",2,,
cart,violation,0.2,11,2029627363,oracle,0.8,0.8,,1.0,0.6666666666666666,A0_any_to_last,False,False,5.388253279385469e-28,0.9986345227246687,0,[],11,11,0.010371575783366433,0.3510115146636963,20,4,"[4, 7, 9, 18]","[""wrong_location"", ""reacquire"", ""wrong_location"", ""reacquire""]",4,,
cart,violation,0.3,11,2029627363,oracle,0.8,0.8,,1.0,0.6666666666666666,A0_any_to_last,False,False,9.313609242649243e-41,0.9981587650190886,0,[],11,11,0.013434382429825451,0.27401065826416016,20,6,"[1, 4, 7, 9, 12, 18]","[""reacquire"", ""wrong_location"", ""reacquire"", ""wrong_location"", ""no_return"", ""reacquire""]",6,,
cart,none,0.0,11,2029627363,mlci,1.0,1.0,,1.0,1.0,,,,,,,,3,,,18.236709594726562,20,0,[],[],0,3,"[""FORBID at(7, 4) \u2227 true"", ""FORBID at(6, 4) \u2227 S"", ""FORBID at(6, 5) \u2227 hasCart""]"
cart,behavioural,0.05,11,2029627363,mlci,1.0,1.0,,1.0,1.0,,,,,,,,3,,,16.992828130722046,20,1,[4],[],0,3,"[""FORBID at(7, 4) \u2227 true"", ""FORBID at(6, 4) \u2227 S"", ""FORBID at(5, 5) \u2227 hasCart""]"
cart,behavioural,0.1,11,2029627363,mlci,1.0,1.0,,1.0,1.0,,,,,,,,3,,,18.775556325912476,20,2,"[4, 9]",[],0,3,"[""FORBID at(7, 4) \u2227 true"", ""FORBID at(6, 4) \u2227 S"", ""FORBID at(7, 5) \u2227 hasCart""]"
cart,behavioural,0.2,11,2029627363,mlci,1.0,1.0,,1.0,1.0,,,,,,,,3,,,18.36050510406494,20,4,"[4, 7, 9, 18]",[],0,3,"[""FORBID at(7, 4) \u2227 true"", ""FORBID at(6, 4) \u2227 S"", ""FORBID at(7, 5) \u2227 hasCart""]"
cart,behavioural,0.3,11,2029627363,mlci,1.0,1.0,,1.0,1.0,,,,,,,,2,,,14.002630233764648,20,6,"[1, 4, 7, 9, 12, 18]",[],0,2,"[""FORBID at(7, 4) \u2227 true"", ""FORBID at(7, 5) \u2227 hasCart""]"
cart,violation,0.05,11,2029627363,mlci,0.5,0.2857142857142857,,1.0,0.16666666666666666,,,,,,,,1,,,9.444636106491089,20,1,[4],"[""wrong_location""]",1,1,"[""FORBID at(7, 4) \u2227 hasCart""]"
cart,violation,0.1,11,2029627363,mlci,0.8,0.8,,1.0,0.6666666666666666,,,,,,,,1,,,9.683903932571411,20,2,"[4, 9]","[""wrong_location"", ""wrong_location""]",2,1,"[""FORBID at(9, 5) \u2227 hasCart""]"
cart,violation,0.2,11,2029627363,mlci,0.4,0.0,,0.0,0.0,,,,,,,,0,,,4.756860733032227,20,4,"[4, 7, 9, 18]","[""wrong_location"", ""reacquire"", ""wrong_location"", ""reacquire""]",4,0,[]
cart,violation,0.3,11,2029627363,mlci,0.4,0.0,,0.0,0.0,,,,,,,,0,,,4.583576202392578,20,6,"[1, 4, 7, 9, 12, 18]","[""reacquire"", ""wrong_location"", ""reacquire"", ""wrong_location"", ""no_return"", ""reacquire""]",6,0,[]
cart,none,0.0,12,2399808307,full,0.8,0.8,,1.0,0.6666666666666666,A0_any_to_last,False,False,,1.0000000000000102,0,[],5,5,-1.0214051826551492e-14,0.26539158821105957,20,0,[],[],0,,
cart,behavioural,0.05,12,2399808307,full,1.0,1.0,,1.0,1.0,H_int,True,True,0.6639857869537632,0.6639857869537632,1,[18],11,11,0.6404419759619112,0.2260284423828125,20,1,[18],[],0,,
cart,behavioural,0.1,12,2399808307,full,1.0,1.0,,1.0,1.0,H_int,True,True,0.6639857869537616,0.6639857869537616,2,"[13, 18]",11,17,0.6404419759619122,0.28171706199645996,20,2,"[13, 18]",[],0,,
cart,behavioural,0.2,12,2399808307,full,1.0,1.0,,1.0,1.0,H_int,True,True,0.6639857869537723,0.6639857869537723,4,"[13, 15, 16, 18]",11,29,0.6404419759619059,0.4200899600982666,20,4,"[13, 15, 16, 18]",[],0,,
cart,behavioural,0.3,12,2399808307,full,1.0,1.0,,1.0,1.0,H_int,True,True,0.6639857869537971,0.6639857869537971,6,"[11, 13, 14, 15, 16, 18]",11,41,0.6404419759618933,0.3411843776702881,20,6,"[11, 13, 14, 15, 16, 18]",[],0,,
cart,violation,0.05,12,2399808307,full,0.8,0.8,,1.0,0.6666666666666666,A0_any_to_last,False,False,,1.0000000000000018,0,[],5,5,-1.776356839400252e-15,0.15377473831176758,20,1,[18],"[""wrong_location""]",1,,
cart,violation,0.1,12,2399808307,full,0.8,0.8,,1.0,0.6666666666666666,A0_any_to_last,False,False,,0.9999999999999943,0,[],5,5,5.662137425588282e-15,0.1502668857574463,20,2,"[13, 18]","[""wrong_location"", ""wrong_location""]",2,,
cart,violation,0.2,12,2399808307,full,0.8,0.8,,1.0,0.6666666666666666,A0_any_to_last,False,False,,0.9999999999999865,0,[],5,5,1.3544720900426818e-14,0.22014451026916504,20,4,"[13, 15, 16, 18]","[""wrong_location"", ""wrong_location"", ""wrong_location"", ""wrong_location""]",4,,
cart,violation,0.3,12,2399808307,full,0.8,0.8,,1.0,0.6666666666666666,A0_any_to_last,False,False,3.4950166879956556e-14,0.9966688665090936,2,"[11, 14]",11,17,0.02232783903822786,0.26806211471557617,20,6,"[11, 13, 14, 15, 16, 18]","[""no_return"", ""wrong_location"", ""reacquire"", ""wrong_location"", ""wrong_location"", ""wrong_location""]",6,,
cart,none,0.0,12,2399808307,fixed,0.8,0.8,,1.0,0.6666666666666666,A0_any_to_last,False,False,,1.0000000000000102,0,[],5,5,-1.0214051826551492e-14,0.1660170555114746,20,0,[],[],0,,
cart,behavioural,0.05,12,2399808307,fixed,0.8,0.8,,1.0,0.6666666666666666,A0_any_to_last,False,False,,1.0000000000000102,0,[],5,5,-1.0214051826551492e-14,0.1402900218963623,20,1,[18],[],0,,
cart,behavioural,0.1,12,2399808307,fixed,0.8,0.8,,1.0,0.6666666666666666,A0_any_to_last,False,False,,1.0000000000000164,0,[],5,5,-1.6431300764452452e-14,0.24437522888183594,20,2,"[13, 18]",[],0,,
cart,behavioural,0.2,12,2399808307,fixed,0.8,0.8,,1.0,0.6666666666666666,A0_any_to_last,False,False,,1.0000000000000138,0,[],5,5,-1.3766765505352036e-14,0.1334209442138672,20,4,"[13, 15, 16, 18]",[],0,,
cart,behavioural,0.3,12,2399808307,fixed,0.8,0.8,,1.0,0.6666666666666666,A0_any_to_last,False,False,,1.0000000000000266,0,[],5,5,-2.6645352591004114e-14,0.24418950080871582,20,6,"[11, 13, 14, 15, 16, 18]",[],0,,
cart,violation,0.05,12,2399808307,fixed,0.8,0.8,,1.0,0.6666666666666666,A0_any_to_last,False,False,,1.0000000000000018,0,[],5,5,-1.776356839400252e-15,0.14010286331176758,20,1,[18],"[""wrong_location""]",1,,
cart,violation,0.1,12,2399808307,fixed,0.8,0.8,,1.0,0.6666666666666666,A0_any_to_last,False,False,,0.9999999999999943,0,[],5,5,5.662137425588282e-15,0.19802117347717285,20,2,"[13, 18]","[""wrong_location"", ""wrong_location""]",2,,
cart,violation,0.2,12,2399808307,fixed,0.8,0.8,,1.0,0.6666666666666666,A0_any_to_last,False,False,,0.9999999999999865,0,[],5,5,1.3544720900426818e-14,0.16006040573120117,20,4,"[13, 15, 16, 18]","[""wrong_location"", ""wrong_location"", ""wrong_location"", ""wrong_location""]",4,,
cart,violation,0.3,12,2399808307,fixed,0.8,0.8,,1.0,0.6666666666666666,A0_any_to_last,False,False,,1.0000000000000049,0,[],5,5,-4.884981308350701e-15,0.16786623001098633,20,6,"[11, 13, 14, 15, 16, 18]","[""no_return"", ""wrong_location"", ""reacquire"", ""wrong_location"", ""wrong_location"", ""wrong_location""]",6,,
cart,none,0.0,12,2399808307,oracle,1.0,1.0,,1.0,1.0,H_int,True,True,0.6639857869537599,0.6639857869537599,0,[],11,11,0.6404419759619131,0.26140570640563965,20,0,[],[],0,,
cart,behavioural,0.05,12,2399808307,oracle,1.0,1.0,,1.0,1.0,H_int,True,True,0.6639857869537632,0.6639857869537632,0,[],11,11,0.6404419759619112,0.31548523902893066,20,1,[18],[],0,,
cart,behavioural,0.1,12,2399808307,oracle,1.0,1.0,,1.0,1.0,H_int,True,True,0.6639857869537616,0.6639857869537616,0,[],11,11,0.6404419759619122,0.41211509704589844,20,2,"[13, 18]",[],0,,
cart,behavioural,0.2,12,2399808307,oracle,1.0,1.0,,1.0,1.0,H_int,True,True,0.6639857869537723,0.6639857869537723,0,[],11,11,0.6404419759619059,0.28179192543029785,20,4,"[13, 15, 16, 18]",[],0,,
cart,behavioural,0.3,12,2399808307,oracle,1.0,1.0,,1.0,1.0,H_int,True,True,0.6639857869537971,0.6639857869537971,0,[],11,11,0.6404419759618933,0.4479248523712158,20,6,"[11, 13, 14, 15, 16, 18]",[],0,,
cart,violation,0.05,12,2399808307,oracle,1.0,1.0,,1.0,1.0,H_int,True,True,0.6344870903967467,0.6344870903967467,0,[],11,11,0.6594446372319613,0.25830602645874023,20,1,[18],"[""wrong_location""]",1,,
cart,violation,0.1,12,2399808307,oracle,1.0,1.0,,1.0,1.0,H_int,True,True,0.6027756453715439,0.6027756453715439,0,[],11,11,0.6759885871377482,0.26366209983825684,20,2,"[13, 18]","[""wrong_location"", ""wrong_location""]",2,,
cart,violation,0.2,12,2399808307,oracle,1.0,1.0,,1.0,1.0,H_int,True,True,0.5363450971022764,0.5363450971022764,0,[],11,11,0.6985588795134778,0.34456300735473633,20,4,"[13, 15, 16, 18]","[""wrong_location"", ""wrong_location"", ""wrong_location"", ""wrong_location""]",4,,
cart,violation,0.3,12,2399808307,oracle,0.8,0.8,,1.0,0.6666666666666666,A0_any_to_last,False,False,3.4950166879956556e-14,0.9966688665090936,0,[],11,11,0.02232783903822786,0.29041457176208496,20,6,"[11, 13, 14, 15, 16, 18]","[""no_return"", ""wrong_location"", ""reacquire"", ""wrong_location"", ""wrong_location"", ""wrong_location""]",6,,
cart,none,0.0,12,2399808307,mlci,0.9,0.9090909090909091,,1.0,0.8333333333333334,,,,,,,,5,,,21.366799354553223,20,0,[],[],0,5,"[""FORBID at(6, 4) \u2227 E"", ""FORBID at(6, 4) \u2227 S"", ""FORBID at(5, 4) \u2227 S"", ""FORBID at(5, 5) \u2227 hasCart"", ""FORBID at(7, 2) \u2227 hasCart""]"
cart,behavioural,0.05,12,2399808307,mlci,0.9,0.9090909090909091,,1.0,0.8333333333333334,,,,,,,,5,,,18.786046504974365,20,1,[18],[],0,5,"[""FORBID at(6, 4) \u2227 E"", ""FORBID at(6, 4) \u2227 S"", ""FORBID at(5, 4) \u2227 S"", ""FORBID at(5, 5) \u2227 hasCart"", ""FORBID at(7, 2) \u2227 hasCart""]"
cart,behavioural,0.1,12,2399808307,mlci,0.9,0.9090909090909091,,1.0,0.8333333333333334,,,,,,,,5,,,17.06482982635498,20,2,"[13, 18]",[],0,5,"[""FORBID at(6, 4) \u2227 E"", ""FORBID at(6, 4) \u2227 S"", ""FORBID at(5, 4) \u2227 S"", ""FORBID at(5, 5) \u2227 hasCart"", ""FORBID at(7, 2) \u2227 hasCart""]"
cart,behavioural,0.2,12,2399808307,mlci,0.9,0.9090909090909091,,1.0,0.8333333333333334,,,,,,,,5,,,20.125011920928955,20,4,"[13, 15, 16, 18]",[],0,5,"[""FORBID at(6, 4) \u2227 E"", ""FORBID at(6, 4) \u2227 S"", ""FORBID at(5, 4) \u2227 S"", ""FORBID at(5, 5) \u2227 hasCart"", ""FORBID at(7, 2) \u2227 hasCart""]"
cart,behavioural,0.3,12,2399808307,mlci,0.9,0.9090909090909091,,1.0,0.8333333333333334,,,,,,,,5,,,17.49575185775757,20,6,"[11, 13, 14, 15, 16, 18]",[],0,5,"[""FORBID at(6, 4) \u2227 E"", ""FORBID at(6, 4) \u2227 S"", ""FORBID at(5, 4) \u2227 S"", ""FORBID at(5, 5) \u2227 hasCart"", ""FORBID at(7, 2) \u2227 hasCart""]"
cart,violation,0.05,12,2399808307,mlci,0.9,0.9090909090909091,,1.0,0.8333333333333334,,,,,,,,1,,,6.404354572296143,20,1,[18],"[""wrong_location""]",1,1,"[""FORBID at(8, 5) \u2227 hasCart""]"
cart,violation,0.1,12,2399808307,mlci,0.9,0.9090909090909091,,1.0,0.8333333333333334,,,,,,,,1,,,8.006063461303711,20,2,"[13, 18]","[""wrong_location"", ""wrong_location""]",2,1,"[""FORBID at(8, 5) \u2227 hasCart""]"
cart,violation,0.2,12,2399808307,mlci,0.9,0.9090909090909091,,1.0,0.8333333333333334,,,,,,,,1,,,7.729387998580933,20,4,"[13, 15, 16, 18]","[""wrong_location"", ""wrong_location"", ""wrong_location"", ""wrong_location""]",4,1,"[""FORBID at(8, 5) \u2227 hasCart""]"
cart,violation,0.3,12,2399808307,mlci,0.4,0.0,,0.0,0.0,,,,,,,,0,,,3.539886713027954,20,6,"[11, 13, 14, 15, 16, 18]","[""no_return"", ""wrong_location"", ""reacquire"", ""wrong_location"", ""wrong_location"", ""wrong_location""]",6,0,[]
cart,none,0.0,13,747461338,full,0.8,0.8,,1.0,0.6666666666666666,A0_any_to_last,False,False,,0.9999999999999978,0,[],5,5,2.2204460492503103e-15,0.11414670944213867,20,0,[],[],0,,
cart,behavioural,0.05,13,747461338,full,1.0,1.0,,1.0,1.0,H_int,True,True,0.6640222798301215,0.6640222798301215,1,[7],11,11,0.6404162344277748,0.19122719764709473,20,1,[7],[],0,,
cart,behavioural,0.1,13,747461338,full,1.0,1.0,,1.0,1.0,H_int,True,True,0.6640222798301312,0.6640222798301312,2,"[7, 9]",11,17,0.6404162344277695,0.22289156913757324,20,2,"[7, 9]",[],0,,
cart,behavioural,0.2,13,747461338,full,1.0,1.0,,1.0,1.0,H_int,True,True,0.6640222798301342,0.6640222798301342,4,"[5, 7, 9, 11]",11,29,0.6404162344277686,0.20693349838256836,20,4,"[5, 7, 9, 11]",[],0,,
cart,behavioural,0.3,13,747461338,full,1.0,1.0,,1.0,1.0,H_int,True,True,0.6640222798301342,0.6640222798301342,6,"[5, 7, 9, 11, 15, 16]",11,41,0.6404162344277686,0.207566499710083,20,6,"[5, 7, 9, 11, 15, 16]",[],0,,
cart,violation,0.05,13,747461338,full,0.8,0.8,,1.0,0.6666666666666666,A0_any_to_last,False,False,,0.9999999999999871,0,[],5,5,1.2878587085651734e-14,0.08031916618347168,20,1,[7],"[""wrong_location""]",1,,
cart,violation,0.1,13,747461338,full,0.8,0.8,,1.0,0.6666666666666666,A0_any_to_last,False,False,,1.0000000000000058,0,[],5,5,-5.7731597280508306e-15,0.15441560745239258,20,2,"[7, 9]","[""wrong_location"", ""wrong_location""]",2,,
cart,violation,0.2,13,747461338,full,0.8,0.8,,1.0,0.6666666666666666,A0_any_to_last,False,False,,1.00000000000001,0,[],5,5,-9.992007221626458e-15,0.161146879196167,20,4,"[5, 7, 9, 11]","[""wrong_location"", ""wrong_location"", ""wrong_location"", ""wrong_location""]",4,,
cart,violation,0.3,13,747461338,full,0.8,0.8,,1.0,0.6666666666666666,A0_any_to_last,False,False,,0.9999999999999958,0,[],5,5,4.218847493575585e-15,0.14894509315490723,20,6,"[5, 7, 9, 11, 15, 16]","[""wrong_location"", ""wrong_location"", ""wrong_location"", ""wrong_location"", ""wrong_location"", ""reacquire""]",6,,
cart,none,0.0,13,747461338,fixed,0.8,0.8,,1.0,0.6666666666666666,A0_any_to_last,False,False,,0.9999999999999978,0,[],5,5,2.2204460492503103e-15,0.14233946800231934,20,0,[],[],0,,
cart,behavioural,0.05,13,747461338,fixed,0.8,0.8,,1.0,0.6666666666666666,A0_any_to_last,False,False,,0.9999999999999978,0,[],5,5,2.2204460492503103e-15,0.1267092227935791,20,1,[7],[],0,,
cart,behavioural,0.1,13,747461338,fixed,0.8,0.8,,1.0,0.6666666666666666,A0_any_to_last,False,False,,1.0000000000000138,0,[],5,5,-1.3766765505352036e-14,0.11795282363891602,20,2,"[7, 9]",[],0,,
cart,behavioural,0.2,13,747461338,fixed,0.8,0.8,,1.0,0.6666666666666666,A0_any_to_last,False,False,,0.9999999999999787,0,[],5,5,2.1316282072802778e-14,0.07055306434631348,20,4,"[5, 7, 9, 11]",[],0,,
cart,behavioural,0.3,13,747461338,fixed,0.8,0.8,,1.0,0.6666666666666666,A0_any_to_last,False,False,,0.9999999999999787,0,[],5,5,2.1316282072802778e-14,0.14986467361450195,20,6,"[5, 7, 9, 11, 15, 16]",[],0,,
cart,violation,0.05,13,747461338,fixed,0.8,0.8,,1.0,0.6666666666666666,A0_any_to_last,False,False,,0.9999999999999871,0,[],5,5,1.2878587085651734e-14,0.16741728782653809,20,1,[7],"[""wrong_location""]",1,,
cart,violation,0.1,13,747461338,fixed,0.8,0.8,,1.0,0.6666666666666666,A0_any_to_last,False,False,,1.0000000000000058,0,[],5,5,-5.7731597280508306e-15,0.173492431640625,20,2,"[7, 9]","[""wrong_location"", ""wrong_location""]",2,,
cart,violation,0.2,13,747461338,fixed,0.8,0.8,,1.0,0.6666666666666666,A0_any_to_last,False,False,,1.00000000000001,0,[],5,5,-9.992007221626458e-15,0.15111780166625977,20,4,"[5, 7, 9, 11]","[""wrong_location"", ""wrong_location"", ""wrong_location"", ""wrong_location""]",4,,
cart,violation,0.3,13,747461338,fixed,0.8,0.8,,1.0,0.6666666666666666,A0_any_to_last,False,False,,0.9999999999999958,0,[],5,5,4.218847493575585e-15,0.18952226638793945,20,6,"[5, 7, 9, 11, 15, 16]","[""wrong_location"", ""wrong_location"", ""wrong_location"", ""wrong_location"", ""wrong_location"", ""reacquire""]",6,,
cart,none,0.0,13,747461338,oracle,1.0,1.0,,1.0,1.0,H_int,True,True,0.664022279830123,0.664022279830123,0,[],11,11,0.640416234427774,0.13375306129455566,20,0,[],[],0,,
cart,behavioural,0.05,13,747461338,oracle,1.0,1.0,,1.0,1.0,H_int,True,True,0.6640222798301215,0.6640222798301215,0,[],11,11,0.6404162344277748,0.3617234230041504,20,1,[7],[],0,,
cart,behavioural,0.1,13,747461338,oracle,1.0,1.0,,1.0,1.0,H_int,True,True,0.6640222798301312,0.6640222798301312,0,[],11,11,0.6404162344277695,0.37082934379577637,20,2,"[7, 9]",[],0,,
cart,behavioural,0.2,13,747461338,oracle,1.0,1.0,,1.0,1.0,H_int,True,True,0.6640222798301342,0.6640222798301342,0,[],11,11,0.6404162344277686,0.2761399745941162,20,4,"[5, 7, 9, 11]",[],0,,
cart,behavioural,0.3,13,747461338,oracle,1.0,1.0,,1.0,1.0,H_int,True,True,0.6640222798301342,0.6640222798301342,0,[],11,11,0.6404162344277686,0.2806742191314697,20,6,"[5, 7, 9, 11, 15, 16]",[],0,,
cart,violation,0.05,13,747461338,oracle,1.0,1.0,,1.0,1.0,H_int,True,True,0.6344943748302565,0.6344943748302565,0,[],11,11,0.6594407437135745,0.3342456817626953,20,1,[7],"[""wrong_location""]",1,,
cart,violation,0.1,13,747461338,oracle,1.0,1.0,,1.0,1.0,H_int,True,True,0.6027288171598719,0.6027288171598719,0,[],11,11,0.6760081593859848,0.25709033012390137,20,2,"[7, 9]","[""wrong_location"", ""wrong_location""]",2,,
cart,violation,0.2,13,747461338,oracle,1.0,1.0,,1.0,1.0,H_int,True,True,0.5368695070062242,0.5368695070062242,0,[],11,11,0.6984866782330033,0.2659597396850586,20,4,"[5, 7, 9, 11]","[""wrong_location"", ""wrong_location"", ""wrong_location"", ""wrong_location""]",4,,
cart,violation,0.3,13,747461338,oracle,0.8,0.8,,1.0,0.6666666666666666,A0_any_to_last,False,False,7.646033676613558e-14,0.9966489038791758,0,[],11,11,0.0224415882112478,0.28650331497192383,20,6,"[5, 7, 9, 11, 15, 16]","[""wrong_location"", ""wrong_location"", ""wrong_location"", ""wrong_location"", ""wrong_location"", ""reacquire""]",6,,
cart,none,0.0,13,747461338,mlci,0.6,0.5,,1.0,0.3333333333333333,,,,,,,,5,,,28.99295687675476,20,0,[],[],0,5,"[""FORBID at(6, 4) \u2227 E"", ""FORBID at(6, 4) \u2227 S"", ""FORBID at(5, 4) \u2227 S"", ""FORBID at(4, 4) \u2227 S"", ""FORBID at(6, 2) \u2227 hasCart""]"
cart,behavioural,0.05,13,747461338,mlci,0.6,0.5,,1.0,0.3333333333333333,,,,,,,,5,,,27.233702898025513,20,1,[7],[],0,5,"[""FORBID at(6, 4) \u2227 E"", ""FORBID at(6, 4) \u2227 S"", ""FORBID at(5, 4) \u2227 S"", ""FORBID at(4, 4) \u2227 S"", ""FORBID at(6, 2) \u2227 hasCart""]"
cart,behavioural,0.1,13,747461338,mlci,0.6,0.5,,1.0,0.3333333333333333,,,,,,,,5,,,26.740498304367065,20,2,"[7, 9]",[],0,5,"[""FORBID at(6, 4) \u2227 E"", ""FORBID at(6, 4) \u2227 S"", ""FORBID at(5, 4) \u2227 S"", ""FORBID at(4, 4) \u2227 S"", ""FORBID at(6, 2) \u2227 hasCart""]"
cart,behavioural,0.2,13,747461338,mlci,0.6,0.5,,1.0,0.3333333333333333,,,,,,,,5,,,24.257395029067993,20,4,"[5, 7, 9, 11]",[],0,5,"[""FORBID at(6, 4) \u2227 E"", ""FORBID at(6, 4) \u2227 S"", ""FORBID at(5, 4) \u2227 S"", ""FORBID at(4, 4) \u2227 S"", ""FORBID at(6, 2) \u2227 hasCart""]"
cart,behavioural,0.3,13,747461338,mlci,0.6,0.5,,1.0,0.3333333333333333,,,,,,,,5,,,25.8762629032135,20,6,"[5, 7, 9, 11, 15, 16]",[],0,5,"[""FORBID at(6, 4) \u2227 E"", ""FORBID at(6, 4) \u2227 S"", ""FORBID at(5, 4) \u2227 S"", ""FORBID at(4, 4) \u2227 S"", ""FORBID at(6, 2) \u2227 hasCart""]"
cart,violation,0.05,13,747461338,mlci,0.8,0.8,,1.0,0.6666666666666666,,,,,,,,1,,,9.254778146743774,20,1,[7],"[""wrong_location""]",1,1,"[""FORBID at(9, 5) \u2227 hasCart""]"
cart,violation,0.1,13,747461338,mlci,0.8,0.8,,1.0,0.6666666666666666,,,,,,,,1,,,10.263047218322754,20,2,"[7, 9]","[""wrong_location"", ""wrong_location""]",2,1,"[""FORBID at(9, 5) \u2227 hasCart""]"
cart,violation,0.2,13,747461338,mlci,0.8,0.8,,1.0,0.6666666666666666,,,,,,,,1,,,7.496661186218262,20,4,"[5, 7, 9, 11]","[""wrong_location"", ""wrong_location"", ""wrong_location"", ""wrong_location""]",4,1,"[""FORBID at(9, 5) \u2227 hasCart""]"
cart,violation,0.3,13,747461338,mlci,0.4,0.0,,0.0,0.0,,,,,,,,0,,,4.050125360488892,20,6,"[5, 7, 9, 11, 15, 16]","[""wrong_location"", ""wrong_location"", ""wrong_location"", ""wrong_location"", ""wrong_location"", ""reacquire""]",6,0,[]
cart,none,0.0,14,3459489350,full,0.8,0.8,,1.0,0.6666666666666666,A0_any_to_last,False,False,,1.0000000000000027,0,[],5,5,-2.6645352591003792e-15,0.11152100563049316,20,0,[],[],0,,
cart,behavioural,0.05,14,3459489350,full,1.0,1.0,,1.0,1.0,H_int,True,True,0.6639918861236892,0.6639918861236892,1,[4],11,11,0.6404376737984294,0.19455218315124512,20,1,[4],[],0,,
cart,behavioural,0.1,14,3459489350,full,1.0,1.0,,1.0,1.0,H_int,True,True,0.6639918861236892,0.6639918861236892,2,"[4, 17]",11,17,0.6404376737984294,0.23099470138549805,20,2,"[4, 17]",[],0,,
cart,behavioural,0.2,14,3459489350,full,1.0,1.0,,1.0,1.0,H_int,True,True,0.6639918861236919,0.6639918861236919,2,"[4, 19]",11,17,0.6404376737984279,0.24614500999450684,20,4,"[2, 4, 17, 19]",[],0,,
cart,behavioural,0.3,14,3459489350,full,1.0,1.0,,1.0,1.0,H_int,True,True,0.6639918861236933,0.6639918861236933,3,"[4, 10, 19]",11,23,0.640437673798427,0.22299456596374512,20,6,"[2, 4, 10, 17, 19, 20]",[],0,,
cart,violation,0.05,14,3459489350,full,0.8,0.8,,1.0,0.6666666666666666,A0_any_to_last,False,False,,1.000000000000001,0,[],5,5,-1.1102230246251571e-15,0.1210775375366211,20,1,[4],"[""wrong_location""]",1,,
cart,violation,0.1,14,3459489350,full,0.8,0.8,,1.0,0.6666666666666666,A0_any_to_last,False,False,,1.000000000000006,0,[],5,5,-5.9952043329758635e-15,0.11298847198486328,20,2,"[4, 17]","[""wrong_location"", ""reacquire""]",2,,
cart,violation,0.2,14,3459489350,full,0.8,0.8,,1.0,0.6666666666666666,A0_any_to_last,False,False,5.064263777601956e-28,0.9986344335063911,3,"[3, 5, 6]",11,23,0.01037216416475849,0.20585846900939941,20,4,"[2, 4, 17, 19]","[""no_return"", ""wrong_location"", ""reacquire"", ""reacquire""]",4,,
cart,violation,0.3,14,3459489350,full,0.8,0.8,,1.0,0.6666666666666666,A0_any_to_last,False,False,1.7614948826774716e-27,0.997521972001356,3,"[3, 5, 6]",11,23,0.017343847212134226,0.2690913677215576,20,6,"[2, 4, 10, 17, 19, 20]","[""no_return"", ""wrong_location"", ""no_return"", ""reacquire"", ""reacquire"", ""wrong_location""]",6,,
cart,none,0.0,14,3459489350,fixed,0.8,0.8,,1.0,0.6666666666666666,A0_any_to_last,False,False,,1.0000000000000027,0,[],5,5,-2.6645352591003792e-15,0.20222115516662598,20,0,[],[],0,,
cart,behavioural,0.05,14,3459489350,fixed,0.8,0.8,,1.0,0.6666666666666666,A0_any_to_last,False,False,,1.0000000000000258,0,[],5,5,-2.5757174171303963e-14,0.203704833984375,20,1,[4],[],0,,
cart,behavioural,0.1,14,3459489350,fixed,0.8,0.8,,1.0,0.6666666666666666,A0_any_to_last,False,False,,0.9999999999999725,0,[],5,5,2.7533531010703504e-14,0.14890646934509277,20,2,"[4, 17]",[],0,,
cart,behavioural,0.2,14,3459489350,fixed,0.8,0.8,,1.0,0.6666666666666666,A0_any_to_last,False,False,,1.0000000000000266,0,[],5,5,-2.6645352591004114e-14,0.1475982666015625,20,4,"[2, 4, 17, 19]",[],0,,
cart,behavioural,0.3,14,3459489350,fixed,0.8,0.8,,1.0,0.6666666666666666,A0_any_to_last,False,False,,1.000000000000027,0,[],5,5,-2.708944180085419e-14,0.17477726936340332,20,6,"[2, 4, 10, 17, 19, 20]",[],0,,
cart,violation,0.05,14,3459489350,fixed,0.8,0.8,,1.0,0.6666666666666666,A0_any_to_last,False,False,,1.000000000000001,0,[],5,5,-1.1102230246251571e-15,0.15024471282958984,20,1,[4],"[""wrong_location""]",1,,
cart,violation,0.1,14,3459489350,fixed,0.8,0.8,,1.0,0.6666666666666666,A0_any_to_last,False,False,,1.000000000000006,0,[],5,5,-5.9952043329758635e-15,0.13443231582641602,20,2,"[4, 17]","[""wrong_location"", ""reacquire""]",2,,
cart,violation,0.2,14,3459489350,fixed,0.8,0.8,,1.0,0.6666666666666666,A0_any_to_last,False,False,,0.9999999999999886,0,[],5,5,1.1435297153639046e-14,0.23570752143859863,20,4,"[2, 4, 17, 19]","[""no_return"", ""wrong_location"", ""reacquire"", ""reacquire""]",4,,
cart,violation,0.3,14,3459489350,fixed,0.8,0.8,,1.0,0.6666666666666666,A0_any_to_last,False,False,,1.0000000000000053,0,[],5,5,-5.3290705182007656e-15,0.14770913124084473,20,6,"[2, 4, 10, 17, 19, 20]","[""no_return"", ""wrong_location"", ""no_return"", ""reacquire"", ""reacquire"", ""wrong_location""]",6,,
cart,none,0.0,14,3459489350,oracle,1.0,1.0,,1.0,1.0,H_int,True,True,0.663991886123667,0.663991886123667,0,[],11,11,0.6404376737984416,0.2872757911682129,20,0,[],[],0,,
cart,behavioural,0.05,14,3459489350,oracle,1.0,1.0,,1.0,1.0,H_int,True,True,0.6639918861236892,0.6639918861236892,0,[],11,11,0.6404376737984294,0.2786386013031006,20,1,[4],[],0,,
cart,behavioural,0.1,14,3459489350,oracle,1.0,1.0,,1.0,1.0,H_int,True,True,0.6639918861236892,0.6639918861236892,0,[],11,11,0.6404376737984294,0.11197257041931152,20,2,"[4, 17]",[],0,,
cart,behavioural,0.2,14,3459489350,oracle,1.0,1.0,,1.0,1.0,H_int,True,True,0.6639918861236919,0.6639918861236919,0,[],11,11,0.6404376737984279,0.2522437572479248,20,4,"[2, 4, 17, 19]",[],0,,
cart,behavioural,0.3,14,3459489350,oracle,1.0,1.0,,1.0,1.0,H_int,True,True,0.6639918861236933,0.6639918861236933,0,[],11,11,0.640437673798427,0.2847459316253662,20,6,"[2, 4, 10, 17, 19, 20]",[],0,,
cart,violation,0.05,14,3459489350,oracle,1.0,1.0,,1.0,1.0,H_int,True,True,0.6344970286228017,0.6344970286228017,0,[],11,11,0.6594388313376072,0.2605304718017578,20,1,[4],"[""wrong_location""]",1,,
cart,violation,0.1,14,3459489350,oracle,0.8,0.8,,1.0,0.6666666666666666,A0_any_to_last,False,False,9.405981716112787e-15,0.9989881364961631,0,[],11,11,0.007989123259075631,0.4016427993774414,20,2,"[4, 17]","[""wrong_location"", ""reacquire""]",2,,
cart,violation,0.2,14,3459489350,oracle,0.8,0.8,,1.0,0.6666666666666666,A0_any_to_last,False,False,5.064263777601956e-28,0.9986344335063911,0,[],11,11,0.01037216416475849,0.2986624240875244,20,4,"[2, 4, 17, 19]","[""no_return"", ""wrong_location"", ""reacquire"", ""reacquire""]",4,,
cart,violation,0.3,14,3459489350,oracle,0.8,0.8,,1.0,0.6666666666666666,A0_any_to_last,False,False,1.7614948826774716e-27,0.997521972001356,0,[],11,11,0.017343847212134226,0.3639664649963379,20,6,"[2, 4, 10, 17, 19, 20]","[""no_return"", ""wrong_location"", ""no_return"", ""reacquire"", ""reacquire"", ""wrong_location""]",6,,
cart,none,0.0,14,3459489350,mlci,0.9,0.9090909090909091,,1.0,0.8333333333333334,,,,,,,,5,,,23.12607741355896,20,0,[],[],0,5,"[""FORBID at(6, 4) \u2227 E"", ""FORBID at(6, 4) \u2227 S"", ""FORBID at(5, 4) \u2227 S"", ""FORBID at(7, 5) \u2227 hasCart"", ""FORBID at(7, 2) \u2227 hasCart""]"
cart,behavioural,0.05,14,3459489350,mlci,0.9,0.9090909090909091,,1.0,0.8333333333333334,,,,,,,,5,,,19.584176778793335,20,1,[4],[],0,5,"[""FORBID at(6, 4) \u2227 E"", ""FORBID at(6, 4) \u2227 S"", ""FORBID at(5, 4) \u2227 S"", ""FORBID at(7, 5) \u2227 hasCart"", ""FORBID at(7, 2) \u2227 hasCart""]"
cart,behavioural,0.1,14,3459489350,mlci,0.9,0.9090909090909091,,1.0,0.8333333333333334,,,,,,,,5,,,20.888418912887573,20,2,"[4, 17]",[],0,5,"[""FORBID at(6, 4) \u2227 E"", ""FORBID at(6, 4) \u2227 S"", ""FORBID at(5, 4) \u2227 S"", ""FORBID at(7, 5) \u2227 hasCart"", ""FORBID at(7, 2) \u2227 hasCart""]"
cart,behavioural,0.2,14,3459489350,mlci,0.9,0.9090909090909091,,1.0,0.8333333333333334,,,,,,,,3,,,13.483936309814453,20,4,"[2, 4, 17, 19]",[],0,3,"[""FORBID at(6, 4) \u2227 E"", ""FORBID at(6, 4) \u2227 S"", ""FORBID at(7, 5) \u2227 hasCart""]"
cart,behavioural,0.3,14,3459489350,mlci,0.9,0.9090909090909091,,1.0,0.8333333333333334,,,,,,,,3,,,16.987075567245483,20,6,"[2, 4, 10, 17, 19, 20]",[],0,3,"[""FORBID at(6, 4) \u2227 E"", ""FORBID at(6, 4) \u2227 S"", ""FORBID at(7, 5) \u2227 hasCart""]"
cart,violation,0.05,14,3459489350,mlci,0.9,0.9090909090909091,,1.0,0.8333333333333334,,,,,,,,2,,,12.178535223007202,20,1,[4],"[""wrong_location""]",1,2,"[""FORBID at(6, 4) \u2227 E"", ""FORBID at(7, 5) \u2227 hasCart""]"
cart,violation,0.1,14,3459489350,mlci,0.4,0.0,,0.0,0.0,,,,,,,,1,,,8.027106285095215,20,2,"[4, 17]","[""wrong_location"", ""reacquire""]",2,1,"[""FORBID at(6, 4) \u2227 E""]"
cart,violation,0.2,14,3459489350,mlci,0.4,0.0,,0.0,0.0,,,,,,,,1,,,7.430164098739624,20,4,"[2, 4, 17, 19]","[""no_return"", ""wrong_location"", ""reacquire"", ""reacquire""]",4,1,"[""FORBID at(6, 4) \u2227 E""]"
cart,violation,0.3,14,3459489350,mlci,0.4,0.0,,0.0,0.0,,,,,,,,0,,,3.6250360012054443,20,6,"[2, 4, 10, 17, 19, 20]","[""no_return"", ""wrong_location"", ""no_return"", ""reacquire"", ""reacquire"", ""wrong_location""]",6,0,[]
cart,none,0.0,15,1510781131,full,0.8,0.8,,1.0,0.6666666666666666,A0_any_to_last,False,False,,0.9999999999999907,0,[],5,5,9.325873406851272e-15,0.1374833583831787,20,0,[],[],0,,
cart,behavioural,0.05,15,1510781131,full,1.0,1.0,,1.0,1.0,H_int,True,True,0.6640440000408631,0.6640440000408631,1,[17],11,11,0.6404009101224544,0.20862317085266113,20,1,[17],[],0,,
cart,behavioural,0.1,15,1510781131,full,1.0,1.0,,1.0,1.0,H_int,True,True,0.6640440000408562,0.6640440000408562,2,"[8, 17]",11,17,0.6404009101224586,0.2505524158477783,20,2,"[8, 17]",[],0,,
cart,behavioural,0.2,15,1510781131,full,1.0,1.0,,1.0,1.0,H_int,True,True,0.6640440000408433,0.6640440000408433,4,"[3, 8, 14, 17]",11,29,0.6404009101224659,0.24100041389465332,20,4,"[3, 8, 14, 17]",[],0,,
cart,behavioural,0.3,15,1510781131,full,1.0,1.0,,1.0,1.0,H_int,True,True,0.6640440000408447,0.6640440000408447,5,"[3, 8, 9, 14, 17]",11,35,0.6404009101224651,0.2853121757507324,20,6,"[1, 3, 8, 9, 14, 17]",[],0,,
cart,violation,0.05,15,1510781131,full,0.8,0.8,,1.0,0.6666666666666666,A0_any_to_last,False,False,,0.9999999999999998,0,[],5,5,2.220446049250313e-16,0.1252603530883789,20,1,[17],"[""wrong_location""]",1,,
cart,violation,0.1,15,1510781131,full,0.8,0.8,,1.0,0.6666666666666666,A0_any_to_last,False,False,,0.9999999999999919,0,[],5,5,8.10462807976361e-15,0.11450433731079102,20,2,"[8, 17]","[""no_return"", ""wrong_location""]",2,,
cart,violation,0.2,15,1510781131,full,0.8,0.8,,1.0,0.6666666666666666,A0_any_to_last,False,False,5.857412042894625e-14,0.9981578803789715,3,"[4, 5, 14]",11,23,0.013439951448882154,0.2545027732849121,20,4,"[3, 8, 14, 17]","[""no_return"", ""no_return"", ""reacquire"", ""wrong_location""]",4,,
cart,violation,0.3,15,1510781131,full,0.4,0.0,,0.0,0.0,H_null,False,False,,0.8976024314700766,0,[],5,5,0.45476550959067513,6.247378587722778,20,6,"[1, 3, 8, 9, 14, 17]","[""wrong_location"", ""no_return"", ""no_return"", ""reacquire"", ""reacquire"", ""wrong_location""]",6,,
cart,none,0.0,15,1510781131,fixed,0.8,0.8,,1.0,0.6666666666666666,A0_any_to_last,False,False,,0.9999999999999907,0,[],5,5,9.325873406851272e-15,0.15688848495483398,20,0,[],[],0,,
cart,behavioural,0.05,15,1510781131,fixed,0.8,0.8,,1.0,0.6666666666666666,A0_any_to_last,False,False,,0.9999999999999907,0,[],5,5,9.325873406851272e-15,0.16393542289733887,20,1,[17],[],0,,
cart,behavioural,0.1,15,1510781131,fixed,0.8,0.8,,1.0,0.6666666666666666,A0_any_to_last,False,False,,0.9999999999999964,0,[],5,5,3.5527136788004946e-15,0.17717838287353516,20,2,"[8, 17]",[],0,,
cart,behavioural,0.2,15,1510781131,fixed,0.8,0.8,,1.0,0.6666666666666666,A0_any_to_last,False,False,,0.9999999999999893,0,[],5,5,1.0658141036401446e-14,0.1364128589630127,20,4,"[3, 8, 14, 17]",[],0,,
cart,behavioural,0.3,15,1510781131,fixed,0.8,0.8,,1.0,0.6666666666666666,A0_any_to_last,False,False,,0.9999999999999916,0,[],5,5,8.437694987151155e-15,0.13904595375061035,20,6,"[1, 3, 8, 9, 14, 17]",[],0,,
cart,violation,0.05,15,1510781131,fixed,0.8,0.8,,1.0,0.6666666666666666,A0_any_to_last,False,False,,0.9999999999999998,0,[],5,5,2.220446049250313e-16,0.12492251396179199,20,1,[17],"[""wrong_location""]",1,,
cart,violation,0.1,15,1510781131,fixed,0.8,0.8,,1.0,0.6666666666666666,A0_any_to_last,False,False,,0.9999999999999919,0,[],5,5,8.10462807976361e-15,0.07007861137390137,20,2,"[8, 17]","[""no_return"", ""wrong_location""]",2,,
cart,violation,0.2,15,1510781131,fixed,0.8,0.8,,1.0,0.6666666666666666,A0_any_to_last,False,False,,1.0000000000000058,0,[],5,5,-5.7731597280508306e-15,0.153212308883667,20,4,"[3, 8, 14, 17]","[""no_return"", ""no_return"", ""reacquire"", ""wrong_location""]",4,,
cart,violation,0.3,15,1510781131,fixed,0.4,0.0,,0.0,0.0,H_null,False,False,,0.8976024314700766,0,[],5,5,0.45476550959067513,3.909263849258423,20,6,"[1, 3, 8, 9, 14, 17]","[""wrong_location"", ""no_return"", ""no_return"", ""reacquire"", ""reacquire"", ""wrong_location""]",6,,
cart,none,0.0,15,1510781131,oracle,1.0,1.0,,1.0,1.0,H_int,True,True,0.664044000040853,0.664044000040853,0,[],11,11,0.6404009101224603,0.24696898460388184,20,0,[],[],0,,
cart,behavioural,0.05,15,1510781131,oracle,1.0,1.0,,1.0,1.0,H_int,True,True,0.6640440000408631,0.6640440000408631,0,[],11,11,0.6404009101224544,0.2905704975128174,20,1,[17],[],0,,
cart,behavioural,0.1,15,1510781131,oracle,1.0,1.0,,1.0,1.0,H_int,True,True,0.6640440000408562,0.6640440000408562,0,[],11,11,0.6404009101224586,0.24328398704528809,20,2,"[8, 17]",[],0,,
cart,behavioural,0.2,15,1510781131,oracle,1.0,1.0,,1.0,1.0,H_int,True,True,0.6640440000408433,0.6640440000408433,0,[],11,11,0.6404009101224659,0.11652421951293945,20,4,"[3, 8, 14, 17]",[],0,,
cart,behavioural,0.3,15,1510781131,oracle,1.0,1.0,,1.0,1.0,H_int,True,True,0.6640440000408447,0.6640440000408447,0,[],11,11,0.6404009101224651,0.2382066249847412,20,6,"[1, 3, 8, 9, 14, 17]",[],0,,
cart,violation,0.05,15,1510781131,oracle,1.0,1.0,,1.0,1.0,H_int,True,True,0.6344946691346716,0.6344946691346716,0,[],11,11,0.6594403735324827,0.23089218139648438,20,1,[17],"[""wrong_location""]",1,,
cart,violation,0.1,15,1510781131,oracle,1.0,1.0,,1.0,1.0,H_int,True,True,0.6027364553713704,0.6027364553713704,0,[],11,11,0.6760058911890312,0.23725056648254395,20,2,"[8, 17]","[""no_return"", ""wrong_location""]",2,,
cart,violation,0.2,15,1510781131,oracle,0.8,0.8,,1.0,0.6666666666666666,A0_any_to_last,False,False,5.857412042894625e-14,0.9981578803789715,0,[],11,11,0.013439951448882154,0.22732758522033691,20,4,"[3, 8, 14, 17]","[""no_return"", ""no_return"", ""reacquire"", ""wrong_location""]",4,,
cart,violation,0.3,15,1510781131,oracle,0.4,0.0,,0.0,0.0,H_null,False,False,,0.7273117375139702,0,[],11,11,1.034702203833578,8.668245553970337,20,6,"[1, 3, 8, 9, 14, 17]","[""wrong_location"", ""no_return"", ""no_return"", ""reacquire"", ""reacquire"", ""wrong_location""]",6,,
cart,none,0.0,15,1510781131,mlci,1.0,1.0,,1.0,1.0,,,,,,,,2,,,11.29154634475708,20,0,[],[],0,2,"[""FORBID at(7, 4) \u2227 true"", ""FORBID at(6, 5) \u2227 hasCart""]"
cart,behavioural,0.05,15,1510781131,mlci,0.8,0.8,,1.0,0.6666666666666666,,,,,,,,1,,,8.939622402191162,20,1,[17],[],0,1,"[""FORBID at(9, 5) \u2227 hasCart""]"
cart,behavioural,0.1,15,1510781131,mlci,0.8,0.8,,1.0,0.6666666666666666,,,,,,,,1,,,8.920731782913208,20,2,"[8, 17]",[],0,1,"[""FORBID at(9, 5) \u2227 hasCart""]"
cart,behavioural,0.2,15,1510781131,mlci,0.8,0.8,,1.0,0.6666666666666666,,,,,,,,1,,,10.101320028305054,20,4,"[3, 8, 14, 17]",[],0,1,"[""FORBID at(9, 5) \u2227 hasCart""]"
cart,behavioural,0.3,15,1510781131,mlci,0.8,0.8,,1.0,0.6666666666666666,,,,,,,,1,,,10.565149068832397,20,6,"[1, 3, 8, 9, 14, 17]",[],0,1,"[""FORBID at(9, 5) \u2227 hasCart""]"
cart,violation,0.05,15,1510781131,mlci,0.9,0.9090909090909091,,1.0,0.8333333333333334,,,,,,,,2,,,15.471538543701172,20,1,[17],"[""wrong_location""]",1,2,"[""FORBID at(7, 4) \u2227 true"", ""FORBID at(9, 5) \u2227 hasCart""]"
cart,violation,0.1,15,1510781131,mlci,0.6,0.5,,1.0,0.3333333333333333,,,,,,,,1,,,8.85964584350586,20,2,"[8, 17]","[""no_return"", ""wrong_location""]",2,1,"[""FORBID at(7, 4) \u2227 true""]"
cart,violation,0.2,15,1510781131,mlci,0.4,0.0,,0.0,0.0,,,,,,,,0,,,4.4067113399505615,20,4,"[3, 8, 14, 17]","[""no_return"", ""no_return"", ""reacquire"", ""wrong_location""]",4,0,[]
cart,violation,0.3,15,1510781131,mlci,0.4,0.0,,0.0,0.0,,,,,,,,0,,,4.681494235992432,20,6,"[1, 3, 8, 9, 14, 17]","[""wrong_location"", ""no_return"", ""no_return"", ""reacquire"", ""reacquire"", ""wrong_location""]",6,0,[]
cart,none,0.0,16,3963180399,full,0.8,0.8,,1.0,0.6666666666666666,A0_any_to_last,False,False,,1.000000000000008,0,[],5,5,-7.993605777301159e-15,0.13089823722839355,20,0,[],[],0,,
cart,behavioural,0.05,16,3963180399,full,1.0,1.0,,1.0,1.0,H_int,True,True,0.6639888719136793,0.6639888719136793,1,[19],11,11,0.640439800317882,0.1968095302581787,20,1,[19],[],0,,
cart,behavioural,0.1,16,3963180399,full,1.0,1.0,,1.0,1.0,H_int,True,True,0.6639888719136698,0.6639888719136698,2,"[9, 19]",11,17,0.6404398003178875,0.246171236038208,20,2,"[9, 19]",[],0,,
cart,behavioural,0.2,16,3963180399,full,1.0,1.0,,1.0,1.0,H_int,True,True,0.6639888719136681,0.6639888719136681,3,"[6, 9, 19]",11,23,0.6404398003178884,0.21117210388183594,20,4,"[2, 6, 9, 19]",[],0,,
cart,behavioural,0.3,16,3963180399,full,1.0,1.0,,1.0,1.0,H_int,True,True,0.6639888719136695,0.6639888719136695,5,"[6, 7, 9, 13, 19]",11,35,0.6404398003178879,0.23439931869506836,20,6,"[2, 6, 7, 9, 13, 19]",[],0,,
cart,violation,0.05,16,3963180399,full,0.8,0.8,,1.0,0.6666666666666666,A0_any_to_last,False,False,,1.0000000000000129,0,[],5,5,-1.2878587085651898e-14,0.13966012001037598,20,1,[19],"[""reacquire""]",1,,
cart,violation,0.1,16,3963180399,full,0.8,0.8,,1.0,0.6666666666666666,A0_any_to_last,False,False,,0.9999999999999876,0,[],5,5,1.2434497875801676e-14,0.1114344596862793,20,2,"[9, 19]","[""reacquire"", ""reacquire""]",2,,
cart,violation,0.2,16,3963180399,full,0.8,0.8,,1.0,0.6666666666666666,A0_any_to_last,False,False,2.7587820036046657e-28,0.9986351335896358,16,"[3, 4, 5, 7, 8, 9, 10, 11, 12, 13, 14, 15, 16, 18, 19, 20]",11,101,0.01036754706244723,0.27765536308288574,20,4,"[2, 6, 9, 19]","[""no_return"", ""wrong_location"", ""reacquire"", ""reacquire""]",4,,
cart,violation,0.3,16,3963180399,full,0.8,0.8,,1.0,0.6666666666666666,A0_any_to_last,False,False,1.2722472123764025e-27,0.9975195739445064,14,"[3, 4, 5, 8, 9, 10, 11, 12, 14, 15, 16, 18, 19, 20]",11,89,0.017358229141170016,0.34720659255981445,20,6,"[2, 6, 7, 9, 13, 19]","[""no_return"", ""wrong_location"", ""wrong_location"", ""reacquire"", ""no_return"", ""reacquire""]",6,,
cart,none,0.0,16,3963180399,fixed,0.8,0.8,,1.0,0.6666666666666666,A0_any_to_last,False,False,,1.000000000000008,0,[],5,5,-7.993605777301159e-15,0.23511648178100586,20,0,[],[],0,,
cart,behavioural,0.05,16,3963180399,fixed,0.8,0.8,,1.0,0.6666666666666666,A0_any_to_last,False,False,,1.000000000000008,0,[],5,5,-7.993605777301159e-15,0.14583683013916016,20,1,[19],[],0,,
cart,behavioural,0.1,16,3963180399,fixed,0.8,0.8,,1.0,0.6666666666666666,A0_any_to_last,False,False,,1.0000000000000093,0,[],5,5,-9.325873406851358e-15,0.17773890495300293,20,2,"[9, 19]",[],0,,
cart,behavioural,0.2,16,3963180399,fixed,0.8,0.8,,1.0,0.6666666666666666,A0_any_to_last,False,False,,1.0000000000000058,0,[],5,5,-5.7731597280508306e-15,0.16848206520080566,20,4,"[2, 6, 9, 19]",[],0,,
cart,behavioural,0.3,16,3963180399,fixed,0.8,0.8,,1.0,0.6666666666666666,A0_any_to_last,False,False,,1.000000000000016,0,[],5,5,-1.5987211554602384e-14,0.24997568130493164,20,6,"[2, 6, 7, 9, 13, 19]",[],0,,
cart,violation,0.05,16,3963180399,fixed,0.8,0.8,,1.0,0.6666666666666666,A0_any_to_last,False,False,,1.0000000000000129,0,[],5,5,-1.2878587085651898e-14,0.14375901222229004,20,1,[19],"[""reacquire""]",1,,
cart,violation,0.1,16,3963180399,fixed,0.8,0.8,,1.0,0.6666666666666666,A0_any_to_last,False,False,,0.9999999999999876,0,[],5,5,1.2434497875801676e-14,0.17728304862976074,20,2,"[9, 19]","[""reacquire"", ""reacquire""]",2,,
cart,violation,0.2,16,3963180399,fixed,0.8,0.8,,1.0,0.6666666666666666,A0_any_to_last,False,False,,0.9999999999999984,0,[],5,5,1.554312234475218e-15,0.07265830039978027,20,4,"[2, 6, 9, 19]","[""no_return"", ""wrong_location"", ""reacquire"", ""reacquire""]",4,,
cart,violation,0.3,16,3963180399,fixed,0.8,0.8,,1.0,0.6666666666666666,A0_any_to_last,False,False,,1.0000000000000056,0,[],5,5,-5.551115123125798e-15,0.15787506103515625,20,6,"[2, 6, 7, 9, 13, 19]","[""no_return"", ""wrong_location"", ""wrong_location"", ""reacquire"", ""no_return"", ""reacquire""]",6,,
cart,none,0.0,16,3963180399,oracle,1.0,1.0,,1.0,1.0,H_int,True,True,0.6639888719136919,0.6639888719136919,0,[],11,11,0.6404398003178753,0.4454460144042969,20,0,[],[],0,,
cart,behavioural,0.05,16,3963180399,oracle,1.0,1.0,,1.0,1.0,H_int,True,True,0.6639888719136793,0.6639888719136793,0,[],11,11,0.640439800317882,0.3046879768371582,20,1,[19],[],0,,
cart,behavioural,0.1,16,3963180399,oracle,1.0,1.0,,1.0,1.0,H_int,True,True,0.6639888719136698,0.6639888719136698,0,[],11,11,0.6404398003178875,0.41569995880126953,20,2,"[9, 19]",[],0,,
cart,behavioural,0.2,16,3963180399,oracle,1.0,1.0,,1.0,1.0,H_int,True,True,0.6639888719136681,0.6639888719136681,0,[],11,11,0.6404398003178884,0.12993693351745605,20,4,"[2, 6, 9, 19]",[],0,,
cart,behavioural,0.3,16,3963180399,oracle,1.0,1.0,,1.0,1.0,H_int,True,True,0.6639888719136695,0.6639888719136695,0,[],11,11,0.6404398003178879,0.443300724029541,20,6,"[2, 6, 7, 9, 13, 19]",[],0,,
cart,violation,0.05,16,3963180399,oracle,0.8,0.8,,1.0,0.6666666666666666,A0_any_to_last,False,False,2.820733363014378e-16,0.9992415552685352,0,[],11,11,0.006207006492909797,0.4524848461151123,20,1,[19],"[""reacquire""]",1,,
cart,violation,0.1,16,3963180399,oracle,0.8,0.8,,1.0,0.6666666666666666,A0_any_to_last,False,False,1.2122547617573054e-30,0.9992415547024665,0,[],11,11,0.006207010559368461,0.28762245178222656,20,2,"[9, 19]","[""reacquire"", ""reacquire""]",2,,
cart,violation,0.2,16,3963180399,oracle,0.8,0.8,,1.0,0.6666666666666666,A0_any_to_last,False,False,2.7587820036046657e-28,0.9986351335896358,0,[],11,11,0.01036754706244723,0.274277925491333,20,4,"[2, 6, 9, 19]","[""no_return"", ""wrong_location"", ""reacquire"", ""reacquire""]",4,,
cart,violation,0.3,16,3963180399,oracle,0.8,0.8,,1.0,0.6666666666666666,A0_any_to_last,False,False,1.2722472123764025e-27,0.9975195739445064,0,[],11,11,0.017358229141170016,0.40595412254333496,20,6,"[2, 6, 7, 9, 13, 19]","[""no_return"", ""wrong_location"", ""wrong_location"", ""reacquire"", ""no_return"", ""reacquire""]",6,,
cart,none,0.0,16,3963180399,mlci,0.8,0.8,,1.0,0.6666666666666666,,,,,,,,4,,,16.129981994628906,20,0,[],[],0,4,"[""FORBID at(6, 4) \u2227 E"", ""FORBID at(6, 4) \u2227 S"", ""FORBID at(5, 4) \u2227 S"", ""FORBID at(9, 5) \u2227 hasCart""]"
cart,behavioural,0.05,16,3963180399,mlci,0.8,0.8,,1.0,0.6666666666666666,,,,,,,,4,,,18.929834365844727,20,1,[19],[],0,4,"[""FORBID at(6, 4) \u2227 E"", ""FORBID at(6, 4) \u2227 S"", ""FORBID at(5, 4) \u2227 S"", ""FORBID at(9, 5) \u2227 hasCart""]"
cart,behavioural,0.1,16,3963180399,mlci,0.8,0.8,,1.0,0.6666666666666666,,,,,,,,4,,,19.67076063156128,20,2,"[9, 19]",[],0,4,"[""FORBID at(6, 4) \u2227 E"", ""FORBID at(6, 4) \u2227 S"", ""FORBID at(5, 4) \u2227 S"", ""FORBID at(9, 5) \u2227 hasCart""]"
cart,behavioural,0.2,16,3963180399,mlci,0.8,0.8,,1.0,0.6666666666666666,,,,,,,,4,,,20.56987762451172,20,4,"[2, 6, 9, 19]",[],0,4,"[""FORBID at(6, 4) \u2227 E"", ""FORBID at(6, 4) \u2227 S"", ""FORBID at(5, 4) \u2227 S"", ""FORBID at(9, 5) \u2227 hasCart""]"
cart,behavioural,0.3,16,3963180399,mlci,0.9,0.9090909090909091,,1.0,0.8333333333333334,,,,,,,,2,,,11.703786611557007,20,6,"[2, 6, 7, 9, 13, 19]",[],0,2,"[""FORBID at(6, 4) \u2227 E"", ""FORBID at(7, 5) \u2227 hasCart""]"
cart,violation,0.05,16,3963180399,mlci,0.5,0.2857142857142857,,1.0,0.16666666666666666,,,,,,,,5,,,30.850985288619995,20,1,[19],"[""reacquire""]",1,5,"[""FORBID at(6, 4) \u2227 E"", ""FORBID at(6, 4) \u2227 S"", ""FORBID at(5, 4) \u2227 S"", ""FORBID at(4, 4) \u2227 S"", ""FORBID at(7, 2) \u2227 hasCart""]"
cart,violation,0.1,16,3963180399,mlci,0.5,0.2857142857142857,,1.0,0.16666666666666666,,,,,,,,5,,,27.466407537460327,20,2,"[9, 19]","[""reacquire"", ""reacquire""]",2,5,"[""FORBID at(6, 4) \u2227 E"", ""FORBID at(6, 4) \u2227 S"", ""FORBID at(5, 4) \u2227 S"", ""FORBID at(4, 4) \u2227 S"", ""FORBID at(7, 2) \u2227 hasCart""]"
cart,violation,0.2,16,3963180399,mlci,0.5,0.2857142857142857,,1.0,0.16666666666666666,,,,,,,,1,,,11.081790924072266,20,4,"[2, 6, 9, 19]","[""no_return"", ""wrong_location"", ""reacquire"", ""reacquire""]",4,1,"[""FORBID at(7, 4) \u2227 hasCart""]"
cart,violation,0.3,16,3963180399,mlci,0.5,0.2857142857142857,,1.0,0.16666666666666666,,,,,,,,1,,,7.981246471405029,20,6,"[2, 6, 7, 9, 13, 19]","[""no_return"", ""wrong_location"", ""wrong_location"", ""reacquire"", ""no_return"", ""reacquire""]",6,1,"[""FORBID at(7, 4) \u2227 hasCart""]"
cart,none,0.0,17,4075022147,full,0.8,0.8,,1.0,0.6666666666666666,A0_any_to_last,False,False,,0.9999999999999987,0,[],5,5,1.332267629550187e-15,0.07233810424804688,20,0,[],[],0,,
cart,behavioural,0.05,17,4075022147,full,1.0,1.0,,1.0,1.0,H_int,True,True,0.6640089433874532,0.6640089433874532,1,[13],11,11,0.6404256403640977,0.24206137657165527,20,1,[13],[],0,,
cart,behavioural,0.1,17,4075022147,full,1.0,1.0,,1.0,1.0,H_int,True,True,0.6640089433874347,0.6640089433874347,2,"[13, 16]",11,17,0.6404256403641082,0.24892091751098633,20,2,"[13, 16]",[],0,,
cart,behavioural,0.2,17,4075022147,full,1.0,1.0,,1.0,1.0,H_int,True,True,0.664008943387468,0.664008943387468,3,"[5, 13, 16]",11,23,0.6404256403640896,0.3869767189025879,20,4,"[1, 5, 13, 16]",[],0,,
cart,behavioural,0.3,17,4075022147,full,1.0,1.0,,1.0,1.0,H_int,True,True,0.664008943387437,0.664008943387437,5,"[5, 11, 13, 14, 16]",11,35,0.640425640364106,0.26986098289489746,20,6,"[1, 5, 11, 13, 14, 16]",[],0,,
cart,violation,0.05,17,4075022147,full,0.8,0.8,,1.0,0.6666666666666666,A0_any_to_last,False,False,,0.9999999999999982,0,[],5,5,1.7763568394002489e-15,0.15033793449401855,20,1,[13],"[""wrong_location""]",1,,
cart,violation,0.1,17,4075022147,full,0.8,0.8,,1.0,0.6666666666666666,A0_any_to_last,False,False,,0.9999999999999941,0,[],5,5,5.884182030513312e-15,0.18784070014953613,20,2,"[13, 16]","[""wrong_location"", ""wrong_location""]",2,,
cart,violation,0.2,17,4075022147,full,0.4,0.0,,0.0,0.0,H_null,False,False,,0.9433547572747939,0,[],5,5,0.2952863594284903,7.396543979644775,20,4,"[1, 5, 13, 16]","[""wrong_location"", ""wrong_location"", ""wrong_location"", ""wrong_location""]",4,,
cart,violation,0.3,17,4075022147,full,0.4,0.0,,0.0,0.0,H_null,False,False,,0.9441053616775023,0,[],5,5,0.292168529452695,6.965908527374268,20,6,"[1, 5, 11, 13, 14, 16]","[""wrong_location"", ""wrong_location"", ""wrong_location"", ""wrong_location"", ""wrong_location"", ""wrong_location""]",6,,
cart,none,0.0,17,4075022147,fixed,0.8,0.8,,1.0,0.6666666666666666,A0_any_to_last,False,False,,0.9999999999999987,0,[],5,5,1.332267629550187e-15,0.16016793251037598,20,0,[],[],0,,
cart,behavioural,0.05,17,4075022147,fixed,0.8,0.8,,1.0,0.6666666666666666,A0_any_to_last,False,False,,0.9999999999999987,0,[],5,5,1.332267629550187e-15,0.07599854469299316,20,1,[13],[],0,,
cart,behavioural,0.1,17,4075022147,fixed,0.8,0.8,,1.0,0.6666666666666666,A0_any_to_last,False,False,,1.0000000000000098,0,[],5,5,-9.769962616701425e-15,0.06619095802307129,20,2,"[13, 16]",[],0,,
cart,behavioural,0.2,17,4075022147,fixed,0.8,0.8,,1.0,0.6666666666666666,A0_any_to_last,False,False,,0.9999999999999871,0,[],5,5,1.2878587085651734e-14,0.08505892753601074,20,4,"[1, 5, 13, 16]",[],0,,
cart,behavioural,0.3,17,4075022147,fixed,0.8,0.8,,1.0,0.6666666666666666,A0_any_to_last,False,False,,0.9999999999999862,0,[],5,5,1.3766765505351846e-14,0.17714881896972656,20,6,"[1, 5, 11, 13, 14, 16]",[],0,,
cart,violation,0.05,17,4075022147,fixed,0.8,0.8,,1.0,0.6666666666666666,A0_any_to_last,False,False,,0.9999999999999982,0,[],5,5,1.7763568394002489e-15,0.15850281715393066,20,1,[13],"[""wrong_location""]",1,,
cart,violation,0.1,17,4075022147,fixed,0.8,0.8,,1.0,0.6666666666666666,A0_any_to_last,False,False,,0.9999999999999941,0,[],5,5,5.884182030513312e-15,0.14545583724975586,20,2,"[13, 16]","[""wrong_location"", ""wrong_location""]",2,,
cart,violation,0.2,17,4075022147,fixed,0.4,0.0,,0.0,0.0,H_null,False,False,,0.9433547572747939,0,[],5,5,0.2952863594284903,4.765273332595825,20,4,"[1, 5, 13, 16]","[""wrong_location"", ""wrong_location"", ""wrong_location"", ""wrong_location""]",4,,
cart,violation,0.3,17,4075022147,fixed,0.4,0.0,,0.0,0.0,H_null,False,False,,0.9441053616775023,0,[],5,5,0.292168529452695,4.553245544433594,20,6,"[1, 5, 11, 13, 14, 16]","[""wrong_location"", ""wrong_location"", ""wrong_location"", ""wrong_location"", ""wrong_location"", ""wrong_location""]",6,,
cart,none,0.0,17,4075022147,oracle,1.0,1.0,,1.0,1.0,H_int,True,True,0.6640089433874532,0.6640089433874532,0,[],11,11,0.6404256403640978,0.11756706237792969,20,0,[],[],0,,
cart,behavioural,0.05,17,4075022147,oracle,1.0,1.0,,1.0,1.0,H_int,True,True,0.6640089433874532,0.6640089433874532,0,[],11,11,0.6404256403640977,0.11632323265075684,20,1,[13],[],0,,
cart,behavioural,0.1,17,4075022147,oracle,1.0,1.0,,1.0,1.0,H_int,True,True,0.6640089433874347,0.6640089433874347,0,[],11,11,0.6404256403641082,0.13265204429626465,20,2,"[13, 16]",[],0,,
cart,behavioural,0.2,17,4075022147,oracle,1.0,1.0,,1.0,1.0,H_int,True,True,0.664008943387468,0.664008943387468,0,[],11,11,0.6404256403640896,0.1257615089416504,20,4,"[1, 5, 13, 16]",[],0,,
cart,behavioural,0.3,17,4075022147,oracle,1.0,1.0,,1.0,1.0,H_int,True,True,0.664008943387437,0.664008943387437,0,[],11,11,0.640425640364106,0.2872657775878906,20,6,"[1, 5, 11, 13, 14, 16]",[],0,,
cart,violation,0.05,17,4075022147,oracle,1.0,1.0,,1.0,1.0,H_int,True,True,0.6345069336797167,0.6345069336797167,0,[],11,11,0.6594334375006924,0.24520349502563477,20,1,[13],"[""wrong_location""]",1,,
cart,violation,0.1,17,4075022147,oracle,1.0,1.0,,1.0,1.0,H_int,True,True,0.6026808572185973,0.6026808572185973,0,[],11,11,0.67603113565126,0.12085366249084473,20,2,"[13, 16]","[""wrong_location"", ""wrong_location""]",2,,
cart,violation,0.2,17,4075022147,oracle,0.8,0.8,,1.0,0.6666666666666666,H_noexit,False,False,,0.8581380237448168,0,[],11,11,0.4084654540468511,5.289416313171387,20,4,"[1, 5, 13, 16]","[""wrong_location"", ""wrong_location"", ""wrong_location"", ""wrong_location""]",4,,
cart,violation,0.3,17,4075022147,oracle,0.8,0.8,,1.0,0.6666666666666666,H_noexit,False,False,,0.8581389043862984,0,[],11,11,0.4084538040070792,3.5817525386810303,20,6,"[1, 5, 11, 13, 14, 16]","[""wrong_location"", ""wrong_location"", ""wrong_location"", ""wrong_location"", ""wrong_location"", ""wrong_location""]",6,,
cart,none,0.0,17,4075022147,mlci,0.8,0.8,,1.0,0.6666666666666666,,,,,,,,3,,,11.510777711868286,20,0,[],[],0,3,"[""FORBID at(6, 4) \u2227 E"", ""FORBID at(6, 4) \u2227 S"", ""FORBID at(6, 5) \u2227 hasCart""]"
cart,behavioural,0.05,17,4075022147,mlci,0.8,0.8,,1.0,0.6666666666666666,,,,,,,,3,,,15.742622137069702,20,1,[13],[],0,3,"[""FORBID at(6, 4) \u2227 E"", ""FORBID at(6, 4) \u2227 S"", ""FORBID at(6, 5) \u2227 hasCart""]"
cart,behavioural,0.1,17,4075022147,mlci,0.8,0.8,,1.0,0.6666666666666666,,,,,,,,3,,,17.290475606918335,20,2,"[13, 16]",[],0,3,"[""FORBID at(6, 4) \u2227 E"", ""FORBID at(6, 4) \u2227 S"", ""FORBID at(6, 5) \u2227 hasCart""]"
cart,behavioural,0.2,17,4075022147,mlci,0.8,0.8,,1.0,0.6666666666666666,,,,,,,,3,,,15.83117389678955,20,4,"[1, 5, 13, 16]",[],0,3,"[""FORBID at(6, 4) \u2227 E"", ""FORBID at(6, 4) \u2227 S"", ""FORBID at(6, 5) \u2227 hasCart""]"
cart,behavioural,0.3,17,4075022147,mlci,0.8,0.8,,1.0,0.6666666666666666,,,,,,,,3,,,19.62623953819275,20,6,"[1, 5, 11, 13, 14, 16]",[],0,3,"[""FORBID at(6, 4) \u2227 E"", ""FORBID at(6, 4) \u2227 S"", ""FORBID at(6, 5) \u2227 hasCart""]"
cart,violation,0.05,17,4075022147,mlci,0.8,0.8,,1.0,0.6666666666666666,,,,,,,,1,,,7.390866041183472,20,1,[13],"[""wrong_location""]",1,1,"[""FORBID at(9, 5) \u2227 hasCart""]"
cart,violation,0.1,17,4075022147,mlci,0.8,0.8,,1.0,0.6666666666666666,,,,,,,,1,,,10.003636837005615,20,2,"[13, 16]","[""wrong_location"", ""wrong_location""]",2,1,"[""FORBID at(9, 5) \u2227 hasCart""]"
cart,violation,0.2,17,4075022147,mlci,0.8,0.8,,1.0,0.6666666666666666,,,,,,,,1,,,8.457227230072021,20,4,"[1, 5, 13, 16]","[""wrong_location"", ""wrong_location"", ""wrong_location"", ""wrong_location""]",4,1,"[""FORBID at(9, 5) \u2227 hasCart""]"
cart,violation,0.3,17,4075022147,mlci,0.8,0.8,,1.0,0.6666666666666666,,,,,,,,1,,,7.455041885375977,20,6,"[1, 5, 11, 13, 14, 16]","[""wrong_location"", ""wrong_location"", ""wrong_location"", ""wrong_location"", ""wrong_location"", ""wrong_location""]",6,1,"[""FORBID at(9, 5) \u2227 hasCart""]"
cart,none,0.0,18,889617983,full,0.8,0.8,,1.0,0.6666666666666666,A0_any_to_last,False,False,,0.9999999999999942,0,[],5,5,5.7731597280507974e-15,0.061338186264038086,20,0,[],[],0,,
cart,behavioural,0.05,18,889617983,full,1.0,1.0,,1.0,1.0,H_int,True,True,0.664028113864147,0.664028113864147,1,[19],11,11,0.6404121191193839,0.19147205352783203,20,1,[19],[],0,,
cart,behavioural,0.1,18,889617983,full,1.0,1.0,,1.0,1.0,H_int,True,True,0.664028113864147,0.664028113864147,2,"[15, 19]",11,17,0.6404121191193839,0.22520828247070312,20,2,"[15, 19]",[],0,,
cart,behavioural,0.2,18,889617983,full,1.0,1.0,,1.0,1.0,H_int,True,True,0.6640281138641418,0.6640281138641418,1,[19],11,11,0.6404121191193872,0.1948871612548828,20,4,"[2, 5, 15, 19]",[],0,,
cart,behavioural,0.3,18,889617983,full,1.0,1.0,,1.0,1.0,H_int,True,True,0.6640281138641315,0.6640281138641315,2,"[11, 19]",11,17,0.6404121191193941,0.20996642112731934,20,6,"[2, 3, 5, 11, 15, 19]",[],0,,
cart,violation,0.05,18,889617983,full,0.8,0.8,,1.0,0.6666666666666666,A0_any_to_last,False,False,,0.9999999999999918,0,[],5,5,8.215650382226124e-15,0.1289057731628418,20,1,[19],"[""no_return""]",1,,
cart,violation,0.1,18,889617983,full,0.8,0.8,,1.0,0.6666666666666666,A0_any_to_last,False,False,,0.9999999999999925,0,[],5,5,7.549516567451036e-15,0.1375722885131836,20,2,"[15, 19]","[""no_return"", ""no_return""]",2,,
cart,violation,0.2,18,889617983,full,0.8,0.8,,1.0,0.6666666666666666,A0_any_to_last,False,False,,1.0000000000000069,0,[],5,5,-6.883382752675994e-15,0.06217670440673828,20,4,"[2, 5, 15, 19]","[""reacquire"", ""no_return"", ""no_return"", ""no_return""]",4,,
cart,violation,0.3,18,889617983,full,0.8,0.8,,1.0,0.6666666666666666,A0_any_to_last,False,False,,1.0000000000000047,0,[],5,5,-4.6629367034256685e-15,0.14532184600830078,20,6,"[2, 3, 5, 11, 15, 19]","[""reacquire"", ""wrong_location"", ""no_return"", ""reacquire"", ""no_return"", ""no_return""]",6,,
cart,none,0.0,18,889617983,fixed,0.8,0.8,,1.0,0.6666666666666666,A0_any_to_last,False,False,,0.9999999999999942,0,[],5,5,5.7731597280507974e-15,0.15050268173217773,20,0,[],[],0,,
cart,behavioural,0.05,18,889617983,fixed,0.8,0.8,,1.0,0.6666666666666666,A0_any_to_last,False,False,,0.9999999999999973,0,[],5,5,2.664535259100372e-15,0.14153361320495605,20,1,[19],[],0,,
cart,behavioural,0.1,18,889617983,fixed,0.8,0.8,,1.0,0.6666666666666666,A0_any_to_last,False,False,,0.9999999999999973,0,[],5,5,2.664535259100372e-15,0.06821918487548828,20,2,"[15, 19]",[],0,,
cart,behavioural,0.2,18,889617983,fixed,0.8,0.8,,1.0,0.6666666666666666,A0_any_to_last,False,False,,1.0000000000000124,0,[],5,5,-1.243449787580183e-14,0.1520674228668213,20,4,"[2, 5, 15, 19]",[],0,,
cart,behavioural,0.3,18,889617983,fixed,0.8,0.8,,1.0,0.6666666666666666,A0_any_to_last,False,False,,0.9999999999999796,0,[],5,5,2.0428103653102672e-14,0.15323495864868164,20,6,"[2, 3, 5, 11, 15, 19]",[],0,,
cart,violation,0.05,18,889617983,fixed,0.8,0.8,,1.0,0.6666666666666666,A0_any_to_last,False,False,,0.9999999999999918,0,[],5,5,8.215650382226124e-15,0.22265076637268066,20,1,[19],"[""no_return""]",1,,
cart,violation,0.1,18,889617983,fixed,0.8,0.8,,1.0,0.6666666666666666,A0_any_to_last,False,False,,0.9999999999999925,0,[],5,5,7.549516567451036e-15,0.15349745750427246,20,2,"[15, 19]","[""no_return"", ""no_return""]",2,,
cart,violation,0.2,18,889617983,fixed,0.8,0.8,,1.0,0.6666666666666666,A0_any_to_last,False,False,,1.0000000000000069,0,[],5,5,-6.883382752675994e-15,0.12506604194641113,20,4,"[2, 5, 15, 19]","[""reacquire"", ""no_return"", ""no_return"", ""no_return""]",4,,
cart,violation,0.3,18,889617983,fixed,0.8,0.8,,1.0,0.6666666666666666,A0_any_to_last,False,False,,1.0000000000000047,0,[],5,5,-4.6629367034256685e-15,0.12770628929138184,20,6,"[2, 3, 5, 11, 15, 19]","[""reacquire"", ""wrong_location"", ""no_return"", ""reacquire"", ""no_return"", ""no_return""]",6,,
cart,none,0.0,18,889617983,oracle,1.0,1.0,,1.0,1.0,H_int,True,True,0.6640281138641286,0.6640281138641286,0,[],11,11,0.6404121191193937,0.2627534866333008,20,0,[],[],0,,
cart,behavioural,0.05,18,889617983,oracle,1.0,1.0,,1.0,1.0,H_int,True,True,0.664028113864147,0.664028113864147,0,[],11,11,0.6404121191193839,0.23648619651794434,20,1,[19],[],0,,
cart,behavioural,0.1,18,889617983,oracle,1.0,1.0,,1.0,1.0,H_int,True,True,0.664028113864147,0.664028113864147,0,[],11,11,0.6404121191193839,0.24808883666992188,20,2,"[15, 19]",[],0,,
cart,behavioural,0.2,18,889617983,oracle,1.0,1.0,,1.0,1.0,H_int,True,True,0.6640281138641418,0.6640281138641418,0,[],11,11,0.6404121191193872,0.2664041519165039,20,4,"[2, 5, 15, 19]",[],0,,
cart,behavioural,0.3,18,889617983,oracle,1.0,1.0,,1.0,1.0,H_int,True,True,0.6640281138641315,0.6640281138641315,0,[],11,11,0.6404121191193941,0.41686201095581055,20,6,"[2, 3, 5, 11, 15, 19]",[],0,,
cart,violation,0.05,18,889617983,oracle,1.0,1.0,,1.0,1.0,H_int,True,True,0.6345024163256392,0.6345024163256392,0,[],11,11,0.6594358307457575,0.2686796188354492,20,1,[19],"[""no_return""]",1,,
cart,violation,0.1,18,889617983,oracle,1.0,1.0,,1.0,1.0,H_int,True,True,0.6027382664316616,0.6027382664316616,0,[],11,11,0.6760064920573527,0.24386906623840332,20,2,"[15, 19]","[""no_return"", ""no_return""]",2,,
cart,violation,0.2,18,889617983,oracle,0.8,0.8,,1.0,0.6666666666666666,A0_any_to_last,False,False,7.177864799834068e-14,0.9981569184027248,0,[],11,11,0.013446006832935394,0.13365411758422852,20,4,"[2, 5, 15, 19]","[""reacquire"", ""no_return"", ""no_return"", ""no_return""]",4,,
cart,violation,0.3,18,889617983,oracle,0.8,0.8,,1.0,0.6666666666666666,A0_any_to_last,False,False,1.1901439714715189e-26,0.9975220398314822,0,[],11,11,0.01734344037890233,0.27768969535827637,20,6,"[2, 3, 5, 11, 15, 19]","[""reacquire"", ""wrong_location"", ""no_return"", ""reacquire"", ""no_return"", ""no_return""]",6,,
cart,none,0.0,18,889617983,mlci,0.8,0.8,,1.0,0.6666666666666666,,,,,,,,1,,,8.821723937988281,20,0,[],[],0,1,"[""FORBID at(9, 5) \u2227 hasCart""]"
cart,behavioural,0.05,18,889617983,mlci,0.8,0.8,,1.0,0.6666666666666666,,,,,,,,1,,,11.3716561794281,20,1,[19],[],0,1,"[""FORBID at(9, 5) \u2227 hasCart""]"
cart,behavioural,0.1,18,889617983,mlci,0.8,0.8,,1.0,0.6666666666666666,,,,,,,,1,,,6.341580629348755,20,2,"[15, 19]",[],0,1,"[""FORBID at(9, 5) \u2227 hasCart""]"
cart,behavioural,0.2,18,889617983,mlci,0.8,0.8,,1.0,0.6666666666666666,,,,,,,,1,,,9.406294822692871,20,4,"[2, 5, 15, 19]",[],0,1,"[""FORBID at(9, 5) \u2227 hasCart""]"
cart,behavioural,0.3,18,889617983,mlci,0.9,0.9090909090909091,,1.0,0.8333333333333334,,,,,,,,2,,,13.750369787216187,20,6,"[2, 3, 5, 11, 15, 19]",[],0,2,"[""FORBID at(6, 4) \u2227 E"", ""FORBID at(8, 5) \u2227 hasCart""]"
cart,violation,0.05,18,889617983,mlci,0.5,0.2857142857142857,,1.0,0.16666666666666666,,,,,,,,1,,,7.175984859466553,20,1,[19],"[""no_return""]",1,1,"[""FORBID at(7, 4) \u2227 hasCart""]"
cart,violation,0.1,18,889617983,mlci,0.5,0.2857142857142857,,1.0,0.16666666666666666,,,,,,,,1,,,10.007413387298584,20,2,"[15, 19]","[""no_return"", ""no_return""]",2,1,"[""FORBID at(7, 4) \u2227 hasCart""]"
cart,violation,0.2,18,889617983,mlci,0.5,0.2857142857142857,,1.0,0.16666666666666666,,,,,,,,1,,,5.695293188095093,20,4,"[2, 5, 15, 19]","[""reacquire"", ""no_return"", ""no_return"", ""no_return""]",4,1,"[""FORBID at(7, 4) \u2227 hasCart""]"
cart,violation,0.3,18,889617983,mlci,0.4,0.0,,0.0,0.0,,,,,,,,1,,,8.310671091079712,20,6,"[2, 3, 5, 11, 15, 19]","[""reacquire"", ""wrong_location"", ""no_return"", ""reacquire"", ""no_return"", ""no_return""]",6,1,"[""FORBID at(6, 4) \u2227 E""]"
cart,none,0.0,19,4267294443,full,0.8,0.8,,1.0,0.6666666666666666,A0_any_to_last,False,False,,0.9999999999999942,0,[],5,5,5.7731597280507974e-15,0.16368460655212402,20,0,[],[],0,,
cart,behavioural,0.05,19,4267294443,full,1.0,1.0,,1.0,1.0,H_int,True,True,0.6639999468871702,0.6639999468871702,1,[8],11,11,0.6404319869100887,0.35256171226501465,20,1,[8],[],0,,
cart,behavioural,0.1,19,4267294443,full,0.8,0.8,,1.0,0.6666666666666666,A0_any_to_last,False,False,,0.9999999999999809,0,[],5,5,1.909583602355251e-14,0.16506481170654297,20,2,"[2, 8]",[],0,,
cart,behavioural,0.2,19,4267294443,full,1.0,1.0,,1.0,1.0,H_int,True,True,0.6639999468871836,0.6639999468871836,1,[3],11,11,0.6404319869100821,0.29544615745544434,20,4,"[2, 3, 8, 15]",[],0,,
cart,behavioural,0.3,19,4267294443,full,1.0,1.0,,1.0,1.0,H_int,True,True,0.6639999468871853,0.6639999468871853,2,"[3, 6]",11,17,0.6404319869100804,0.3620007038116455,20,6,"[2, 3, 6, 8, 15, 17]",[],0,,
cart,violation,0.05,19,4267294443,full,0.8,0.8,,1.0,0.6666666666666666,A0_any_to_last,False,False,,1.000000000000012,0,[],5,5,-1.1990408665951762e-14,0.18022894859313965,20,1,[8],"[""reacquire""]",1,,
cart,violation,0.1,19,4267294443,full,0.8,0.8,,1.0,0.6666666666666666,A0_any_to_last,False,False,,1.0000000000000089,0,[],5,5,-8.881784197001292e-15,0.17734146118164062,20,2,"[2, 8]","[""reacquire"", ""reacquire""]",2,,
cart,violation,0.2,19,4267294443,full,0.8,0.8,,1.0,0.6666666666666666,A0_any_to_last,False,False,,1.000000000000008,0,[],5,5,-7.993605777301159e-15,0.24191737174987793,20,4,"[2, 3, 8, 15]","[""reacquire"", ""wrong_location"", ""reacquire"", ""reacquire""]",4,,
cart,violation,0.3,19,4267294443,full,0.8,0.8,,1.0,0.6666666666666666,A0_any_to_last,False,False,,0.9999999999999868,0,[],5,5,1.3211653993039274e-14,0.1414201259613037,20,6,"[2, 3, 6, 8, 15, 17]","[""reacquire"", ""wrong_location"", ""wrong_location"", ""reacquire"", ""reacquire"", ""wrong_location""]",6,,
cart,none,0.0,19,4267294443,fixed,0.8,0.8,,1.0,0.6666666666666666,A0_any_to_last,False,False,,0.9999999999999942,0,[],5,5,5.7731597280507974e-15,0.16451478004455566,20,0,[],[],0,,
cart,behavioural,0.05,19,4267294443,fixed,0.8,0.8,,1.0,0.6666666666666666,A0_any_to_last,False,False,,0.9999999999999951,0,[],5,5,4.884981308350677e-15,0.17117595672607422,20,1,[8],[],0,,
cart,behavioural,0.1,19,4267294443,fixed,0.8,0.8,,1.0,0.6666666666666666,A0_any_to_last,False,False,,0.9999999999999809,0,[],5,5,1.909583602355251e-14,0.2714662551879883,20,2,"[2, 8]",[],0,,
cart,behavioural,0.2,19,4267294443,fixed,0.8,0.8,,1.0,0.6666666666666666,A0_any_to_last,False,False,,0.9999999999999876,0,[],5,5,1.2434497875801676e-14,0.23096275329589844,20,4,"[2, 3, 8, 15]",[],0,,
cart,behavioural,0.3,19,4267294443,fixed,0.8,0.8,,1.0,0.6666666666666666,A0_any_to_last,False,False,,1.0000000000000253,0,[],5,5,-2.5313084961453888e-14,0.20075535774230957,20,6,"[2, 3, 6, 8, 15, 17]",[],0,,
cart,violation,0.05,19,4267294443,fixed,0.8,0.8,,1.0,0.6666666666666666,A0_any_to_last,False,False,,1.000000000000012,0,[],5,5,-1.1990408665951762e-14,0.16878175735473633,20,1,[8],"[""reacquire""]",1,,
cart,violation,0.1,19,4267294443,fixed,0.8,0.8,,1.0,0.6666666666666666,A0_any_to_last,False,False,,1.0000000000000089,0,[],5,5,-8.881784197001292e-15,0.15232110023498535,20,2,"[2, 8]","[""reacquire"", ""reacquire""]",2,,
cart,violation,0.2,19,4267294443,fixed,0.8,0.8,,1.0,0.6666666666666666,A0_any_to_last,False,False,,1.000000000000008,0,[],5,5,-7.993605777301159e-15,0.15957903861999512,20,4,"[2, 3, 8, 15]","[""reacquire"", ""wrong_location"", ""reacquire"", ""reacquire""]",4,,
cart,violation,0.3,19,4267294443,fixed,0.8,0.8,,1.0,0.6666666666666666,A0_any_to_last,False,False,,0.9999999999999868,0,[],5,5,1.3211653993039274e-14,0.07115864753723145,20,6,"[2, 3, 6, 8, 15, 17]","[""reacquire"", ""wrong_location"", ""wrong_location"", ""reacquire"", ""reacquire"", ""wrong_location""]",6,,
cart,none,0.0,19,4267294443,oracle,1.0,1.0,,1.0,1.0,H_int,True,True,0.6639999468871688,0.6639999468871688,0,[],11,11,0.6404319869100892,0.28893589973449707,20,0,[],[],0,,
cart,behavioural,0.05,19,4267294443,oracle,1.0,1.0,,1.0,1.0,H_int,True,True,0.6639999468871702,0.6639999468871702,0,[],11,11,0.6404319869100887,0.3124399185180664,20,1,[8],[],0,,
cart,behavioural,0.1,19,4267294443,oracle,1.0,1.0,,1.0,1.0,H_int,True,True,0.6639999468871752,0.6639999468871752,0,[],11,11,0.6404319869100867,0.3054354190826416,20,2,"[2, 8]",[],0,,
cart,behavioural,0.2,19,4267294443,oracle,1.0,1.0,,1.0,1.0,H_int,True,True,0.6639999468871836,0.6639999468871836,0,[],11,11,0.6404319869100821,0.3259456157684326,20,4,"[2, 3, 8, 15]",[],0,,
cart,behavioural,0.3,19,4267294443,oracle,1.0,1.0,,1.0,1.0,H_int,True,True,0.6639999468871853,0.6639999468871853,0,[],11,11,0.6404319869100804,0.3119480609893799,20,6,"[2, 3, 6, 8, 15, 17]",[],0,,
cart,violation,0.05,19,4267294443,oracle,0.8,0.8,,1.0,0.6666666666666666,A0_any_to_last,False,False,4.513568911361075e-16,0.9992417061797458,0,[],11,11,0.0062059224100246314,0.12869548797607422,20,1,[8],"[""reacquire""]",1,,
cart,violation,0.1,19,4267294443,oracle,0.8,0.8,,1.0,0.6666666666666666,A0_any_to_last,False,False,2.9211811464256054e-30,0.9992416954814602,0,[],11,11,0.006205999262976633,0.32724642753601074,20,2,"[2, 8]","[""reacquire"", ""reacquire""]",2,,
cart,violation,0.2,19,4267294443,oracle,0.8,0.8,,1.0,0.6666666666666666,A0_any_to_last,False,False,2.919750264726766e-42,0.998988151732504,0,[],11,11,0.007989018205003648,0.25034189224243164,20,4,"[2, 3, 8, 15]","[""reacquire"", ""wrong_location"", ""reacquire"", ""reacquire""]",4,,
cart,violation,0.3,19,4267294443,oracle,0.8,0.8,,1.0,0.6666666666666666,A0_any_to_last,False,False,4.967972327656613e-41,0.9981605771831021,0,[],11,11,0.013422973101331033,0.3220515251159668,20,6,"[2, 3, 6, 8, 15, 17]","[""reacquire"", ""wrong_location"", ""wrong_location"", ""reacquire"", ""reacquire"", ""wrong_location""]",6,,
cart,none,0.0,19,4267294443,mlci,0.5,0.2857142857142857,,1.0,0.16666666666666666,,,,,,,,5,,,23.573076725006104,20,0,[],[],0,5,"[""FORBID at(6, 4) \u2227 E"", ""FORBID at(6, 4) \u2227 S"", ""FORBID at(5, 4) \u2227 S"", ""FORBID at(4, 4) \u2227 S"", ""FORBID at(7, 2) \u2227 hasCart""]"
cart,behavioural,0.05,19,4267294443,mlci,0.5,0.2857142857142857,,1.0,0.16666666666666666,,,,,,,,5,,,22.242257595062256,20,1,[8],[],0,5,"[""FORBID at(6, 4) \u2227 E"", ""FORBID at(6, 4) \u2227 S"", ""FORBID at(5, 4) \u2227 S"", ""FORBID at(4, 4) \u2227 S"", ""FORBID at(7, 2) \u2227 hasCart""]"
cart,behavioural,0.1,19,4267294443,mlci,0.5,0.2857142857142857,,1.0,0.16666666666666666,,,,,,,,5,,,22.26887321472168,20,2,"[2, 8]",[],0,5,"[""FORBID at(6, 4) \u2227 E"", ""FORBID at(6, 4) \u2227 S"", ""FORBID at(5, 4) \u2227 S"", ""FORBID at(4, 4) \u2227 S"", ""FORBID at(7, 2) \u2227 hasCart""]"
cart,behavioural,0.2,19,4267294443,mlci,0.8,0.8,,1.0,0.6666666666666666,,,,,,,,1,,,6.674488067626953,20,4,"[2, 3, 8, 15]",[],0,1,"[""FORBID at(9, 5) \u2227 hasCart""]"
cart,behavioural,0.3,19,4267294443,mlci,0.8,0.8,,1.0,0.6666666666666666,,,,,,,,1,,,6.725259065628052,20,6,"[2, 3, 6, 8, 15, 17]",[],0,1,"[""FORBID at(9, 5) \u2227 hasCart""]"
cart,violation,0.05,19,4267294443,mlci,0.5,0.2857142857142857,,1.0,0.16666666666666666,,,,,,,,5,,,18.82899832725525,20,1,[8],"[""reacquire""]",1,5,"[""FORBID at(6, 4) \u2227 E"", ""FORBID at(6, 4) \u2227 S"", ""FORBID at(5, 4) \u2227 S"", ""FORBID at(4, 4) \u2227 S"", ""FORBID at(7, 3) \u2227 hasCart""]"
cart,violation,0.1,19,4267294443,mlci,0.5,0.2857142857142857,,1.0,0.16666666666666666,,,,,,,,5,,,24.50332236289978,20,2,"[2, 8]","[""reacquire"", ""reacquire""]",2,5,"[""FORBID at(6, 4) \u2227 E"", ""FORBID at(6, 4) \u2227 S"", ""FORBID at(5, 4) \u2227 S"", ""FORBID at(4, 4) \u2227 S"", ""FORBID at(7, 3) \u2227 hasCart""]"
cart,violation,0.2,19,4267294443,mlci,0.4,0.0,,0.0,0.0,,,,,,,,0,,,4.426773548126221,20,4,"[2, 3, 8, 15]","[""reacquire"", ""wrong_location"", ""reacquire"", ""reacquire""]",4,0,[]
cart,violation,0.3,19,4267294443,mlci,0.4,0.0,,0.0,0.0,,,,,,,,0,,,4.47617506980896,20,6,"[2, 3, 6, 8, 15, 17]","[""reacquire"", ""wrong_location"", ""wrong_location"", ""reacquire"", ""reacquire"", ""wrong_location""]",6,0,[]
aisle,none,0.0,0,3132214987,full,0.6,0.33333333333333337,0.4,1.0,0.2,B0_cells,False,False,,0.9953729864367858,0,[],4,4,0.03259326674463482,0.1671290397644043,20,0,[],[],0,,
aisle,behavioural,0.05,0,3132214987,full,0.7,0.5714285714285715,0.4,1.0,0.4,S_memorised,False,False,0.2660195407399912,0.4665711187053598,1,[6],9,9,1.0635587244672697,0.2547438144683838,20,1,[6],[],0,,
aisle,behavioural,0.1,0,3132214987,full,0.7,0.5714285714285715,0.4,1.0,0.4,S_memorised,False,False,0.29067390111990143,0.4174011125103326,1,[6],9,9,1.0845761827134308,10.893315553665161,20,2,"[2, 6]",[],0,,
aisle,behavioural,0.2,0,3132214987,full,0.7,0.5714285714285715,0.4,1.0,0.4,S_memorised,False,False,0.29071839951819817,0.41746501119846624,3,"[6, 8, 13]",9,19,1.083245436934926,10.554611444473267,20,4,"[2, 6, 8, 13]",[],0,,
aisle,behavioural,0.3,0,3132214987,full,0.7,0.5714285714285715,0.4,1.0,0.4,S_memorised,False,False,0.29071843979602185,0.41746506903650776,5,"[6, 8, 13, 14, 17]",9,29,1.0832432629534816,10.672934532165527,20,6,"[2, 6, 8, 13, 14, 17]",[],0,,
aisle,violation,0.05,0,3132214987,full,0.6,0.33333333333333337,0.4,1.0,0.2,B0_cells,False,False,,0.9954110488151104,0,[],4,4,0.032363066950631486,0.19048547744750977,20,1,[6],"[""cart_into_aisle""]",1,,
aisle,violation,0.1,0,3132214987,full,0.6,0.33333333333333337,0.4,1.0,0.2,B0_cells,False,False,,0.9432769348244755,0,[],4,4,0.2564958521414807,0.14207863807678223,20,2,"[2, 6]","[""cart_into_aisle"", ""cart_into_aisle""]",2,,
aisle,violation,0.2,0,3132214987,full,0.6,0.33333333333333337,0.4,1.0,0.2,B0_cells,False,False,,0.9285821737465333,0,[],4,4,0.3067933528835992,0.2149338722229004,20,4,"[2, 6, 8, 13]","[""cart_into_aisle"", ""cart_into_aisle"", ""cart_into_aisle"", ""cart_into_aisle""]",4,,
aisle,violation,0.3,0,3132214987,full,0.6,0.33333333333333337,0.4,1.0,0.2,B0_cells,False,False,,0.9283927378315847,0,[],4,4,0.3074102922056271,0.11619186401367188,20,6,"[2, 6, 8, 13, 14, 17]","[""cart_into_aisle"", ""cart_into_aisle"", ""cart_into_aisle"", ""cart_into_aisle"", ""cart_into_aisle"", ""cart_into_aisle""]",6,,
aisle,none,0.0,0,3132214987,fixed,0.6,0.33333333333333337,0.4,1.0,0.2,B0_cells,False,False,,0.9953729864367858,0,[],4,4,0.03259326674463482,0.10979986190795898,20,0,[],[],0,,
aisle,behavioural,0.05,0,3132214987,fixed,0.6,0.33333333333333337,0.4,1.0,0.2,B0_cells,False,False,,0.9953729864367593,0,[],4,4,0.03259326674466054,0.1755235195159912,20,1,[6],[],0,,
aisle,behavioural,0.1,0,3132214987,fixed,0.6,0.33333333333333337,0.4,1.0,0.2,B0_cells,False,False,,0.9953729864367584,0,[],4,4,0.0325932667446619,0.09867429733276367,20,2,"[2, 6]",[],0,,
aisle,behavioural,0.2,0,3132214987,fixed,0.6,0.33333333333333337,0.4,1.0,0.2,B0_cells,False,False,,0.9953729864367593,0,[],4,4,0.03259326674466165,0.10357189178466797,20,4,"[2, 6, 8, 13]",[],0,,
aisle,behavioural,0.3,0,3132214987,fixed,0.6,0.33333333333333337,0.4,1.0,0.2,B0_cells,False,False,,0.9953729864367593,0,[],4,4,0.0325932667446617,0.19536638259887695,20,6,"[2, 6, 8, 13, 14, 17]",[],0,,
aisle,violation,0.05,0,3132214987,fixed,0.6,0.33333333333333337,0.4,1.0,0.2,B0_cells,False,False,,0.9954110488151104,0,[],4,4,0.032363066950631486,0.06240224838256836,20,1,[6],"[""cart_into_aisle""]",1,,
aisle,violation,0.1,0,3132214987,fixed,0.6,0.33333333333333337,0.4,1.0,0.2,B0_cells,False,False,,0.9432769348244755,0,[],4,4,0.2564958521414807,0.1544020175933838,20,2,"[2, 6]","[""cart_into_aisle"", ""cart_into_aisle""]",2,,
aisle,violation,0.2,0,3132214987,fixed,0.6,0.33333333333333337,0.4,1.0,0.2,B0_cells,False,False,,0.9285821737465333,0,[],4,4,0.3067933528835992,0.22276043891906738,20,4,"[2, 6, 8, 13]","[""cart_into_aisle"", ""cart_into_aisle"", ""cart_into_aisle"", ""cart_into_aisle""]",4,,
aisle,violation,0.3,0,3132214987,fixed,0.6,0.33333333333333337,0.4,1.0,0.2,B0_cells,False,False,,0.9283927378315847,0,[],4,4,0.3074102922056271,0.19974184036254883,20,6,"[2, 6, 8, 13, 14, 17]","[""cart_into_aisle"", ""cart_into_aisle"", ""cart_into_aisle"", ""cart_into_aisle"", ""cart_into_aisle"", ""cart_into_aisle""]",6,,
aisle,none,0.0,0,3132214987,oracle,0.5,0.6666666666666666,0.6,0.5,1.0,S_nearShelf,False,False,0.00469542270761507,0.9905914198524053,0,[],8,9,0.05978740269314057,0.23516058921813965,20,0,[],[],0,,
aisle,behavioural,0.05,0,3132214987,oracle,1.0,1.0,1.0,1.0,1.0,S_corridor,False,True,0.4986972960563483,0.5005807557056647,0,[],8,9,0.6985902061430708,0.24474525451660156,20,1,[6],[],0,,
aisle,behavioural,0.1,0,3132214987,oracle,1.0,1.0,1.0,1.0,1.0,S_corridor,False,True,0.498926289358997,0.5008106138608853,0,[],8,9,0.6953959477865307,0.300828218460083,20,2,"[2, 6]",[],0,,
aisle,behavioural,0.2,0,3132214987,oracle,1.0,1.0,1.0,1.0,1.0,S_corridor,False,True,0.49905740445962965,0.5009422241516865,0,[],8,9,0.6931512592805956,0.14710021018981934,20,4,"[2, 6, 8, 13]",[],0,,
aisle,behavioural,0.3,0,3132214987,oracle,1.0,1.0,1.0,1.0,1.0,S_corridor,False,True,0.49905752315175267,0.5009423432920834,0,[],8,9,0.6931475630869528,0.29329586029052734,20,6,"[2, 6, 8, 13, 14, 17]",[],0,,
aisle,violation,0.05,0,3132214987,oracle,0.5,0.6666666666666666,0.6,0.5,1.0,S_nearShelf,False,False,0.00022483425596457203,0.9995492229152259,0,[],8,9,0.004238743165591187,0.20927786827087402,20,1,[6],"[""cart_into_aisle""]",1,,
aisle,violation,0.1,0,3132214987,oracle,0.5,0.6666666666666666,0.6,0.5,1.0,S_nearShelf,False,False,6.170616173435943e-06,0.9999875531797856,0,[],8,9,0.00016209386765835766,0.2005445957183838,20,2,"[2, 6]","[""cart_into_aisle"", ""cart_into_aisle""]",2,,
aisle,violation,0.2,0,3132214987,oracle,0.5,0.6666666666666666,0.6,0.5,1.0,S_nearShelf,False,False,4.173582239684438e-07,0.9999989358187075,0,[],8,9,1.6832850957346537e-05,0.24169492721557617,20,4,"[2, 6, 8, 13]","[""cart_into_aisle"", ""cart_into_aisle"", ""cart_into_aisle"", ""cart_into_aisle""]",4,,
aisle,violation,0.3,0,3132214987,oracle,0.5,0.6666666666666666,0.6,0.5,1.0,S_nearShelf,False,False,9.828506110119584e-07,0.9999974486861384,0,[],8,9,3.81449730952944e-05,0.3033311367034912,20,6,"[2, 6, 8, 13, 14, 17]","[""cart_into_aisle"", ""cart_into_aisle"", ""cart_into_aisle"", ""cart_into_aisle"", ""cart_into_aisle"", ""cart_into_aisle""]",6,,
aisle,none,0.0,0,3132214987,mlci,0.5,0.4444444444444445,0.4,0.5,0.4,,,,,,,,4,,,18.198694944381714,20,0,[],[],0,4,"[""FORBID at(3, 2) \u2227 hasCart"", ""FORBID at(6, 2) \u2227 hasCart"", ""FORBID W"", ""FORBID at(5, 4) \u2227 E""]"
aisle,behavioural,0.05,0,3132214987,mlci,0.6,0.5,0.4,0.6666666666666666,0.4,,,,,,,,3,,,14.25867486000061,20,1,[6],[],0,3,"[""FORBID at(3, 2) \u2227 hasCart"", ""FORBID at(6, 2) \u2227 hasCart"", ""FORBID at(5, 4) \u2227 E""]"
aisle,behavioural,0.1,0,3132214987,mlci,0.6,0.5,0.4,0.6666666666666666,0.4,,,,,,,,3,,,14.449891805648804,20,2,"[2, 6]",[],0,3,"[""FORBID at(3, 2) \u2227 hasCart"", ""FORBID at(6, 2) \u2227 hasCart"", ""FORBID at(5, 4) \u2227 E""]"
aisle,behavioural,0.2,0,3132214987,mlci,0.6,0.5,0.4,0.6666666666666666,0.4,,,,,,,,3,,,14.185091495513916,20,4,"[2, 6, 8, 13]",[],0,3,"[""FORBID at(3, 2) \u2227 hasCart"", ""FORBID at(6, 2) \u2227 hasCart"", ""FORBID at(5, 4) \u2227 E""]"
aisle,behavioural,0.3,0,3132214987,mlci,0.6,0.5,0.4,0.6666666666666666,0.4,,,,,,,,3,,,14.192423582077026,20,6,"[2, 6, 8, 13, 14, 17]",[],0,3,"[""FORBID at(3, 2) \u2227 hasCart"", ""FORBID at(6, 2) \u2227 hasCart"", ""FORBID at(5, 4) \u2227 E""]"
aisle,violation,0.05,0,3132214987,mlci,0.4,0.25,0.4,0.3333333333333333,0.2,,,,,,,,3,,,9.355156660079956,20,1,[6],"[""cart_into_aisle""]",1,3,"[""FORBID at(6, 2) \u2227 hasCart"", ""FORBID W"", ""FORBID at(5, 4) \u2227 E""]"
aisle,violation,0.1,0,3132214987,mlci,0.3,0.0,0.4,0.0,0.0,,,,,,,,2,,,8.650684118270874,20,2,"[2, 6]","[""cart_into_aisle"", ""cart_into_aisle""]",2,2,"[""FORBID W"", ""FORBID at(5, 4) \u2227 E""]"
aisle,violation,0.2,0,3132214987,mlci,0.4,0.0,0.4,0.0,0.0,,,,,,,,1,,,4.211603164672852,20,4,"[2, 6, 8, 13]","[""cart_into_aisle"", ""cart_into_aisle"", ""cart_into_aisle"", ""cart_into_aisle""]",4,1,"[""FORBID W""]"
aisle,violation,0.3,0,3132214987,mlci,0.4,0.0,0.4,0.0,0.0,,,,,,,,1,,,5.5212156772613525,20,6,"[2, 6, 8, 13, 14, 17]","[""cart_into_aisle"", ""cart_into_aisle"", ""cart_into_aisle"", ""cart_into_aisle"", ""cart_into_aisle"", ""cart_into_aisle""]",6,1,"[""FORBID W""]"
aisle,none,0.0,1,2531051427,full,0.5,0.0,0.4,0.0,0.0,H_null,False,False,,1.0000000000000115,0,[],1,1,-1.1546319456101694e-14,0.12706732749938965,20,0,[],[],0,,
aisle,behavioural,0.05,1,2531051427,full,0.7,0.5714285714285715,0.4,1.0,0.4,S_memorised,False,False,0.2655203802831033,0.46794857544612134,1,[14],6,6,1.0600431678360682,0.19991707801818848,20,1,[14],[],0,,
aisle,behavioural,0.1,1,2531051427,full,0.7,0.5714285714285715,0.4,1.0,0.4,S_memorised,False,False,0.2655136049437194,0.4679366347039098,2,"[14, 16]",6,11,1.0602849571007633,0.14200592041015625,20,2,"[14, 16]",[],0,,
aisle,behavioural,0.2,1,2531051427,full,0.7,0.5714285714285715,0.4,1.0,0.4,S_memorised,False,False,0.2655241266494595,0.4679551779780962,3,"[5, 14, 16]",7,16,1.059889369040351,0.2621495723724365,20,4,"[1, 5, 14, 16]",[],0,,
aisle,behavioural,0.3,1,2531051427,full,0.7,0.5714285714285715,0.4,1.0,0.4,S_memorised,False,False,0.26552432292644607,0.46795552389330214,5,"[5, 6, 8, 14, 16]",7,26,1.0598789778011533,0.30678677558898926,20,6,"[1, 5, 6, 8, 14, 16]",[],0,,
aisle,violation,0.05,1,2531051427,full,0.5,0.0,0.4,0.0,0.0,H_null,False,False,,1.0000000000000115,0,[],1,1,-1.1546319456101694e-14,0.09975934028625488,20,1,[14],"[""cart_into_aisle""]",1,,
aisle,violation,0.1,1,2531051427,full,0.5,0.0,0.4,0.0,0.0,H_null,False,False,,1.0000000000000115,0,[],1,1,-1.1546319456101694e-14,0.13845467567443848,20,2,"[14, 16]","[""cart_into_aisle"", ""cart_into_aisle""]",2,,
aisle,violation,0.2,1,2531051427,full,0.5,0.0,0.4,0.0,0.0,H_null,False,False,,1.0000000000000115,0,[],1,1,-1.1546319456101694e-14,0.07699179649353027,20,4,"[1, 5, 14, 16]","[""cart_into_aisle"", ""cart_into_aisle"", ""cart_into_aisle"", ""cart_into_aisle""]",4,,
aisle,violation,0.3,1,2531051427,full,0.5,0.0,0.4,0.0,0.0,H_null,False,False,,1.0000000000000115,0,[],1,1,-1.1546319456101694e-14,0.035779714584350586,20,6,"[1, 5, 6, 8, 14, 16]","[""cart_into_aisle"", ""cart_into_aisle"", ""cart_into_aisle"", ""cart_into_aisle"", ""cart_into_aisle"", ""cart_into_aisle""]",6,,
aisle,none,0.0,1,2531051427,fixed,0.5,0.0,0.4,0.0,0.0,H_null,False,False,,1.0000000000000115,0,[],1,1,-1.1546319456101694e-14,0.09445309638977051,20,0,[],[],0,,
aisle,behavioural,0.05,1,2531051427,fixed,0.5,0.0,0.4,0.0,0.0,H_null,False,False,,1.0000000000000115,0,[],1,1,-1.1546319456101694e-14,0.11962723731994629,20,1,[14],[],0,,
aisle,behavioural,0.1,1,2531051427,fixed,0.5,0.0,0.4,0.0,0.0,H_null,False,False,,1.0000000000000115,0,[],1,1,-1.1546319456101694e-14,0.06424307823181152,20,2,"[14, 16]",[],0,,
aisle,behavioural,0.2,1,2531051427,fixed,0.5,0.0,0.4,0.0,0.0,H_null,False,False,,1.0000000000000115,0,[],1,1,-1.1546319456101694e-14,0.05427718162536621,20,4,"[1, 5, 14, 16]",[],0,,
aisle,behavioural,0.3,1,2531051427,fixed,0.5,0.0,0.4,0.0,0.0,H_null,False,False,,1.0000000000000115,0,[],1,1,-1.1546319456101694e-14,0.12284088134765625,20,6,"[1, 5, 6, 8, 14, 16]",[],0,,
aisle,violation,0.05,1,2531051427,fixed,0.5,0.0,0.4,0.0,0.0,H_null,False,False,,1.0000000000000115,0,[],1,1,-1.1546319456101694e-14,0.06707930564880371,20,1,[14],"[""cart_into_aisle""]",1,,
aisle,violation,0.1,1,2531051427,fixed,0.5,0.0,0.4,0.0,0.0,H_null,False,False,,1.0000000000000115,0,[],1,1,-1.1546319456101694e-14,0.07815742492675781,20,2,"[14, 16]","[""cart_into_aisle"", ""cart_into_aisle""]",2,,
aisle,violation,0.2,1,2531051427,fixed,0.5,0.0,0.4,0.0,0.0,H_null,False,False,,1.0000000000000115,0,[],1,1,-1.1546319456101694e-14,0.06287693977355957,20,4,"[1, 5, 14, 16]","[""cart_into_aisle"", ""cart_into_aisle"", ""cart_into_aisle"", ""cart_into_aisle""]",4,,
aisle,violation,0.3,1,2531051427,fixed,0.5,0.0,0.4,0.0,0.0,H_null,False,False,,1.0000000000000115,0,[],1,1,-1.1546319456101694e-14,0.034311771392822266,20,6,"[1, 5, 6, 8, 14, 16]","[""cart_into_aisle"", ""cart_into_aisle"", ""cart_into_aisle"", ""cart_into_aisle"", ""cart_into_aisle"", ""cart_into_aisle""]",6,,
aisle,none,0.0,1,2531051427,oracle,1.0,1.0,1.0,1.0,1.0,S_corridor,False,True,0.4833770286551248,0.48518957656968836,0,[],5,5,0.8110515729931842,0.1652982234954834,20,0,[],[],0,,
aisle,behavioural,0.05,1,2531051427,oracle,1.0,1.0,1.0,1.0,1.0,S_corridor,False,True,0.49905021963945484,0.5009215382608351,0,[],5,5,0.6934517366350341,0.19396233558654785,20,1,[14],[],0,,
aisle,behavioural,0.1,1,2531051427,oracle,1.0,1.0,1.0,1.0,1.0,S_corridor,False,True,0.4990262857055937,0.5008975145804627,0,[],5,5,0.6938934926573307,0.10697078704833984,20,2,"[14, 16]",[],0,,
aisle,behavioural,0.2,1,2531051427,oracle,1.0,1.0,1.0,1.0,1.0,S_corridor,False,True,0.4990634541880708,0.5009348224358223,0,[],5,5,0.6931696769785488,0.11679482460021973,20,4,"[1, 5, 14, 16]",[],0,,
aisle,behavioural,0.3,1,2531051427,oracle,1.0,1.0,1.0,1.0,1.0,S_corridor,False,True,0.4990641475711078,0.5009355184188834,0,[],5,5,0.6931505134283235,0.1649336814880371,20,6,"[1, 5, 6, 8, 14, 16]",[],0,,
aisle,violation,0.05,1,2531051427,oracle,0.5,0.6666666666666666,0.6,0.5,1.0,S_nearShelf,False,False,0.0011533456802625705,0.997685798958885,0,[],5,5,0.01798483794230746,0.13395261764526367,20,1,[14],"[""cart_into_aisle""]",1,,
aisle,violation,0.1,1,2531051427,oracle,0.5,0.6666666666666666,0.6,0.5,1.0,S_nearShelf,False,False,2.329061653258627e-06,0.9999950450933647,0,[],5,5,6.981885498454975e-05,0.14629197120666504,20,2,"[14, 16]","[""cart_into_aisle"", ""cart_into_aisle""]",2,,
aisle,violation,0.2,1,2531051427,oracle,0.5,0.6666666666666666,0.6,0.5,1.0,S_nearShelf,False,False,2.2416295477068858e-07,0.9999993937208771,0,[],5,5,9.944052740440648e-06,0.1772768497467041,20,4,"[1, 5, 14, 16]","[""cart_into_aisle"", ""cart_into_aisle"", ""cart_into_aisle"", ""cart_into_aisle""]",4,,
aisle,violation,0.3,1,2531051427,oracle,0.5,0.6666666666666666,0.6,0.5,1.0,S_nearShelf,False,False,6.372375702166434e-06,0.9999781911463099,0,[],5,5,0.00027953205659515503,0.07210564613342285,20,6,"[1, 5, 6, 8, 14, 16]","[""cart_into_aisle"", ""cart_into_aisle"", ""cart_into_aisle"", ""cart_into_aisle"", ""cart_into_aisle"", ""cart_into_aisle""]",6,,
aisle,none,0.0,1,2531051427,mlci,0.6,0.5,0.4,0.6666666666666666,0.4,,,,,,,,3,,,12.360568046569824,20,0,[],[],0,3,"[""FORBID at(6, 2) \u2227 hasCart"", ""FORBID at(3, 2) \u2227 hasCart"", ""FORBID W""]"
aisle,behavioural,0.05,1,2531051427,mlci,0.7,0.5714285714285715,0.4,1.0,0.4,,,,,,,,2,,,9.260808229446411,20,1,[14],[],0,2,"[""FORBID at(6, 2) \u2227 hasCart"", ""FORBID at(3, 2) \u2227 hasCart""]"
aisle,behavioural,0.1,1,2531051427,mlci,0.7,0.5714285714285715,0.4,1.0,0.4,,,,,,,,2,,,10.255181312561035,20,2,"[14, 16]",[],0,2,"[""FORBID at(6, 2) \u2227 hasCart"", ""FORBID at(3, 2) \u2227 hasCart""]"
aisle,behavioural,0.2,1,2531051427,mlci,0.7,0.5714285714285715,0.4,1.0,0.4,,,,,,,,2,,,10.924027442932129,20,4,"[1, 5, 14, 16]",[],0,2,"[""FORBID at(6, 2) \u2227 hasCart"", ""FORBID at(3, 2) \u2227 hasCart""]"
aisle,behavioural,0.3,1,2531051427,mlci,0.7,0.5714285714285715,0.4,1.0,0.4,,,,,,,,2,,,9.5116446018219,20,6,"[1, 5, 6, 8, 14, 16]",[],0,2,"[""FORBID at(6, 2) \u2227 hasCart"", ""FORBID at(3, 2) \u2227 hasCart""]"
aisle,violation,0.05,1,2531051427,mlci,0.5,0.28571428571428575,0.4,0.5,0.2,,,,,,,,2,,,7.833784580230713,20,1,[14],"[""cart_into_aisle""]",1,2,"[""FORBID at(3, 2) \u2227 hasCart"", ""FORBID W""]"
aisle,violation,0.1,1,2531051427,mlci,0.4,0.0,0.4,0.0,0.0,,,,,,,,1,,,6.551153898239136,20,2,"[14, 16]","[""cart_into_aisle"", ""cart_into_aisle""]",2,1,"[""FORBID W""]"
aisle,violation,0.2,1,2531051427,mlci,0.4,0.0,0.4,0.0,0.0,,,,,,,,1,,,6.542961597442627,20,4,"[1, 5, 14, 16]","[""cart_into_aisle"", ""cart_into_aisle"", ""cart_into_aisle"", ""cart_into_aisle""]",4,1,"[""FORBID W""]"
aisle,violation,0.3,1,2531051427,mlci,0.4,0.0,0.4,0.0,0.0,,,,,,,,1,,,6.790808200836182,20,6,"[1, 5, 6, 8, 14, 16]","[""cart_into_aisle"", ""cart_into_aisle"", ""cart_into_aisle"", ""cart_into_aisle"", ""cart_into_aisle"", ""cart_into_aisle""]",6,1,"[""FORBID W""]"
aisle,none,0.0,2,1162498030,full,0.7,0.5714285714285715,0.4,1.0,0.4,S_memorised,False,False,0.2621737321393154,0.46618303733417865,9,"[6, 7, 10, 11, 14, 15, 16, 19, 20]",9,49,1.0993925226175607,0.19951891899108887,20,0,[],[],0,,
aisle,behavioural,0.05,2,1162498030,full,0.7,0.5714285714285715,0.4,1.0,0.4,S_memorised,False,False,0.26436913393838124,0.4700867811246271,10,"[6, 7, 10, 11, 14, 15, 16, 17, 19, 20]",9,54,1.0618495895087585,0.1894087791442871,20,1,[17],[],0,,
aisle,behavioural,0.1,2,1162498030,full,0.7,0.5714285714285715,0.4,1.0,0.4,S_memorised,False,False,0.26444087784744724,0.4702143522324029,11,"[6, 7, 10, 11, 12, 14, 15, 16, 17, 19, 20]",9,59,1.059919895658941,0.1957406997680664,20,2,"[12, 17]",[],0,,
aisle,behavioural,0.2,2,1162498030,full,0.7,0.5714285714285715,0.4,1.0,0.4,S_memorised,False,False,0.26447695515622,0.47027850293600004,1,[17],9,9,1.0587764137810196,0.1723341941833496,20,4,"[2, 7, 12, 17]",[],0,,
aisle,behavioural,0.3,2,1162498030,full,0.7,0.5714285714285715,0.4,1.0,0.4,S_memorised,False,False,0.28912970115535613,0.42092363445776726,3,"[10, 12, 17]",9,19,1.08198857636022,12.67438793182373,20,6,"[2, 7, 10, 12, 15, 17]",[],0,,
aisle,violation,0.05,2,1162498030,full,0.5,0.6666666666666666,0.6,0.5,1.0,S_nearShelf,False,False,0.00024914483956443433,0.9990278522313826,10,"[6, 7, 10, 11, 14, 15, 16, 17, 19, 20]",9,51,0.00886023516651236,0.3040149211883545,20,1,[17],"[""cart_into_aisle""]",1,,
aisle,violation,0.1,2,1162498030,full,0.5,0.6666666666666666,0.6,0.5,1.0,S_nearShelf,False,False,8.380863728178864e-05,0.9996223233373402,11,"[6, 7, 10, 11, 12, 14, 15, 16, 17, 19, 20]",9,56,0.003862108572740419,0.12644696235656738,20,2,"[12, 17]","[""cart_into_aisle"", ""cart_into_aisle""]",2,,
aisle,violation,0.2,2,1162498030,full,0.6,0.33333333333333337,0.4,1.0,0.2,B0_cells,False,False,,0.8964588844776913,0,[],4,4,0.4045198807332573,0.10876584053039551,20,4,"[2, 7, 12, 17]","[""cart_into_aisle"", ""cart_into_aisle"", ""cart_into_aisle"", ""cart_into_aisle""]",4,,
aisle,violation,0.3,2,1162498030,full,0.6,0.33333333333333337,0.4,1.0,0.2,B0_cells,False,False,,0.7868818361422116,0,[],4,4,0.6745574620788474,0.06290102005004883,20,6,"[2, 7, 10, 12, 15, 17]","[""cart_into_aisle"", ""cart_into_aisle"", ""cart_into_aisle"", ""cart_into_aisle"", ""cart_into_aisle"", ""cart_into_aisle""]",6,,
aisle,none,0.0,2,1162498030,fixed,0.6,0.33333333333333337,0.4,1.0,0.2,B0_cells,False,False,,0.9813271967836126,0,[],4,4,0.10542640731385382,0.07293558120727539,20,0,[],[],0,,
aisle,behavioural,0.05,2,1162498030,fixed,0.6,0.33333333333333337,0.4,1.0,0.2,B0_cells,False,False,,0.9813271967836118,0,[],4,4,0.1054264073138545,0.14717650413513184,20,1,[17],[],0,,
aisle,behavioural,0.1,2,1162498030,fixed,0.6,0.33333333333333337,0.4,1.0,0.2,B0_cells,False,False,,0.9813271967836118,0,[],4,4,0.10542640731385472,0.13944792747497559,20,2,"[12, 17]",[],0,,
aisle,behavioural,0.2,2,1162498030,fixed,0.6,0.33333333333333337,0.4,1.0,0.2,B0_cells,False,False,,0.9813271967836065,0,[],4,4,0.10542640731385816,0.16054081916809082,20,4,"[2, 7, 12, 17]",[],0,,
aisle,behavioural,0.3,2,1162498030,fixed,0.6,0.33333333333333337,0.4,1.0,0.2,B0_cells,False,False,,0.9813271967836091,0,[],4,4,0.1054264073138528,0.13607144355773926,20,6,"[2, 7, 10, 12, 15, 17]",[],0,,
aisle,violation,0.05,2,1162498030,fixed,0.6,0.33333333333333337,0.4,1.0,0.2,B0_cells,False,False,,0.8928521220337854,0,[],4,4,0.4134317077794429,0.15280413627624512,20,1,[17],"[""cart_into_aisle""]",1,,
aisle,violation,0.1,2,1162498030,fixed,0.6,0.33333333333333337,0.4,1.0,0.2,B0_cells,False,False,,0.893120325838561,0,[],4,4,0.4126806670884628,0.2203216552734375,20,2,"[12, 17]","[""cart_into_aisle"", ""cart_into_aisle""]",2,,
aisle,violation,0.2,2,1162498030,fixed,0.6,0.33333333333333337,0.4,1.0,0.2,B0_cells,False,False,,0.8964588844776913,0,[],4,4,0.4045198807332573,0.1580955982208252,20,4,"[2, 7, 12, 17]","[""cart_into_aisle"", ""cart_into_aisle"", ""cart_into_aisle"", ""cart_into_aisle""]",4,,
aisle,violation,0.3,2,1162498030,fixed,0.6,0.33333333333333337,0.4,1.0,0.2,B0_cells,False,False,,0.7868818361422116,0,[],4,4,0.6745574620788474,0.07351326942443848,20,6,"[2, 7, 10, 12, 15, 17]","[""cart_into_aisle"", ""cart_into_aisle"", ""cart_into_aisle"", ""cart_into_aisle"", ""cart_into_aisle"", ""cart_into_aisle""]",6,,
aisle,none,0.0,2,1162498030,oracle,1.0,1.0,1.0,1.0,1.0,S_corridor,False,True,0.4911303882702711,0.49251614769333113,0,[],8,9,0.7653077580473434,0.2520301342010498,20,0,[],[],0,,
aisle,behavioural,0.05,2,1162498030,oracle,1.0,1.0,1.0,1.0,1.0,S_corridor,False,True,0.4988913741375289,0.5002990317358071,0,[],8,9,0.6991580246876046,0.31486940383911133,20,1,[17],[],0,,
aisle,behavioural,0.1,2,1162498030,oracle,1.0,1.0,1.0,1.0,1.0,S_corridor,False,True,0.4991469266140656,0.5005553052718837,0,[],8,9,0.695655190420719,0.22951388359069824,20,2,"[12, 17]",[],0,,
aisle,behavioural,0.2,2,1162498030,oracle,1.0,1.0,1.0,1.0,1.0,S_corridor,False,True,0.49927548083680584,0.5006842222195146,0,[],8,9,0.6935663588447415,0.34418630599975586,20,4,"[2, 7, 12, 17]",[],0,,
aisle,behavioural,0.3,2,1162498030,oracle,1.0,1.0,1.0,1.0,1.0,S_corridor,False,True,0.49929459801835685,0.5007033933415588,0,[],8,9,0.6931731738690833,0.24135613441467285,20,6,"[2, 7, 10, 12, 15, 17]",[],0,,
aisle,violation,0.05,2,1162498030,oracle,0.5,0.6666666666666666,0.6,0.5,1.0,S_nearShelf,False,False,0.0002492539002750404,0.9994651668780075,0,[],8,9,0.005040845338390233,0.3520796298980713,20,1,[17],"[""cart_into_aisle""]",1,,
aisle,violation,0.1,2,1162498030,oracle,0.5,0.6666666666666666,0.6,0.5,1.0,S_nearShelf,False,False,8.382053874574857e-05,0.9997642773105608,0,[],8,9,0.0024625044939088174,0.31613659858703613,20,2,"[12, 17]","[""cart_into_aisle"", ""cart_into_aisle""]",2,,
aisle,violation,0.2,2,1162498030,oracle,0.5,0.6666666666666666,0.6,0.5,1.0,S_nearShelf,False,False,1.4183189392443395e-05,0.9999476242074637,0,[],8,9,0.000624451409416293,0.23084092140197754,20,4,"[2, 7, 12, 17]","[""cart_into_aisle"", ""cart_into_aisle"", ""cart_into_aisle"", ""cart_into_aisle""]",4,,
aisle,violation,0.3,2,1162498030,oracle,0.5,0.6666666666666666,0.6,0.5,1.0,S_nearShelf,False,False,2.5990468808692534e-06,0.9999841592347125,0,[],8,9,0.0002045707040326816,0.19349145889282227,20,6,"[2, 7, 10, 12, 15, 17]","[""cart_into_aisle"", ""cart_into_aisle"", ""cart_into_aisle"", ""cart_into_aisle"", ""cart_into_aisle"", ""cart_into_aisle""]",6,,
aisle,none,0.0,2,1162498030,mlci,0.6,0.5,0.4,0.6666666666666666,0.4,,,,,,,,3,,,15.763337135314941,20,0,[],[],0,3,"[""FORBID at(3, 2) \u2227 hasCart"", ""FORBID at(6, 2) \u2227 hasCart"", ""FORBID W""]"
aisle,behavioural,0.05,2,1162498030,mlci,0.7,0.5714285714285715,0.4,1.0,0.4,,,,,,,,2,,,13.030768394470215,20,1,[17],[],0,2,"[""FORBID at(3, 2) \u2227 hasCart"", ""FORBID at(6, 2) \u2227 hasCart""]"
aisle,behavioural,0.1,2,1162498030,mlci,0.7,0.5714285714285715,0.4,1.0,0.4,,,,,,,,2,,,10.425554037094116,20,2,"[12, 17]",[],0,2,"[""FORBID at(3, 2) \u2227 hasCart"", ""FORBID at(6, 2) \u2227 hasCart""]"
aisle,behavioural,0.2,2,1162498030,mlci,0.7,0.5714285714285715,0.4,1.0,0.4,,,,,,,,2,,,11.660990953445435,20,4,"[2, 7, 12, 17]",[],0,2,"[""FORBID at(3, 2) \u2227 hasCart"", ""FORBID at(6, 2) \u2227 hasCart""]"
aisle,behavioural,0.3,2,1162498030,mlci,0.7,0.5714285714285715,0.4,1.0,0.4,,,,,,,,2,,,11.448378562927246,20,6,"[2, 7, 10, 12, 15, 17]",[],0,2,"[""FORBID at(3, 2) \u2227 hasCart"", ""FORBID at(6, 2) \u2227 hasCart""]"
aisle,violation,0.05,2,1162498030,mlci,0.4,0.0,0.4,0.0,0.0,,,,,,,,1,,,6.76389741897583,20,1,[17],"[""cart_into_aisle""]",1,1,"[""FORBID W""]"
aisle,violation,0.1,2,1162498030,mlci,0.4,0.0,0.4,0.0,0.0,,,,,,,,1,,,6.005652189254761,20,2,"[12, 17]","[""cart_into_aisle"", ""cart_into_aisle""]",2,1,"[""FORBID W""]"
aisle,violation,0.2,2,1162498030,mlci,0.4,0.0,0.4,0.0,0.0,,,,,,,,1,,,6.473848581314087,20,4,"[2, 7, 12, 17]","[""cart_into_aisle"", ""cart_into_aisle"", ""cart_into_aisle"", ""cart_into_aisle""]",4,1,"[""FORBID W""]"
aisle,violation,0.3,2,1162498030,mlci,0.4,0.0,0.4,0.0,0.0,,,,,,,,1,,,7.323094129562378,20,6,"[2, 7, 10, 12, 15, 17]","[""cart_into_aisle"", ""cart_into_aisle"", ""cart_into_aisle"", ""cart_into_aisle"", ""cart_into_aisle"", ""cart_into_aisle""]",6,1,"[""FORBID W""]"
aisle,none,0.0,3,619564544,full,0.5,0.0,0.4,0.0,0.0,H_null,False,False,,1.0000000000000115,0,[],1,1,-1.1546319456101694e-14,0.08220052719116211,20,0,[],[],0,,
aisle,behavioural,0.05,3,619564544,full,0.7,0.5714285714285715,0.4,1.0,0.4,S_memorised,False,False,0.26549465984203624,0.46797146468179857,1,[20],6,6,1.059868184356557,0.18412303924560547,20,1,[20],[],0,,
aisle,behavioural,0.1,3,619564544,full,0.7,0.5714285714285715,0.4,1.0,0.4,S_memorised,False,False,0.2654946618917021,0.4679714682946342,2,"[18, 20]",6,11,1.0598680486439938,0.2254500389099121,20,2,"[18, 20]",[],0,,
aisle,behavioural,0.2,3,619564544,full,0.7,0.5714285714285715,0.4,1.0,0.4,S_memorised,False,False,0.19195014138450578,0.3383389664523877,4,"[8, 18, 19, 20]",7,21,1.3563807501596776,4.858611822128296,20,4,"[8, 18, 19, 20]",[],0,,
aisle,behavioural,0.3,3,619564544,full,0.7,0.5714285714285715,0.4,1.0,0.4,S_memorised,False,False,0.19195014299503838,0.33833896929117807,6,"[8, 12, 14, 18, 19, 20]",7,31,1.3563805988681101,4.202962636947632,20,6,"[8, 12, 14, 18, 19, 20]",[],0,,
aisle,violation,0.05,3,619564544,full,0.5,0.0,0.4,0.0,0.0,H_null,False,False,,1.0000000000000115,0,[],1,1,-1.1546319456101694e-14,0.06510114669799805,20,1,[20],"[""cart_into_aisle""]",1,,
aisle,violation,0.1,3,619564544,full,0.5,0.0,0.4,0.0,0.0,H_null,False,False,,1.0000000000000115,0,[],1,1,-1.1546319456101694e-14,0.12424898147583008,20,2,"[18, 20]","[""cart_into_aisle"", ""cart_into_aisle""]",2,,
aisle,violation,0.2,3,619564544,full,0.5,0.0,0.4,0.0,0.0,H_null,False,False,,1.0000000000000115,0,[],1,1,-1.1546319456101694e-14,0.07929110527038574,20,4,"[8, 18, 19, 20]","[""cart_into_aisle"", ""cart_into_aisle"", ""cart_into_aisle"", ""cart_into_aisle""]",4,,
aisle,violation,0.3,3,619564544,full,0.5,0.0,0.4,0.0,0.0,H_null,False,False,,1.0000000000000115,0,[],1,1,-1.1546319456101694e-14,0.12408161163330078,20,6,"[8, 12, 14, 18, 19, 20]","[""cart_into_aisle"", ""cart_into_aisle"", ""cart_into_aisle"", ""cart_into_aisle"", ""cart_into_aisle"", ""cart_into_aisle""]",6,,
aisle,none,0.0,3,619564544,fixed,0.5,0.0,0.4,0.0,0.0,H_null,False,False,,1.0000000000000115,0,[],1,1,-1.1546319456101694e-14,0.08778929710388184,20,0,[],[],0,,
aisle,behavioural,0.05,3,619564544,fixed,0.5,0.0,0.4,0.0,0.0,H_null,False,False,,1.0000000000000115,0,[],1,1,-1.1546319456101694e-14,0.0438694953918457,20,1,[20],[],0,,
aisle,behavioural,0.1,3,619564544,fixed,0.5,0.0,0.4,0.0,0.0,H_null,False,False,,1.0000000000000115,0,[],1,1,-1.1546319456101694e-14,0.03785562515258789,20,2,"[18, 20]",[],0,,
aisle,behavioural,0.2,3,619564544,fixed,0.5,0.0,0.4,0.0,0.0,H_null,False,False,,1.0000000000000115,0,[],1,1,-1.1546319456101694e-14,0.10760259628295898,20,4,"[8, 18, 19, 20]",[],0,,
aisle,behavioural,0.3,3,619564544,fixed,0.5,0.0,0.4,0.0,0.0,H_null,False,False,,1.0000000000000115,0,[],1,1,-1.1546319456101694e-14,0.12322497367858887,20,6,"[8, 12, 14, 18, 19, 20]",[],0,,
aisle,violation,0.05,3,619564544,fixed,0.5,0.0,0.4,0.0,0.0,H_null,False,False,,1.0000000000000115,0,[],1,1,-1.1546319456101694e-14,0.08373713493347168,20,1,[20],"[""cart_into_aisle""]",1,,
aisle,violation,0.1,3,619564544,fixed,0.5,0.0,0.4,0.0,0.0,H_null,False,False,,1.0000000000000115,0,[],1,1,-1.1546319456101694e-14,0.12865257263183594,20,2,"[18, 20]","[""cart_into_aisle"", ""cart_into_aisle""]",2,,
aisle,violation,0.2,3,619564544,fixed,0.5,0.0,0.4,0.0,0.0,H_null,False,False,,1.0000000000000115,0,[],1,1,-1.1546319456101694e-14,0.05765891075134277,20,4,"[8, 18, 19, 20]","[""cart_into_aisle"", ""cart_into_aisle"", ""cart_into_aisle"", ""cart_into_aisle""]",4,,
aisle,violation,0.3,3,619564544,fixed,0.5,0.0,0.4,0.0,0.0,H_null,False,False,,1.0000000000000115,0,[],1,1,-1.1546319456101694e-14,0.03843092918395996,20,6,"[8, 12, 14, 18, 19, 20]","[""cart_into_aisle"", ""cart_into_aisle"", ""cart_into_aisle"", ""cart_into_aisle"", ""cart_into_aisle"", ""cart_into_aisle""]",6,,
aisle,none,0.0,3,619564544,oracle,1.0,1.0,1.0,1.0,1.0,S_corridor,False,True,0.499010794327466,0.500963941665694,0,[],5,5,0.6934210627764106,0.15621566772460938,20,0,[],[],0,,
aisle,behavioural,0.05,3,619564544,oracle,1.0,1.0,1.0,1.0,1.0,S_corridor,False,True,0.4990233459625241,0.500976542428332,0,[],5,5,0.693147150703545,0.08177447319030762,20,1,[20],[],0,,
aisle,behavioural,0.1,3,619564544,oracle,1.0,1.0,1.0,1.0,1.0,S_corridor,False,True,0.49902335320378344,0.5009765496979258,0,[],5,5,0.6931468994541955,0.19886112213134766,20,2,"[18, 20]",[],0,,
aisle,behavioural,0.2,3,619564544,oracle,1.0,1.0,1.0,1.0,1.0,S_corridor,False,True,0.49902338940656554,0.5009765860424061,0,[],5,5,0.6931457167022188,0.08964371681213379,20,4,"[8, 18, 19, 20]",[],0,,
aisle,behavioural,0.3,3,619564544,oracle,1.0,1.0,1.0,1.0,1.0,S_corridor,False,True,0.4990234002917227,0.5009765969701843,0,[],5,5,0.6931453297545265,0.08050870895385742,20,6,"[8, 12, 14, 18, 19, 20]",[],0,,
aisle,violation,0.05,3,619564544,oracle,1.0,1.0,1.0,1.0,1.0,S_corridor,False,True,0.4869124899433166,0.48840767627942894,0,[],5,5,0.7938798456969439,0.13386082649230957,20,1,[20],"[""cart_into_aisle""]",1,,
aisle,violation,0.1,3,619564544,oracle,0.5,0.6666666666666666,0.6,0.5,1.0,S_nearShelf,False,False,0.2217101457646048,0.5506435537350921,0,[],5,5,1.0245041547523834,0.24962782859802246,20,2,"[18, 20]","[""cart_into_aisle"", ""cart_into_aisle""]",2,,
aisle,violation,0.2,3,619564544,oracle,0.5,0.6666666666666666,0.6,0.5,1.0,S_nearShelf,False,False,0.09823074107735688,0.7845830881284428,0,[],5,5,0.7210219353739894,0.15686869621276855,20,4,"[8, 18, 19, 20]","[""cart_into_aisle"", ""cart_into_aisle"", ""cart_into_aisle"", ""cart_into_aisle""]",4,,
aisle,violation,0.3,3,619564544,oracle,0.5,0.6666666666666666,0.6,0.5,1.0,S_nearShelf,False,False,0.002529437440859768,0.9934986720753188,0,[],5,5,0.046163028397834406,0.23693299293518066,20,6,"[8, 12, 14, 18, 19, 20]","[""cart_into_aisle"", ""cart_into_aisle"", ""cart_into_aisle"", ""cart_into_aisle"", ""cart_into_aisle"", ""cart_into_aisle""]",6,,
aisle,none,0.0,3,619564544,mlci,0.6,0.5,0.4,0.6666666666666666,0.4,,,,,,,,3,,,13.048018455505371,20,0,[],[],0,3,"[""FORBID at(6, 2) \u2227 hasCart"", ""FORBID at(3, 2) \u2227 hasCart"", ""FORBID W""]"
aisle,behavioural,0.05,3,619564544,mlci,0.7,0.5714285714285715,0.4,1.0,0.4,,,,,,,,2,,,7.712209224700928,20,1,[20],[],0,2,"[""FORBID at(6, 2) \u2227 hasCart"", ""FORBID at(3, 2) \u2227 hasCart""]"
aisle,behavioural,0.1,3,619564544,mlci,0.7,0.5714285714285715,0.4,1.0,0.4,,,,,,,,2,,,9.448326349258423,20,2,"[18, 20]",[],0,2,"[""FORBID at(6, 2) \u2227 hasCart"", ""FORBID at(3, 2) \u2227 hasCart""]"
aisle,behavioural,0.2,3,619564544,mlci,0.7,0.5714285714285715,0.4,1.0,0.4,,,,,,,,2,,,11.221451759338379,20,4,"[8, 18, 19, 20]",[],0,2,"[""FORBID at(6, 2) \u2227 hasCart"", ""FORBID at(3, 2) \u2227 hasCart""]"
aisle,behavioural,0.3,3,619564544,mlci,0.7,0.5714285714285715,0.4,1.0,0.4,,,,,,,,2,,,10.436022520065308,20,6,"[8, 12, 14, 18, 19, 20]",[],0,2,"[""FORBID at(6, 2) \u2227 hasCart"", ""FORBID at(3, 2) \u2227 hasCart""]"
aisle,violation,0.05,3,619564544,mlci,0.5,0.28571428571428575,0.4,0.5,0.2,,,,,,,,2,,,10.0339195728302,20,1,[20],"[""cart_into_aisle""]",1,2,"[""FORBID at(3, 2) \u2227 hasCart"", ""FORBID W""]"
aisle,violation,0.1,3,619564544,mlci,0.4,0.0,0.4,0.0,0.0,,,,,,,,1,,,7.265522718429565,20,2,"[18, 20]","[""cart_into_aisle"", ""cart_into_aisle""]",2,1,"[""FORBID W""]"
aisle,violation,0.2,3,619564544,mlci,0.4,0.0,0.4,0.0,0.0,,,,,,,,1,,,7.546410322189331,20,4,"[8, 18, 19, 20]","[""cart_into_aisle"", ""cart_into_aisle"", ""cart_into_aisle"", ""cart_into_aisle""]",4,1,"[""FORBID W""]"
aisle,violation,0.3,3,619564544,mlci,0.4,0.0,0.4,0.0,0.0,,,,,,,,1,,,7.504291772842407,20,6,"[8, 12, 14, 18, 19, 20]","[""cart_into_aisle"", ""cart_into_aisle"", ""cart_into_aisle"", ""cart_into_aisle"", ""cart_into_aisle"", ""cart_into_aisle""]",6,1,"[""FORBID W""]"
aisle,none,0.0,4,4181655106,full,0.5,0.0,0.4,0.0,0.0,H_null,False,False,,1.0000000000000115,0,[],1,1,-1.1546319456101694e-14,0.08165264129638672,20,0,[],[],0,,
aisle,behavioural,0.05,4,4181655106,full,0.7,0.5714285714285715,0.4,1.0,0.4,S_memorised,False,False,0.22126698176240278,0.3895155668037905,1,[9],6,6,1.3341209167141344,0.13046979904174805,20,1,[9],[],0,,
aisle,behavioural,0.1,4,4181655106,full,0.7,0.5714285714285715,0.4,1.0,0.4,S_memorised,False,False,0.2566012285559279,0.451717523271674,2,"[9, 18]",6,11,1.1722100349359932,0.14168882369995117,20,2,"[9, 18]",[],0,,
aisle,behavioural,0.2,4,4181655106,full,0.5,0.0,0.4,0.0,0.0,H_null,False,False,,1.0000000000000115,0,[],1,1,-1.1546319456101694e-14,0.07747507095336914,20,4,"[2, 9, 17, 18]",[],0,,
aisle,behavioural,0.3,4,4181655106,full,0.5,0.0,0.4,0.0,0.0,H_null,False,False,,1.0000000000000115,0,[],1,1,-1.1546319456101694e-14,0.07175874710083008,20,6,"[2, 3, 9, 10, 17, 18]",[],0,,
aisle,violation,0.05,4,4181655106,full,0.5,0.0,0.4,0.0,0.0,H_null,False,False,,1.0000000000000115,0,[],1,1,-1.1546319456101694e-14,0.050603389739990234,20,1,[9],"[""cart_into_aisle""]",1,,
aisle,violation,0.1,4,4181655106,full,0.5,0.0,0.4,0.0,0.0,H_null,False,False,,1.0000000000000115,0,[],1,1,-1.1546319456101694e-14,0.05826544761657715,20,2,"[9, 18]","[""cart_into_aisle"", ""cart_into_aisle""]",2,,
aisle,violation,0.2,4,4181655106,full,0.5,0.6666666666666666,0.6,0.5,1.0,S_nearShelf,False,False,7.519560087651538e-07,0.9999974171835582,2,"[3, 5]",6,11,3.8613515440365375e-05,0.15945863723754883,20,4,"[2, 9, 17, 18]","[""cart_into_aisle"", ""cart_into_aisle"", ""cart_into_aisle"", ""cart_into_aisle""]",4,,
aisle,violation,0.3,4,4181655106,full,0.5,0.6666666666666666,0.6,0.5,1.0,S_nearShelf,False,False,2.008578379985342e-05,0.999928698056291,1,[4],5,5,0.000828857296427787,0.16185879707336426,20,6,"[2, 3, 9, 10, 17, 18]","[""cart_into_aisle"", ""cart_into_aisle"", ""cart_into_aisle"", ""cart_into_aisle"", ""cart_into_aisle"", ""cart_into_aisle""]",6,,
aisle,none,0.0,4,4181655106,fixed,0.5,0.0,0.4,0.0,0.0,H_null,False,False,,1.0000000000000115,0,[],1,1,-1.1546319456101694e-14,0.06792306900024414,20,0,[],[],0,,
aisle,behavioural,0.05,4,4181655106,fixed,0.5,0.0,0.4,0.0,0.0,H_null,False,False,,1.0000000000000115,0,[],1,1,-1.1546319456101694e-14,0.05824565887451172,20,1,[9],[],0,,
aisle,behavioural,0.1,4,4181655106,fixed,0.5,0.0,0.4,0.0,0.0,H_null,False,False,,1.0000000000000115,0,[],1,1,-1.1546319456101694e-14,0.05882883071899414,20,2,"[9, 18]",[],0,,
aisle,behavioural,0.2,4,4181655106,fixed,0.5,0.0,0.4,0.0,0.0,H_null,False,False,,1.0000000000000115,0,[],1,1,-1.1546319456101694e-14,0.0767209529876709,20,4,"[2, 9, 17, 18]",[],0,,
aisle,behavioural,0.3,4,4181655106,fixed,0.5,0.0,0.4,0.0,0.0,H_null,False,False,,1.0000000000000115,0,[],1,1,-1.1546319456101694e-14,0.060842275619506836,20,6,"[2, 3, 9, 10, 17, 18]",[],0,,
aisle,violation,0.05,4,4181655106,fixed,0.5,0.0,0.4,0.0,0.0,H_null,False,False,,1.0000000000000115,0,[],1,1,-1.1546319456101694e-14,0.06001758575439453,20,1,[9],"[""cart_into_aisle""]",1,,
aisle,violation,0.1,4,4181655106,fixed,0.5,0.0,0.4,0.0,0.0,H_null,False,False,,1.0000000000000115,0,[],1,1,-1.1546319456101694e-14,0.06984758377075195,20,2,"[9, 18]","[""cart_into_aisle"", ""cart_into_aisle""]",2,,
aisle,violation,0.2,4,4181655106,fixed,0.5,0.0,0.4,0.0,0.0,H_null,False,False,,1.0000000000000115,0,[],1,1,-1.1546319456101694e-14,0.07572817802429199,20,4,"[2, 9, 17, 18]","[""cart_into_aisle"", ""cart_into_aisle"", ""cart_into_aisle"", ""cart_into_aisle""]",4,,
aisle,violation,0.3,4,4181655106,fixed,0.5,0.0,0.4,0.0,0.0,H_null,False,False,,1.0000000000000115,0,[],1,1,-1.1546319456101694e-14,0.05324101448059082,20,6,"[2, 3, 9, 10, 17, 18]","[""cart_into_aisle"", ""cart_into_aisle"", ""cart_into_aisle"", ""cart_into_aisle"", ""cart_into_aisle"", ""cart_into_aisle""]",6,,
aisle,none,0.0,4,4181655106,oracle,0.5,0.6666666666666666,0.6,0.5,1.0,S_nearShelf,False,False,0.026952211470840485,0.9459718112863631,0,[],5,5,0.24765888087628135,0.1403651237487793,20,0,[],[],0,,
aisle,behavioural,0.05,4,4181655106,oracle,1.0,1.0,1.0,1.0,1.0,S_corridor,False,True,0.3624449203462216,0.3641091457644962,0,[],5,5,1.0902653365981763,0.16158509254455566,20,1,[9],[],0,,
aisle,behavioural,0.1,4,4181655106,oracle,1.0,1.0,1.0,1.0,1.0,S_corridor,False,True,0.46800917309468354,0.4701581141285538,0,[],5,5,0.8822687996876163,0.12831592559814453,20,2,"[9, 18]",[],0,,
aisle,behavioural,0.2,4,4181655106,oracle,1.0,1.0,1.0,1.0,1.0,S_corridor,False,True,0.4988252949513655,0.5011157332732441,0,[],5,5,0.6937369645744691,0.13136839866638184,20,4,"[2, 9, 17, 18]",[],0,,
aisle,behavioural,0.3,4,4181655106,oracle,1.0,1.0,1.0,1.0,1.0,S_corridor,False,True,0.49885471243976537,0.5011452858368619,0,[],5,5,0.6931445925993089,0.14193081855773926,20,6,"[2, 3, 9, 10, 17, 18]",[],0,,
aisle,violation,0.05,4,4181655106,oracle,0.5,0.6666666666666666,0.6,0.5,1.0,S_nearShelf,False,False,6.073229371194719e-05,0.9998739494795564,0,[],5,5,0.001361049499042366,0.12676525115966797,20,1,[9],"[""cart_into_aisle""]",1,,
aisle,violation,0.1,4,4181655106,oracle,0.5,0.6666666666666666,0.6,0.5,1.0,S_nearShelf,False,False,1.5408471429656566e-06,0.9999960344693364,0,[],5,5,5.752482688652865e-05,0.1611475944519043,20,2,"[9, 18]","[""cart_into_aisle"", ""cart_into_aisle""]",2,,
aisle,violation,0.2,4,4181655106,oracle,0.5,0.6666666666666666,0.6,0.5,1.0,S_nearShelf,False,False,7.519560087651538e-07,0.9999974171835582,0,[],5,5,3.861351543715608e-05,0.06254339218139648,20,4,"[2, 9, 17, 18]","[""cart_into_aisle"", ""cart_into_aisle"", ""cart_into_aisle"", ""cart_into_aisle""]",4,,
aisle,violation,0.3,4,4181655106,oracle,0.5,0.6666666666666666,0.6,0.5,1.0,S_nearShelf,False,False,2.008578379985342e-05,0.999928698056291,0,[],5,5,0.000828857296427787,0.14837098121643066,20,6,"[2, 3, 9, 10, 17, 18]","[""cart_into_aisle"", ""cart_into_aisle"", ""cart_into_aisle"", ""cart_into_aisle"", ""cart_into_aisle"", ""cart_into_aisle""]",6,,
aisle,none,0.0,4,4181655106,mlci,0.6,0.5,0.4,0.6666666666666666,0.4,,,,,,,,3,,,14.60768461227417,20,0,[],[],0,3,"[""FORBID at(3, 2) \u2227 hasCart"", ""FORBID at(6, 2) \u2227 hasCart"", ""FORBID W""]"
aisle,behavioural,0.05,4,4181655106,mlci,0.7,0.5714285714285715,0.4,1.0,0.4,,,,,,,,2,,,10.846333265304565,20,1,[9],[],0,2,"[""FORBID at(3, 2) \u2227 hasCart"", ""FORBID at(6, 2) \u2227 hasCart""]"
aisle,behavioural,0.1,4,4181655106,mlci,0.7,0.5714285714285715,0.4,1.0,0.4,,,,,,,,2,,,11.669507503509521,20,2,"[9, 18]",[],0,2,"[""FORBID at(3, 2) \u2227 hasCart"", ""FORBID at(6, 2) \u2227 hasCart""]"
aisle,behavioural,0.2,4,4181655106,mlci,0.7,0.5714285714285715,0.4,1.0,0.4,,,,,,,,2,,,9.305923461914062,20,4,"[2, 9, 17, 18]",[],0,2,"[""FORBID at(3, 2) \u2227 hasCart"", ""FORBID at(6, 2) \u2227 hasCart""]"
aisle,behavioural,0.3,4,4181655106,mlci,0.7,0.5714285714285715,0.4,1.0,0.4,,,,,,,,2,,,10.782942533493042,20,6,"[2, 3, 9, 10, 17, 18]",[],0,2,"[""FORBID at(3, 2) \u2227 hasCart"", ""FORBID at(6, 2) \u2227 hasCart""]"
aisle,violation,0.05,4,4181655106,mlci,0.4,0.0,0.4,0.0,0.0,,,,,,,,1,,,6.693864345550537,20,1,[9],"[""cart_into_aisle""]",1,1,"[""FORBID W""]"
aisle,violation,0.1,4,4181655106,mlci,0.4,0.0,0.4,0.0,0.0,,,,,,,,1,,,7.204849720001221,20,2,"[9, 18]","[""cart_into_aisle"", ""cart_into_aisle""]",2,1,"[""FORBID W""]"
aisle,violation,0.2,4,4181655106,mlci,0.4,0.0,0.4,0.0,0.0,,,,,,,,1,,,6.2352614402771,20,4,"[2, 9, 17, 18]","[""cart_into_aisle"", ""cart_into_aisle"", ""cart_into_aisle"", ""cart_into_aisle""]",4,1,"[""FORBID W""]"
aisle,violation,0.3,4,4181655106,mlci,0.4,0.0,0.4,0.0,0.0,,,,,,,,2,,,10.915312051773071,20,6,"[2, 3, 9, 10, 17, 18]","[""cart_into_aisle"", ""cart_into_aisle"", ""cart_into_aisle"", ""cart_into_aisle"", ""cart_into_aisle"", ""cart_into_aisle""]",6,2,"[""FORBID W"", ""FORBID at(2, 4) \u2227 true""]"
aisle,none,0.0,5,3271577440,full,0.7,0.5714285714285715,0.4,1.0,0.4,B0_cells,False,False,,0.9999917592849792,0,[],4,4,0.00011005202223406918,0.11391401290893555,20,0,[],[],0,,
aisle,behavioural,0.05,5,3271577440,full,0.7,0.5714285714285715,0.4,1.0,0.4,B0_cells,False,False,0.2662098003572518,0.46633784876014817,1,[11],8,9,1.0608337174382112,0.15678882598876953,20,1,[11],[],0,,
aisle,behavioural,0.1,5,3271577440,full,0.7,0.5714285714285715,0.4,1.0,0.4,B0_cells,False,False,,0.9999917592849641,0,[],4,4,0.00011005202224916065,0.06031155586242676,20,2,"[2, 11]",[],0,,
aisle,behavioural,0.2,5,3271577440,full,0.7,0.5714285714285715,0.4,1.0,0.4,B0_cells,False,False,,0.999991759284965,0,[],4,4,0.00011005202224827215,0.053452253341674805,20,4,"[2, 4, 11, 14]",[],0,,
aisle,behavioural,0.3,5,3271577440,full,0.7,0.5714285714285715,0.4,1.0,0.4,B0_cells,False,False,,0.999991759284965,0,[],4,4,0.00011005202224827215,0.1456747055053711,20,6,"[2, 4, 11, 14, 18, 20]",[],0,,
aisle,violation,0.05,5,3271577440,full,0.7,0.5714285714285715,0.4,1.0,0.4,B0_cells,False,False,0.26563222358272587,0.46741950271935695,1,[11],9,9,1.0623621733065738,0.17299103736877441,20,1,[11],"[""cart_into_aisle""]",1,,
aisle,violation,0.1,5,3271577440,full,0.7,0.5714285714285715,0.4,1.0,0.4,B0_cells,False,False,,0.999455053780189,0,[],4,4,0.00501457034656634,0.11090993881225586,20,2,"[2, 11]","[""cart_into_aisle"", ""cart_into_aisle""]",2,,
aisle,violation,0.2,5,3271577440,full,0.7,0.5714285714285715,0.4,1.0,0.4,B0_cells,False,False,,0.9962973825623642,0,[],4,4,0.026988716892798414,0.05665326118469238,20,4,"[2, 4, 11, 14]","[""cart_into_aisle"", ""cart_into_aisle"", ""cart_into_aisle"", ""cart_into_aisle""]",4,,
aisle,violation,0.3,5,3271577440,full,0.7,0.5714285714285715,0.4,1.0,0.4,B0_cells,False,False,,0.9970824918337515,0,[],4,4,0.021877452561992507,0.12715435028076172,20,6,"[2, 4, 11, 14, 18, 20]","[""cart_into_aisle"", ""cart_into_aisle"", ""cart_into_aisle"", ""cart_into_aisle"", ""cart_into_aisle"", ""cart_into_aisle""]",6,,
aisle,none,0.0,5,3271577440,fixed,0.7,0.5714285714285715,0.4,1.0,0.4,B0_cells,False,False,,0.9999917592849792,0,[],4,4,0.00011005202223406918,0.11611557006835938,20,0,[],[],0,,
aisle,behavioural,0.05,5,3271577440,fixed,0.7,0.5714285714285715,0.4,1.0,0.4,B0_cells,False,False,,0.9999917592849801,0,[],4,4,0.00011005202223317836,0.13521480560302734,20,1,[11],[],0,,
aisle,behavioural,0.1,5,3271577440,fixed,0.7,0.5714285714285715,0.4,1.0,0.4,B0_cells,False,False,,0.9999917592849641,0,[],4,4,0.00011005202224916065,0.1363677978515625,20,2,"[2, 11]",[],0,,
aisle,behavioural,0.2,5,3271577440,fixed,0.7,0.5714285714285715,0.4,1.0,0.4,B0_cells,False,False,,0.999991759284965,0,[],4,4,0.00011005202224827215,0.05102372169494629,20,4,"[2, 4, 11, 14]",[],0,,
aisle,behavioural,0.3,5,3271577440,fixed,0.7,0.5714285714285715,0.4,1.0,0.4,B0_cells,False,False,,0.999991759284965,0,[],4,4,0.00011005202224827215,0.17571091651916504,20,6,"[2, 4, 11, 14, 18, 20]",[],0,,
aisle,violation,0.05,5,3271577440,fixed,0.7,0.5714285714285715,0.4,1.0,0.4,B0_cells,False,False,,0.9999227154954459,0,[],4,4,0.000862506924370738,0.1349775791168213,20,1,[11],"[""cart_into_aisle""]",1,,
aisle,violation,0.1,5,3271577440,fixed,0.7,0.5714285714285715,0.4,1.0,0.4,B0_cells,False,False,,0.999455053780189,0,[],4,4,0.00501457034656634,0.06323361396789551,20,2,"[2, 11]","[""cart_into_aisle"", ""cart_into_aisle""]",2,,
aisle,violation,0.2,5,3271577440,fixed,0.7,0.5714285714285715,0.4,1.0,0.4,B0_cells,False,False,,0.9962973825623642,0,[],4,4,0.026988716892798414,0.13094663619995117,20,4,"[2, 4, 11, 14]","[""cart_into_aisle"", ""cart_into_aisle"", ""cart_into_aisle"", ""cart_into_aisle""]",4,,
aisle,violation,0.3,5,3271577440,fixed,0.7,0.5714285714285715,0.4,1.0,0.4,B0_cells,False,False,,0.9970824918337515,0,[],4,4,0.021877452561992507,0.1363670825958252,20,6,"[2, 4, 11, 14, 18, 20]","[""cart_into_aisle"", ""cart_into_aisle"", ""cart_into_aisle"", ""cart_into_aisle"", ""cart_into_aisle"", ""cart_into_aisle""]",6,,
aisle,none,0.0,5,3271577440,oracle,0.7,0.5714285714285715,0.4,1.0,0.4,B0_cells,False,False,0.2662098004005263,0.46633784883594803,0,[],8,9,1.0608337139531292,0.17482709884643555,20,0,[],[],0,,
aisle,behavioural,0.05,5,3271577440,oracle,0.7,0.5714285714285715,0.4,1.0,0.4,B0_cells,False,False,0.2662098003572518,0.46633784876014817,0,[],8,9,1.0608337174382112,0.199721097946167,20,1,[11],[],0,,
aisle,behavioural,0.1,5,3271577440,oracle,0.7,0.5714285714285715,0.4,1.0,0.4,B0_cells,False,False,0.26620980041644565,0.46633784886384094,0,[],8,9,1.0608337126112308,0.2126014232635498,20,2,"[2, 11]",[],0,,
aisle,behavioural,0.2,5,3271577440,oracle,0.7,0.5714285714285715,0.4,1.0,0.4,B0_cells,False,False,0.266209800416453,0.46633784886384133,0,[],8,9,1.060833712611233,0.20385146141052246,20,4,"[2, 4, 11, 14]",[],0,,
aisle,behavioural,0.3,5,3271577440,oracle,0.7,0.5714285714285715,0.4,1.0,0.4,B0_cells,False,False,0.26620980042445797,0.4663378488778642,0,[],8,9,1.060833711897783,0.09501481056213379,20,6,"[2, 4, 11, 14, 18, 20]",[],0,,
aisle,violation,0.05,5,3271577440,oracle,0.7,0.5714285714285715,0.4,1.0,0.4,B0_cells,False,False,0.26563222358293725,0.4674195027197422,0,[],8,9,1.0623621732841693,0.21449589729309082,20,1,[11],"[""cart_into_aisle""]",1,,
aisle,violation,0.1,5,3271577440,oracle,0.7,0.5714285714285715,0.4,1.0,0.4,B0_cells,False,False,0.26313639459898375,0.46373789406130644,0,[],8,9,1.1030092345528333,0.09084773063659668,20,2,"[2, 11]","[""cart_into_aisle"", ""cart_into_aisle""]",2,,
aisle,violation,0.2,5,3271577440,oracle,0.5,0.6666666666666666,0.6,0.5,1.0,S_nearShelf,False,False,0.15095735436891142,0.2723955367415053,0,[],8,9,1.583256392163001,0.23000073432922363,20,4,"[2, 4, 11, 14]","[""cart_into_aisle"", ""cart_into_aisle"", ""cart_into_aisle"", ""cart_into_aisle""]",4,,
aisle,violation,0.3,5,3271577440,oracle,0.7,0.5714285714285715,0.4,1.0,0.4,B0_cells,False,False,0.20097042399160633,0.3340040354047705,0,[],8,9,1.5514738644848483,0.19292736053466797,20,6,"[2, 4, 11, 14, 18, 20]","[""cart_into_aisle"", ""cart_into_aisle"", ""cart_into_aisle"", ""cart_into_aisle"", ""cart_into_aisle"", ""cart_into_aisle""]",6,,
aisle,none,0.0,5,3271577440,mlci,0.6,0.5,0.4,0.6666666666666666,0.4,,,,,,,,3,,,13.538196325302124,20,0,[],[],0,3,"[""FORBID at(3, 2) \u2227 hasCart"", ""FORBID at(6, 2) \u2227 hasCart"", ""FORBID W""]"
aisle,behavioural,0.05,5,3271577440,mlci,0.7,0.5714285714285715,0.4,1.0,0.4,,,,,,,,2,,,9.385300636291504,20,1,[11],[],0,2,"[""FORBID at(3, 2) \u2227 hasCart"", ""FORBID at(6, 2) \u2227 hasCart""]"
aisle,behavioural,0.1,5,3271577440,mlci,0.7,0.5714285714285715,0.4,1.0,0.4,,,,,,,,2,,,10.696737289428711,20,2,"[2, 11]",[],0,2,"[""FORBID at(3, 2) \u2227 hasCart"", ""FORBID at(6, 2) \u2227 hasCart""]"
aisle,behavioural,0.2,5,3271577440,mlci,0.7,0.5714285714285715,0.4,1.0,0.4,,,,,,,,2,,,7.921576976776123,20,4,"[2, 4, 11, 14]",[],0,2,"[""FORBID at(3, 2) \u2227 hasCart"", ""FORBID at(6, 2) \u2227 hasCart""]"
aisle,behavioural,0.3,5,3271577440,mlci,0.7,0.5714285714285715,0.4,1.0,0.4,,,,,,,,2,,,11.38523530960083,20,6,"[2, 4, 11, 14, 18, 20]",[],0,2,"[""FORBID at(3, 2) \u2227 hasCart"", ""FORBID at(6, 2) \u2227 hasCart""]"
aisle,violation,0.05,5,3271577440,mlci,0.5,0.28571428571428575,0.4,0.5,0.2,,,,,,,,2,,,9.887991905212402,20,1,[11],"[""cart_into_aisle""]",1,2,"[""FORBID at(6, 2) \u2227 hasCart"", ""FORBID W""]"
aisle,violation,0.1,5,3271577440,mlci,0.5,0.28571428571428575,0.4,0.5,0.2,,,,,,,,2,,,8.934227228164673,20,2,"[2, 11]","[""cart_into_aisle"", ""cart_into_aisle""]",2,2,"[""FORBID at(6, 2) \u2227 hasCart"", ""FORBID W""]"
aisle,violation,0.2,5,3271577440,mlci,0.4,0.0,0.4,0.0,0.0,,,,,,,,1,,,5.602277517318726,20,4,"[2, 4, 11, 14]","[""cart_into_aisle"", ""cart_into_aisle"", ""cart_into_aisle"", ""cart_into_aisle""]",4,1,"[""FORBID W""]"
aisle,violation,0.3,5,3271577440,mlci,0.4,0.0,0.4,0.0,0.0,,,,,,,,1,,,6.3783018589019775,20,6,"[2, 4, 11, 14, 18, 20]","[""cart_into_aisle"", ""cart_into_aisle"", ""cart_into_aisle"", ""cart_into_aisle"", ""cart_into_aisle"", ""cart_into_aisle""]",6,1,"[""FORBID W""]"
aisle,none,0.0,6,1957330409,full,0.7,0.5714285714285715,0.4,1.0,0.4,S_memorised,False,False,0.2648169725880814,0.46948671403665293,1,[5],9,9,1.060243522446707,0.19655346870422363,20,0,[],[],0,,
aisle,behavioural,0.05,6,1957330409,full,0.7,0.5714285714285715,0.4,1.0,0.4,S_memorised,False,False,0.26485444959523424,0.46955315598999253,1,[5],9,9,1.0590034730447258,0.21793270111083984,20,1,[1],[],0,,
aisle,behavioural,0.1,6,1957330409,full,0.7,0.5714285714285715,0.4,1.0,0.4,S_memorised,False,False,0.19130800163011724,0.3391646848631008,2,"[5, 19]",10,14,1.3556875359089726,0.1806039810180664,20,2,"[1, 19]",[],0,,
aisle,behavioural,0.2,6,1957330409,full,0.7,0.5714285714285715,0.4,1.0,0.4,S_memorised,False,False,0.19130836312272678,0.33916532574339325,4,"[5, 7, 13, 19]",10,24,1.3556633048951343,0.19581294059753418,20,4,"[1, 7, 13, 19]",[],0,,
aisle,behavioural,0.3,6,1957330409,full,0.7,0.5714285714285715,0.4,1.0,0.4,S_memorised,False,False,0.19130836312281446,0.3391653257435674,5,"[5, 7, 9, 13, 19]",10,29,1.3556633048813822,0.20960593223571777,20,6,"[1, 5, 7, 9, 13, 19]",[],0,,
aisle,violation,0.05,6,1957330409,full,0.5,0.0,0.4,0.0,0.0,H_null,False,False,,1.0000000000000115,0,[],1,1,-1.1546319456101694e-14,0.07314801216125488,20,1,[1],"[""cart_into_aisle""]",1,,
aisle,violation,0.1,6,1957330409,full,0.5,0.0,0.4,0.0,0.0,H_null,False,False,,1.0000000000000115,0,[],1,1,-1.1546319456101694e-14,0.058492422103881836,20,2,"[1, 19]","[""cart_into_aisle"", ""cart_into_aisle""]",2,,
aisle,violation,0.2,6,1957330409,full,0.5,0.0,0.4,0.0,0.0,H_null,False,False,,1.0000000000000115,0,[],1,1,-1.1546319456101694e-14,0.07674336433410645,20,4,"[1, 7, 13, 19]","[""cart_into_aisle"", ""cart_into_aisle"", ""cart_into_aisle"", ""cart_into_aisle""]",4,,
aisle,violation,0.3,6,1957330409,full,0.5,0.0,0.4,0.0,0.0,H_null,False,False,,1.0000000000000115,0,[],1,1,-1.1546319456101694e-14,0.04986238479614258,20,6,"[1, 5, 7, 9, 13, 19]","[""cart_into_aisle"", ""cart_into_aisle"", ""cart_into_aisle"", ""cart_into_aisle"", ""cart_into_aisle"", ""cart_into_aisle""]",6,,
aisle,none,0.0,6,1957330409,fixed,0.6,0.33333333333333337,0.4,1.0,0.2,B0_cells,False,False,,0.995370602747026,0,[],4,4,0.03260764269326855,0.14504694938659668,20,0,[],[],0,,
aisle,behavioural,0.05,6,1957330409,fixed,0.6,0.33333333333333337,0.4,1.0,0.2,B0_cells,False,False,,0.9953706027470419,0,[],4,4,0.032607642693252545,0.10778427124023438,20,1,[1],[],0,,
aisle,behavioural,0.1,6,1957330409,fixed,0.6,0.33333333333333337,0.4,1.0,0.2,B0_cells,False,False,,0.9953706027470419,0,[],4,4,0.032607642693252545,0.11229777336120605,20,2,"[1, 19]",[],0,,
aisle,behavioural,0.2,6,1957330409,fixed,0.6,0.33333333333333337,0.4,1.0,0.2,B0_cells,False,False,,0.9953706027470428,0,[],4,4,0.03260764269325141,0.10660505294799805,20,4,"[1, 7, 13, 19]",[],0,,
aisle,behavioural,0.3,6,1957330409,fixed,0.6,0.33333333333333337,0.4,1.0,0.2,B0_cells,False,False,,0.9953706027470393,0,[],4,4,0.03260764269325453,0.14415287971496582,20,6,"[1, 5, 7, 9, 13, 19]",[],0,,
aisle,violation,0.05,6,1957330409,fixed,0.5,0.0,0.4,0.0,0.0,H_null,False,False,,1.0000000000000115,0,[],1,1,-1.1546319456101694e-14,0.05664873123168945,20,1,[1],"[""cart_into_aisle""]",1,,
aisle,violation,0.1,6,1957330409,fixed,0.5,0.0,0.4,0.0,0.0,H_null,False,False,,1.0000000000000115,0,[],1,1,-1.1546319456101694e-14,0.07928800582885742,20,2,"[1, 19]","[""cart_into_aisle"", ""cart_into_aisle""]",2,,
aisle,violation,0.2,6,1957330409,fixed,0.5,0.0,0.4,0.0,0.0,H_null,False,False,,1.0000000000000115,0,[],1,1,-1.1546319456101694e-14,0.05637621879577637,20,4,"[1, 7, 13, 19]","[""cart_into_aisle"", ""cart_into_aisle"", ""cart_into_aisle"", ""cart_into_aisle""]",4,,
aisle,violation,0.3,6,1957330409,fixed,0.5,0.0,0.4,0.0,0.0,H_null,False,False,,1.0000000000000115,0,[],1,1,-1.1546319456101694e-14,0.05758547782897949,20,6,"[1, 5, 7, 9, 13, 19]","[""cart_into_aisle"", ""cart_into_aisle"", ""cart_into_aisle"", ""cart_into_aisle"", ""cart_into_aisle"", ""cart_into_aisle""]",6,,
aisle,none,0.0,6,1957330409,oracle,1.0,1.0,1.0,1.0,1.0,S_corridor,False,True,0.4991712358479434,0.5005569423199512,0,[],8,9,0.6954766835187804,0.16380739212036133,20,0,[],[],0,,
aisle,behavioural,0.05,6,1957330409,oracle,1.0,1.0,1.0,1.0,1.0,S_corridor,False,True,0.4993044120934486,0.5006904882645965,0,[],8,9,0.6932107613755943,0.1945195198059082,20,1,[1],[],0,,
aisle,behavioural,0.1,6,1957330409,oracle,1.0,1.0,1.0,1.0,1.0,S_corridor,False,True,0.4993044120934486,0.5006904882645965,0,[],8,9,0.6932107613755943,0.08908581733703613,20,2,"[1, 19]",[],0,,
aisle,behavioural,0.2,6,1957330409,oracle,1.0,1.0,1.0,1.0,1.0,S_corridor,False,True,0.4993068745313351,0.5006929575382484,0,[],8,9,0.6931489834524515,0.22722291946411133,20,4,"[1, 7, 13, 19]",[],0,,
aisle,behavioural,0.3,6,1957330409,oracle,1.0,1.0,1.0,1.0,1.0,S_corridor,False,True,0.49930687453196126,0.5006929575389043,0,[],8,9,0.6931489834169592,0.15693044662475586,20,6,"[1, 5, 7, 9, 13, 19]",[],0,,
aisle,violation,0.05,6,1957330409,oracle,0.5,0.6666666666666666,0.6,0.5,1.0,S_nearShelf,False,False,0.04007656263886361,0.9189582832968817,0,[],5,5,0.3413864641110066,0.17304086685180664,20,1,[1],"[""cart_into_aisle""]",1,,
aisle,violation,0.1,6,1957330409,oracle,0.5,0.6666666666666666,0.6,0.5,1.0,S_nearShelf,False,False,3.8002814207776294e-05,0.9999010921255158,0,[],5,5,0.0011171305028556885,0.17049074172973633,20,2,"[1, 19]","[""cart_into_aisle"", ""cart_into_aisle""]",2,,
aisle,violation,0.2,6,1957330409,oracle,0.5,0.6666666666666666,0.6,0.5,1.0,S_nearShelf,False,False,3.397055170361846e-05,0.9998816808234658,0,[],5,5,0.0013159924640300286,0.061273813247680664,20,4,"[1, 7, 13, 19]","[""cart_into_aisle"", ""cart_into_aisle"", ""cart_into_aisle"", ""cart_into_aisle""]",4,,
aisle,violation,0.3,6,1957330409,oracle,0.5,0.6666666666666666,0.6,0.5,1.0,S_nearShelf,False,False,0.00022820028018585864,0.9992697087263114,0,[],5,5,0.006803828737353106,0.13161277770996094,20,6,"[1, 5, 7, 9, 13, 19]","[""cart_into_aisle"", ""cart_into_aisle"", ""cart_into_aisle"", ""cart_into_aisle"", ""cart_into_aisle"", ""cart_into_aisle""]",6,,
aisle,none,0.0,6,1957330409,mlci,0.6,0.5,0.4,0.6666666666666666,0.4,,,,,,,,3,,,12.36505937576294,20,0,[],[],0,3,"[""FORBID at(3, 2) \u2227 hasCart"", ""FORBID at(6, 2) \u2227 hasCart"", ""FORBID W""]"
aisle,behavioural,0.05,6,1957330409,mlci,0.7,0.5714285714285715,0.4,1.0,0.4,,,,,,,,2,,,9.103351593017578,20,1,[1],[],0,2,"[""FORBID at(3, 2) \u2227 hasCart"", ""FORBID at(6, 2) \u2227 hasCart""]"
aisle,behavioural,0.1,6,1957330409,mlci,0.7,0.5714285714285715,0.4,1.0,0.4,,,,,,,,2,,,9.119945526123047,20,2,"[1, 19]",[],0,2,"[""FORBID at(3, 2) \u2227 hasCart"", ""FORBID at(6, 2) \u2227 hasCart""]"
aisle,behavioural,0.2,6,1957330409,mlci,0.7,0.5714285714285715,0.4,1.0,0.4,,,,,,,,2,,,6.355333089828491,20,4,"[1, 7, 13, 19]",[],0,2,"[""FORBID at(3, 2) \u2227 hasCart"", ""FORBID at(6, 2) \u2227 hasCart""]"
aisle,behavioural,0.3,6,1957330409,mlci,0.7,0.5714285714285715,0.4,1.0,0.4,,,,,,,,2,,,8.930383920669556,20,6,"[1, 5, 7, 9, 13, 19]",[],0,2,"[""FORBID at(3, 2) \u2227 hasCart"", ""FORBID at(6, 2) \u2227 hasCart""]"
aisle,violation,0.05,6,1957330409,mlci,0.5,0.28571428571428575,0.4,0.5,0.2,,,,,,,,2,,,8.622181415557861,20,1,[1],"[""cart_into_aisle""]",1,2,"[""FORBID at(6, 2) \u2227 hasCart"", ""FORBID W""]"
aisle,violation,0.1,6,1957330409,mlci,0.5,0.28571428571428575,0.4,0.5,0.2,,,,,,,,2,,,8.808510541915894,20,2,"[1, 19]","[""cart_into_aisle"", ""cart_into_aisle""]",2,2,"[""FORBID at(6, 2) \u2227 hasCart"", ""FORBID W""]"
aisle,violation,0.2,6,1957330409,mlci,0.4,0.0,0.4,0.0,0.0,,,,,,,,1,,,5.8832314014434814,20,4,"[1, 7, 13, 19]","[""cart_into_aisle"", ""cart_into_aisle"", ""cart_into_aisle"", ""cart_into_aisle""]",4,1,"[""FORBID W""]"
aisle,violation,0.3,6,1957330409,mlci,0.4,0.0,0.4,0.0,0.0,,,,,,,,1,,,6.390913486480713,20,6,"[1, 5, 7, 9, 13, 19]","[""cart_into_aisle"", ""cart_into_aisle"", ""cart_into_aisle"", ""cart_into_aisle"", ""cart_into_aisle"", ""cart_into_aisle""]",6,1,"[""FORBID W""]"
aisle,none,0.0,7,2686472998,full,0.7,0.5714285714285715,0.4,1.0,0.4,S_memorised,False,False,0.26462682170692015,0.46763418322613226,1,[3],9,9,1.0724751891226667,0.20326662063598633,20,0,[],[],0,,
aisle,behavioural,0.05,7,2686472998,full,0.7,0.5714285714285715,0.4,1.0,0.4,S_memorised,False,False,0.26516065792132837,0.46857754966378695,2,"[3, 12]",9,14,1.0605140308022385,0.19580316543579102,20,1,[12],[],0,,
aisle,behavioural,0.1,7,2686472998,full,0.7,0.5714285714285715,0.4,1.0,0.4,S_memorised,False,False,0.26516065792132837,0.46857754966378695,3,"[3, 12, 19]",9,19,1.0605140308022385,0.18209290504455566,20,2,"[12, 19]",[],0,,
aisle,behavioural,0.2,7,2686472998,full,0.7,0.5714285714285715,0.4,1.0,0.4,S_memorised,False,False,0.1916523176611309,0.33867759305261225,5,"[3, 5, 11, 12, 19]",10,29,1.3562495684794242,0.36370182037353516,20,4,"[5, 11, 12, 19]",[],0,,
aisle,behavioural,0.3,7,2686472998,full,0.7,0.5714285714285715,0.4,1.0,0.4,S_memorised,False,False,0.19165399731445196,0.3386805612449784,6,"[3, 5, 11, 12, 13, 19]",10,34,1.3561546519276826,0.20918893814086914,20,6,"[1, 5, 11, 12, 13, 19]",[],0,,
aisle,violation,0.05,7,2686472998,full,0.5,0.6666666666666666,0.6,0.5,1.0,S_nearShelf,False,False,0.17095263499889696,0.34653162707910434,2,"[3, 12]",10,14,1.373720865470656,0.21530818939208984,20,1,[12],"[""cart_into_aisle""]",1,,
aisle,violation,0.1,7,2686472998,full,0.5,0.6666666666666666,0.6,0.5,1.0,S_nearShelf,False,False,0.025480820532145055,0.884709561833698,3,"[3, 12, 19]",10,18,0.5112145109576088,0.2618904113769531,20,2,"[12, 19]","[""cart_into_aisle"", ""cart_into_aisle""]",2,,
aisle,violation,0.2,7,2686472998,full,0.5,0.6666666666666666,0.6,0.5,1.0,S_nearShelf,False,False,0.011989025541438353,0.8010933607089218,2,"[3, 5]",10,14,0.6503743082522404,0.20516157150268555,20,4,"[5, 11, 12, 19]","[""cart_into_aisle"", ""cart_into_aisle"", ""cart_into_aisle"", ""cart_into_aisle""]",4,,
aisle,violation,0.3,7,2686472998,full,0.5,0.6666666666666666,0.6,0.5,1.0,S_nearShelf,False,False,0.00564963650916015,0.939109009485275,1,[3],6,6,0.2664940078948002,0.14855360984802246,20,6,"[1, 5, 11, 12, 13, 19]","[""cart_into_aisle"", ""cart_into_aisle"", ""cart_into_aisle"", ""cart_into_aisle"", ""cart_into_aisle"", ""cart_into_aisle""]",6,,
aisle,none,0.0,7,2686472998,fixed,0.6,0.33333333333333337,0.4,1.0,0.2,B0_cells,False,False,,0.9994351636002624,0,[],4,4,0.005164040055830381,0.12562966346740723,20,0,[],[],0,,
aisle,behavioural,0.05,7,2686472998,fixed,0.6,0.33333333333333337,0.4,1.0,0.2,B0_cells,False,False,,0.9994351636002509,0,[],4,4,0.00516404005584179,0.1444399356842041,20,1,[12],[],0,,
aisle,behavioural,0.1,7,2686472998,fixed,0.6,0.33333333333333337,0.4,1.0,0.2,B0_cells,False,False,,0.9994351636002358,0,[],4,4,0.0051640400558568365,0.05457472801208496,20,2,"[12, 19]",[],0,,
aisle,behavioural,0.2,7,2686472998,fixed,0.6,0.33333333333333337,0.4,1.0,0.2,B0_cells,False,False,,0.9994351636002615,0,[],4,4,0.005164040055831293,0.13694190979003906,20,4,"[5, 11, 12, 19]",[],0,,
aisle,behavioural,0.3,7,2686472998,fixed,0.6,0.33333333333333337,0.4,1.0,0.2,B0_cells,False,False,,0.9994351636002571,0,[],4,4,0.005164040055835515,0.1454472541809082,20,6,"[1, 5, 11, 12, 13, 19]",[],0,,
aisle,violation,0.05,7,2686472998,fixed,0.6,0.33333333333333337,0.4,1.0,0.2,B0_cells,False,False,,0.993522076220959,0,[],4,4,0.04353845811598386,0.0718989372253418,20,1,[12],"[""cart_into_aisle""]",1,,
aisle,violation,0.1,7,2686472998,fixed,0.6,0.33333333333333337,0.4,1.0,0.2,B0_cells,False,False,,0.9935333135138613,0,[],4,4,0.04347421099506016,0.05744147300720215,20,2,"[12, 19]","[""cart_into_aisle"", ""cart_into_aisle""]",2,,
aisle,violation,0.2,7,2686472998,fixed,0.6,0.33333333333333337,0.4,1.0,0.2,B0_cells,False,False,,0.9811775957228253,0,[],4,4,0.10645548927723772,0.1234135627746582,20,4,"[5, 11, 12, 19]","[""cart_into_aisle"", ""cart_into_aisle"", ""cart_into_aisle"", ""cart_into_aisle""]",4,,
aisle,violation,0.3,7,2686472998,fixed,0.5,0.0,0.4,0.0,0.0,H_null,False,False,,1.0000000000000115,0,[],1,1,-1.1546319456101694e-14,0.05339360237121582,20,6,"[1, 5, 11, 12, 13, 19]","[""cart_into_aisle"", ""cart_into_aisle"", ""cart_into_aisle"", ""cart_into_aisle"", ""cart_into_aisle"", ""cart_into_aisle""]",6,,
aisle,none,0.0,7,2686472998,oracle,1.0,1.0,1.0,1.0,1.0,S_corridor,False,True,0.4970770349429269,0.49893524107034554,0,[],8,9,0.7164708069724872,0.18120574951171875,20,0,[],[],0,,
aisle,behavioural,0.05,7,2686472998,oracle,1.0,1.0,1.0,1.0,1.0,S_corridor,False,True,0.4989639744304448,0.5008292344393984,0,[],8,9,0.6950080725866844,0.1718435287475586,20,1,[12],[],0,,
aisle,behavioural,0.1,7,2686472998,oracle,1.0,1.0,1.0,1.0,1.0,S_corridor,False,True,0.4989639744304448,0.5008292344393984,0,[],8,9,0.6950080725866844,0.17411136627197266,20,2,"[12, 19]",[],0,,
aisle,behavioural,0.2,7,2686472998,oracle,1.0,1.0,1.0,1.0,1.0,S_corridor,False,True,0.49904819089680286,0.5009137657293081,0,[],8,9,0.693567710696776,0.2388629913330078,20,4,"[5, 11, 12, 19]",[],0,,
aisle,behavioural,0.3,7,2686472998,oracle,1.0,1.0,1.0,1.0,1.0,S_corridor,False,True,0.4990595798177529,0.500925197225072,0,[],8,9,0.6933272690053377,0.22487473487854004,20,6,"[1, 5, 11, 12, 13, 19]",[],0,,
aisle,violation,0.05,7,2686472998,oracle,0.5,0.6666666666666666,0.6,0.5,1.0,S_nearShelf,False,False,0.24510265229153808,0.4968383254258484,0,[],8,9,1.0906952130955523,0.1585524082183838,20,1,[12],"[""cart_into_aisle""]",1,,
aisle,violation,0.1,7,2686472998,oracle,0.5,0.6666666666666666,0.6,0.5,1.0,S_nearShelf,False,False,0.026680745847362432,0.9263716974199214,0,[],8,9,0.34320981037216663,0.08942890167236328,20,2,"[12, 19]","[""cart_into_aisle"", ""cart_into_aisle""]",2,,
aisle,violation,0.2,7,2686472998,oracle,0.5,0.6666666666666666,0.6,0.5,1.0,S_nearShelf,False,False,0.012230073172745113,0.8171998955049943,0,[],8,9,0.5645961110688625,0.17506885528564453,20,4,"[5, 11, 12, 19]","[""cart_into_aisle"", ""cart_into_aisle"", ""cart_into_aisle"", ""cart_into_aisle""]",4,,
aisle,violation,0.3,7,2686472998,oracle,0.5,0.6666666666666666,0.6,0.5,1.0,S_nearShelf,False,False,0.005649636543458078,0.9391090151864371,0,[],5,5,0.2664938885835619,0.17264223098754883,20,6,"[1, 5, 11, 12, 13, 19]","[""cart_into_aisle"", ""cart_into_aisle"", ""cart_into_aisle"", ""cart_into_aisle"", ""cart_into_aisle"", ""cart_into_aisle""]",6,,
aisle,none,0.0,7,2686472998,mlci,0.6,0.5,0.4,0.6666666666666666,0.4,,,,,,,,3,,,9.227086305618286,20,0,[],[],0,3,"[""FORBID at(3, 2) \u2227 hasCart"", ""FORBID at(6, 2) \u2227 hasCart"", ""FORBID W""]"
aisle,behavioural,0.05,7,2686472998,mlci,0.7,0.5714285714285715,0.4,1.0,0.4,,,,,,,,2,,,9.748464107513428,20,1,[12],[],0,2,"[""FORBID at(3, 2) \u2227 hasCart"", ""FORBID at(6, 2) \u2227 hasCart""]"
aisle,behavioural,0.1,7,2686472998,mlci,0.7,0.5714285714285715,0.4,1.0,0.4,,,,,,,,2,,,9.883850336074829,20,2,"[12, 19]",[],0,2,"[""FORBID at(3, 2) \u2227 hasCart"", ""FORBID at(6, 2) \u2227 hasCart""]"
aisle,behavioural,0.2,7,2686472998,mlci,0.7,0.5714285714285715,0.4,1.0,0.4,,,,,,,,2,,,9.753584861755371,20,4,"[5, 11, 12, 19]",[],0,2,"[""FORBID at(3, 2) \u2227 hasCart"", ""FORBID at(6, 2) \u2227 hasCart""]"
aisle,behavioural,0.3,7,2686472998,mlci,0.7,0.5714285714285715,0.4,1.0,0.4,,,,,,,,2,,,9.002827405929565,20,6,"[1, 5, 11, 12, 13, 19]",[],0,2,"[""FORBID at(3, 2) \u2227 hasCart"", ""FORBID at(6, 2) \u2227 hasCart""]"
aisle,violation,0.05,7,2686472998,mlci,0.5,0.28571428571428575,0.4,0.5,0.2,,,,,,,,2,,,10.779298782348633,20,1,[12],"[""cart_into_aisle""]",1,2,"[""FORBID at(6, 2) \u2227 hasCart"", ""FORBID W""]"
aisle,violation,0.1,7,2686472998,mlci,0.4,0.0,0.4,0.0,0.0,,,,,,,,1,,,6.26657247543335,20,2,"[12, 19]","[""cart_into_aisle"", ""cart_into_aisle""]",2,1,"[""FORBID W""]"
aisle,violation,0.2,7,2686472998,mlci,0.4,0.0,0.4,0.0,0.0,,,,,,,,1,,,6.171550035476685,20,4,"[5, 11, 12, 19]","[""cart_into_aisle"", ""cart_into_aisle"", ""cart_into_aisle"", ""cart_into_aisle""]",4,1,"[""FORBID W""]"
aisle,violation,0.3,7,2686472998,mlci,0.4,0.0,0.4,0.0,0.0,,,,,,,,1,,,6.097466468811035,20,6,"[1, 5, 11, 12, 13, 19]","[""cart_into_aisle"", ""cart_into_aisle"", ""cart_into_aisle"", ""cart_into_aisle"", ""cart_into_aisle"", ""cart_into_aisle""]",6,1,"[""FORBID W""]"
aisle,none,0.0,8,1488868744,full,0.5,0.0,0.4,0.0,0.0,H_null,False,False,,1.0000000000000115,0,[],1,1,-1.1546319456101694e-14,0.055196523666381836,20,0,[],[],0,,
aisle,behavioural,0.05,8,1488868744,full,0.7,0.5714285714285715,0.4,1.0,0.4,S_memorised,False,False,0.2555021877588159,0.44830265725325463,1,[8],6,6,1.185368114285926,0.1484386920928955,20,1,[8],[],0,,
aisle,behavioural,0.1,8,1488868744,full,0.7,0.5714285714285715,0.4,1.0,0.4,S_memorised,False,False,0.2627407940695593,0.461003473917023,2,"[5, 8]",6,11,1.1143698881477073,0.13317346572875977,20,2,"[5, 8]",[],0,,
aisle,behavioural,0.2,8,1488868744,full,0.7,0.5714285714285715,0.4,1.0,0.4,S_memorised,False,False,0.22857592421462636,0.40105799135570325,1,[5],6,6,1.3176661263076999,0.15605640411376953,20,4,"[2, 5, 8, 18]",[],0,,
aisle,behavioural,0.3,8,1488868744,full,0.7,0.5714285714285715,0.4,1.0,0.4,S_memorised,False,False,0.2659102304643702,0.4665645486391457,2,"[5, 14]",6,11,1.0646548392221704,0.14063620567321777,20,6,"[2, 5, 8, 14, 18, 19]",[],0,,
aisle,violation,0.05,8,1488868744,full,0.5,0.0,0.4,0.0,0.0,H_null,False,False,,1.0000000000000115,0,[],1,1,-1.1546319456101694e-14,0.04809689521789551,20,1,[8],"[""cart_into_aisle""]",1,,
aisle,violation,0.1,8,1488868744,full,0.5,0.0,0.4,0.0,0.0,H_null,False,False,,1.0000000000000115,0,[],1,1,-1.1546319456101694e-14,0.052980661392211914,20,2,"[5, 8]","[""cart_into_aisle"", ""cart_into_aisle""]",2,,
aisle,violation,0.2,8,1488868744,full,0.5,0.6666666666666666,0.6,0.5,1.0,S_nearShelf,False,False,2.562137017349473e-05,0.9999202652544816,3,"[3, 4, 5]",6,15,0.0009196783826366784,0.16183781623840332,20,4,"[2, 5, 8, 18]","[""cart_into_aisle"", ""cart_into_aisle"", ""cart_into_aisle"", ""cart_into_aisle""]",4,,
aisle,violation,0.3,8,1488868744,full,0.5,0.6666666666666666,0.6,0.5,1.0,S_nearShelf,False,False,3.1000822757130213e-06,0.9999848964385737,3,"[3, 4, 5]",6,15,0.00019729790655246496,0.07132267951965332,20,6,"[2, 5, 8, 14, 18, 19]","[""cart_into_aisle"", ""cart_into_aisle"", ""cart_into_aisle"", ""cart_into_aisle"", ""cart_into_aisle"", ""cart_into_aisle""]",6,,
aisle,none,0.0,8,1488868744,fixed,0.5,0.0,0.4,0.0,0.0,H_null,False,False,,1.0000000000000115,0,[],1,1,-1.1546319456101694e-14,0.058765411376953125,20,0,[],[],0,,
aisle,behavioural,0.05,8,1488868744,fixed,0.5,0.0,0.4,0.0,0.0,H_null,False,False,,1.0000000000000115,0,[],1,1,-1.1546319456101694e-14,0.05973458290100098,20,1,[8],[],0,,
aisle,behavioural,0.1,8,1488868744,fixed,0.5,0.0,0.4,0.0,0.0,H_null,False,False,,1.0000000000000115,0,[],1,1,-1.1546319456101694e-14,0.07458114624023438,20,2,"[5, 8]",[],0,,
aisle,behavioural,0.2,8,1488868744,fixed,0.5,0.0,0.4,0.0,0.0,H_null,False,False,,1.0000000000000115,0,[],1,1,-1.1546319456101694e-14,0.08233642578125,20,4,"[2, 5, 8, 18]",[],0,,
aisle,behavioural,0.3,8,1488868744,fixed,0.5,0.0,0.4,0.0,0.0,H_null,False,False,,1.0000000000000115,0,[],1,1,-1.1546319456101694e-14,0.03296184539794922,20,6,"[2, 5, 8, 14, 18, 19]",[],0,,
aisle,violation,0.05,8,1488868744,fixed,0.5,0.0,0.4,0.0,0.0,H_null,False,False,,1.0000000000000115,0,[],1,1,-1.1546319456101694e-14,0.07239603996276855,20,1,[8],"[""cart_into_aisle""]",1,,
aisle,violation,0.1,8,1488868744,fixed,0.5,0.0,0.4,0.0,0.0,H_null,False,False,,1.0000000000000115,0,[],1,1,-1.1546319456101694e-14,0.07205080986022949,20,2,"[5, 8]","[""cart_into_aisle"", ""cart_into_aisle""]",2,,
aisle,violation,0.2,8,1488868744,fixed,0.5,0.0,0.4,0.0,0.0,H_null,False,False,,1.0000000000000115,0,[],1,1,-1.1546319456101694e-14,0.07312560081481934,20,4,"[2, 5, 8, 18]","[""cart_into_aisle"", ""cart_into_aisle"", ""cart_into_aisle"", ""cart_into_aisle""]",4,,
aisle,violation,0.3,8,1488868744,fixed,0.5,0.0,0.4,0.0,0.0,H_null,False,False,,1.0000000000000115,0,[],1,1,-1.1546319456101694e-14,0.07506227493286133,20,6,"[2, 5, 8, 14, 18, 19]","[""cart_into_aisle"", ""cart_into_aisle"", ""cart_into_aisle"", ""cart_into_aisle"", ""cart_into_aisle"", ""cart_into_aisle""]",6,,
aisle,none,0.0,8,1488868744,oracle,1.0,1.0,1.0,1.0,1.0,S_corridor,False,True,0.46312020733458914,0.4649620612739756,0,[],5,5,0.901899810742193,0.186309814453125,20,0,[],[],0,,
aisle,behavioural,0.05,8,1488868744,oracle,1.0,1.0,1.0,1.0,1.0,S_corridor,False,True,0.46312020733458176,0.4649620612739727,0,[],5,5,0.9018998107421937,0.12995457649230957,20,1,[8],[],0,,
aisle,behavioural,0.1,8,1488868744,oracle,1.0,1.0,1.0,1.0,1.0,S_corridor,False,True,0.48746287101137703,0.48940153703168715,0,[],5,5,0.7871428407533478,0.17093229293823242,20,2,"[5, 8]",[],0,,
aisle,behavioural,0.2,8,1488868744,oracle,1.0,1.0,1.0,1.0,1.0,S_corridor,False,True,0.3816328140549282,0.3831505882544284,0,[],5,5,1.0756096628858098,0.1574854850769043,20,4,"[2, 5, 8, 18]",[],0,,
aisle,behavioural,0.3,8,1488868744,oracle,1.0,1.0,1.0,1.0,1.0,S_corridor,False,True,0.4984862363121661,0.5004687428483353,0,[],5,5,0.7006380732041528,0.13763427734375,20,6,"[2, 5, 8, 14, 18, 19]",[],0,,
aisle,violation,0.05,8,1488868744,oracle,0.5,0.6666666666666666,0.6,0.5,1.0,S_nearShelf,False,False,0.0006226492263113692,0.9987463827828164,0,[],5,5,0.010533284554697528,0.15261554718017578,20,1,[8],"[""cart_into_aisle""]",1,,
aisle,violation,0.1,8,1488868744,oracle,0.5,0.6666666666666666,0.6,0.5,1.0,S_nearShelf,False,False,5.99791587712445e-05,0.99987188804224,0,[],5,5,0.0013894170770278168,0.19846510887145996,20,2,"[5, 8]","[""cart_into_aisle"", ""cart_into_aisle""]",2,,
aisle,violation,0.2,8,1488868744,oracle,0.5,0.6666666666666666,0.6,0.5,1.0,S_nearShelf,False,False,2.5621370178821533e-05,0.9999202654623699,0,[],5,5,0.0009196735397479709,0.18927383422851562,20,4,"[2, 5, 8, 18]","[""cart_into_aisle"", ""cart_into_aisle"", ""cart_into_aisle"", ""cart_into_aisle""]",4,,
aisle,violation,0.3,8,1488868744,oracle,0.5,0.6666666666666666,0.6,0.5,1.0,S_nearShelf,False,False,3.100082276006955e-06,0.9999848965333871,0,[],5,5,0.00019729562345568243,0.20349740982055664,20,6,"[2, 5, 8, 14, 18, 19]","[""cart_into_aisle"", ""cart_into_aisle"", ""cart_into_aisle"", ""cart_into_aisle"", ""cart_into_aisle"", ""cart_into_aisle""]",6,,
aisle,none,0.0,8,1488868744,mlci,0.6,0.5,0.4,0.6666666666666666,0.4,,,,,,,,3,,,14.35362696647644,20,0,[],[],0,3,"[""FORBID at(6, 2) \u2227 hasCart"", ""FORBID at(3, 2) \u2227 hasCart"", ""FORBID W""]"
aisle,behavioural,0.05,8,1488868744,mlci,0.7,0.5714285714285715,0.4,1.0,0.4,,,,,,,,2,,,11.39744520187378,20,1,[8],[],0,2,"[""FORBID at(6, 2) \u2227 hasCart"", ""FORBID at(3, 2) \u2227 hasCart""]"
aisle,behavioural,0.1,8,1488868744,mlci,0.7,0.5714285714285715,0.4,1.0,0.4,,,,,,,,2,,,10.64637279510498,20,2,"[5, 8]",[],0,2,"[""FORBID at(6, 2) \u2227 hasCart"", ""FORBID at(3, 2) \u2227 hasCart""]"
aisle,behavioural,0.2,8,1488868744,mlci,0.7,0.5714285714285715,0.4,1.0,0.4,,,,,,,,2,,,11.081496715545654,20,4,"[2, 5, 8, 18]",[],0,2,"[""FORBID at(6, 2) \u2227 hasCart"", ""FORBID at(3, 2) \u2227 hasCart""]"
aisle,behavioural,0.3,8,1488868744,mlci,0.7,0.5714285714285715,0.4,1.0,0.4,,,,,,,,2,,,11.64540147781372,20,6,"[2, 5, 8, 14, 18, 19]",[],0,2,"[""FORBID at(6, 2) \u2227 hasCart"", ""FORBID at(3, 2) \u2227 hasCart""]"
aisle,violation,0.05,8,1488868744,mlci,0.5,0.28571428571428575,0.4,0.5,0.2,,,,,,,,2,,,7.956360816955566,20,1,[8],"[""cart_into_aisle""]",1,2,"[""FORBID at(3, 2) \u2227 hasCart"", ""FORBID W""]"
aisle,violation,0.1,8,1488868744,mlci,0.5,0.28571428571428575,0.4,0.5,0.2,,,,,,,,2,,,11.105432748794556,20,2,"[5, 8]","[""cart_into_aisle"", ""cart_into_aisle""]",2,2,"[""FORBID at(3, 2) \u2227 hasCart"", ""FORBID W""]"
aisle,violation,0.2,8,1488868744,mlci,0.4,0.0,0.4,0.0,0.0,,,,,,,,1,,,7.022073745727539,20,4,"[2, 5, 8, 18]","[""cart_into_aisle"", ""cart_into_aisle"", ""cart_into_aisle"", ""cart_into_aisle""]",4,1,"[""FORBID W""]"
aisle,violation,0.3,8,1488868744,mlci,0.4,0.0,0.4,0.0,0.0,,,,,,,,1,,,7.256021499633789,20,6,"[2, 5, 8, 14, 18, 19]","[""cart_into_aisle"", ""cart_into_aisle"", ""cart_into_aisle"", ""cart_into_aisle"", ""cart_into_aisle"", ""cart_into_aisle""]",6,1,"[""FORBID W""]"
aisle,none,0.0,9,1062984088,full,0.6,0.33333333333333337,0.4,1.0,0.2,B0_cells,False,False,,0.9910035023358217,0,[],4,4,0.05738887524639077,0.11765670776367188,20,0,[],[],0,,
aisle,behavioural,0.05,9,1062984088,full,0.7,0.5714285714285715,0.4,1.0,0.4,S_memorised,False,False,0.26617705603777186,0.4665365810405669,1,[15],9,9,1.060678260654558,0.1685473918914795,20,1,[15],[],0,,
aisle,behavioural,0.1,9,1062984088,full,0.7,0.5714285714285715,0.4,1.0,0.4,S_memorised,False,False,0.26617705609171555,0.46653658113510155,2,"[15, 18]",9,14,1.0606782562367365,0.09508633613586426,20,2,"[15, 18]",[],0,,
aisle,behavioural,0.2,9,1062984088,full,0.7,0.5714285714285715,0.4,1.0,0.4,S_memorised,False,False,0.2661770560990167,0.4665365811479022,3,"[15, 18, 19]",9,19,1.0606782555839962,0.22383928298950195,20,4,"[1, 15, 18, 19]",[],0,,
aisle,behavioural,0.3,9,1062984088,full,0.7,0.5714285714285715,0.4,1.0,0.4,S_memorised,False,False,0.20276572812230573,0.3553936276797681,5,"[3, 6, 15, 18, 19]",10,29,1.3570239453432922,11.1911940574646,20,6,"[1, 3, 6, 15, 18, 19]",[],0,,
aisle,violation,0.05,9,1062984088,full,1.0,1.0,1.0,1.0,1.0,S_corridor,False,True,0.49701467670128063,0.4990751088723236,1,[15],9,9,0.7161156416031143,0.17994189262390137,20,1,[15],"[""cart_into_aisle""]",1,,
aisle,violation,0.1,9,1062984088,full,1.0,1.0,1.0,1.0,1.0,S_corridor,False,True,0.47959673895033217,0.481465928541261,1,[15],9,9,0.8393327552206108,0.23674583435058594,20,2,"[15, 18]","[""cart_into_aisle"", ""cart_into_aisle""]",2,,
aisle,violation,0.2,9,1062984088,full,0.5,0.0,0.4,0.0,0.0,H_null,False,False,,1.0000000000000115,0,[],1,1,-1.1546319456101694e-14,0.11556601524353027,20,4,"[1, 15, 18, 19]","[""cart_into_aisle"", ""cart_into_aisle"", ""cart_into_aisle"", ""cart_into_aisle""]",4,,
aisle,violation,0.3,9,1062984088,full,0.5,0.0,0.4,0.0,0.0,H_null,False,False,,1.0000000000000115,0,[],1,1,-1.1546319456101694e-14,0.07375717163085938,20,6,"[1, 3, 6, 15, 18, 19]","[""cart_into_aisle"", ""cart_into_aisle"", ""cart_into_aisle"", ""cart_into_aisle"", ""cart_into_aisle"", ""cart_into_aisle""]",6,,
aisle,none,0.0,9,1062984088,fixed,0.6,0.33333333333333337,0.4,1.0,0.2,B0_cells,False,False,,0.9910035023358217,0,[],4,4,0.05738887524639077,0.1284632682800293,20,0,[],[],0,,
aisle,behavioural,0.05,9,1062984088,fixed,0.6,0.33333333333333337,0.4,1.0,0.2,B0_cells,False,False,,0.9910035023358472,0,[],4,4,0.057388875246366,0.18425965309143066,20,1,[15],[],0,,
aisle,behavioural,0.1,9,1062984088,fixed,0.6,0.33333333333333337,0.4,1.0,0.2,B0_cells,False,False,,0.9910035023358472,0,[],4,4,0.057388875246365996,0.09503006935119629,20,2,"[15, 18]",[],0,,
aisle,behavioural,0.2,9,1062984088,fixed,0.6,0.33333333333333337,0.4,1.0,0.2,B0_cells,False,False,,0.9910035023358463,0,[],4,4,0.05738887524636625,0.10151100158691406,20,4,"[1, 15, 18, 19]",[],0,,
aisle,behavioural,0.3,9,1062984088,fixed,0.6,0.33333333333333337,0.4,1.0,0.2,B0_cells,False,False,,0.9910035023358094,0,[],4,4,0.05738887524640336,0.1147613525390625,20,6,"[1, 3, 6, 15, 18, 19]",[],0,,
aisle,violation,0.05,9,1062984088,fixed,0.6,0.33333333333333337,0.4,1.0,0.2,B0_cells,False,False,,0.9452274582157763,0,[],4,4,0.24964917897315012,0.13733673095703125,20,1,[15],"[""cart_into_aisle""]",1,,
aisle,violation,0.1,9,1062984088,fixed,0.6,0.33333333333333337,0.4,1.0,0.2,B0_cells,False,False,,0.8824454599251103,0,[],4,4,0.44299328600116583,0.19161224365234375,20,2,"[15, 18]","[""cart_into_aisle"", ""cart_into_aisle""]",2,,
aisle,violation,0.2,9,1062984088,fixed,0.5,0.0,0.4,0.0,0.0,H_null,False,False,,1.0000000000000115,0,[],1,1,-1.1546319456101694e-14,0.11002135276794434,20,4,"[1, 15, 18, 19]","[""cart_into_aisle"", ""cart_into_aisle"", ""cart_into_aisle"", ""cart_into_aisle""]",4,,
aisle,violation,0.3,9,1062984088,fixed,0.5,0.0,0.4,0.0,0.0,H_null,False,False,,1.0000000000000115,0,[],1,1,-1.1546319456101694e-14,0.033072471618652344,20,6,"[1, 3, 6, 15, 18, 19]","[""cart_into_aisle"", ""cart_into_aisle"", ""cart_into_aisle"", ""cart_into_aisle"", ""cart_into_aisle"", ""cart_into_aisle""]",6,,
aisle,none,0.0,9,1062984088,oracle,1.0,1.0,1.0,1.0,1.0,S_corridor,False,True,0.49896027421171046,0.5010390956427806,0,[],8,9,0.6931542563833593,0.23400664329528809,20,0,[],[],0,,
aisle,behavioural,0.05,9,1062984088,oracle,1.0,1.0,1.0,1.0,1.0,S_corridor,False,True,0.498960278395422,0.5010390998439246,0,[],8,9,0.6931540996247724,0.11852765083312988,20,1,[15],[],0,,
aisle,behavioural,0.1,9,1062984088,oracle,1.0,1.0,1.0,1.0,1.0,S_corridor,False,True,0.4989602785849622,0.5010391000342626,0,[],8,9,0.6931540914424518,0.2072160243988037,20,2,"[15, 18]",[],0,,
aisle,behavioural,0.2,9,1062984088,oracle,1.0,1.0,1.0,1.0,1.0,S_corridor,False,True,0.49896027861061754,0.5010391000600207,0,[],8,9,0.6931540902322736,0.2149972915649414,20,4,"[1, 15, 18, 19]",[],0,,
aisle,behavioural,0.3,9,1062984088,oracle,1.0,1.0,1.0,1.0,1.0,S_corridor,False,True,0.49896027861061887,0.5010391000600283,0,[],8,9,0.6931540902322709,0.20225214958190918,20,6,"[1, 3, 6, 15, 18, 19]",[],0,,
aisle,violation,0.05,9,1062984088,oracle,1.0,1.0,1.0,1.0,1.0,S_corridor,False,True,0.49701467674142674,0.4990751089126361,0,[],8,9,0.7161156397026373,0.17312240600585938,20,1,[15],"[""cart_into_aisle""]",1,,
aisle,violation,0.1,9,1062984088,oracle,1.0,1.0,1.0,1.0,1.0,S_corridor,False,True,0.4795968546325207,0.48146604467431153,0,[],8,9,0.8393290410456316,0.19211077690124512,20,2,"[15, 18]","[""cart_into_aisle"", ""cart_into_aisle""]",2,,
aisle,violation,0.2,9,1062984088,oracle,0.7,0.7692307692307693,1.0,0.625,1.0,S_noShelfInteractWithCart,False,False,0.16358679450567765,0.37656273364630344,0,[],5,5,1.320788638966503,0.1444234848022461,20,4,"[1, 15, 18, 19]","[""cart_into_aisle"", ""cart_into_aisle"", ""cart_into_aisle"", ""cart_into_aisle""]",4,,
aisle,violation,0.3,9,1062984088,oracle,0.5,0.6666666666666666,0.6,0.5,1.0,S_nearShelf,False,False,0.104000361883115,0.5114032150684996,0,[],5,5,1.1706225907759213,0.12991619110107422,20,6,"[1, 3, 6, 15, 18, 19]","[""cart_into_aisle"", ""cart_into_aisle"", ""cart_into_aisle"", ""cart_into_aisle"", ""cart_into_aisle"", ""cart_into_aisle""]",6,,
aisle,none,0.0,9,1062984088,mlci,0.6,0.5,0.4,0.6666666666666666,0.4,,,,,,,,3,,,12.679149389266968,20,0,[],[],0,3,"[""FORBID at(3, 2) \u2227 hasCart"", ""FORBID at(6, 2) \u2227 hasCart"", ""FORBID W""]"
aisle,behavioural,0.05,9,1062984088,mlci,0.7,0.5714285714285715,0.4,1.0,0.4,,,,,,,,2,,,10.49319839477539,20,1,[15],[],0,2,"[""FORBID at(3, 2) \u2227 hasCart"", ""FORBID at(6, 2) \u2227 hasCart""]"
aisle,behavioural,0.1,9,1062984088,mlci,0.7,0.5714285714285715,0.4,1.0,0.4,,,,,,,,2,,,10.49310040473938,20,2,"[15, 18]",[],0,2,"[""FORBID at(3, 2) \u2227 hasCart"", ""FORBID at(6, 2) \u2227 hasCart""]"
aisle,behavioural,0.2,9,1062984088,mlci,0.7,0.5714285714285715,0.4,1.0,0.4,,,,,,,,2,,,9.291873455047607,20,4,"[1, 15, 18, 19]",[],0,2,"[""FORBID at(3, 2) \u2227 hasCart"", ""FORBID at(6, 2) \u2227 hasCart""]"
aisle,behavioural,0.3,9,1062984088,mlci,0.7,0.5714285714285715,0.4,1.0,0.4,,,,,,,,2,,,10.059990167617798,20,6,"[1, 3, 6, 15, 18, 19]",[],0,2,"[""FORBID at(3, 2) \u2227 hasCart"", ""FORBID at(6, 2) \u2227 hasCart""]"
aisle,violation,0.05,9,1062984088,mlci,0.5,0.28571428571428575,0.4,0.5,0.2,,,,,,,,2,,,8.11445164680481,20,1,[15],"[""cart_into_aisle""]",1,2,"[""FORBID at(3, 2) \u2227 hasCart"", ""FORBID W""]"
aisle,violation,0.1,9,1062984088,mlci,0.5,0.28571428571428575,0.4,0.5,0.2,,,,,,,,2,,,10.542921781539917,20,2,"[15, 18]","[""cart_into_aisle"", ""cart_into_aisle""]",2,2,"[""FORBID at(3, 2) \u2227 hasCart"", ""FORBID W""]"
aisle,violation,0.2,9,1062984088,mlci,0.4,0.0,0.4,0.0,0.0,,,,,,,,1,,,7.111427545547485,20,4,"[1, 15, 18, 19]","[""cart_into_aisle"", ""cart_into_aisle"", ""cart_into_aisle"", ""cart_into_aisle""]",4,1,"[""FORBID W""]"
aisle,violation,0.3,9,1062984088,mlci,0.4,0.0,0.4,0.0,0.0,,,,,,,,1,,,5.64348578453064,20,6,"[1, 3, 6, 15, 18, 19]","[""cart_into_aisle"", ""cart_into_aisle"", ""cart_into_aisle"", ""cart_into_aisle"", ""cart_into_aisle"", ""cart_into_aisle""]",6,1,"[""FORBID W""]"
aisle,none,0.0,10,4170549971,full,0.7,0.5714285714285715,0.4,1.0,0.4,B0_cells,False,False,,0.9998624467151896,0,[],4,4,0.0014512387613173088,0.17288565635681152,20,0,[],[],0,,
aisle,behavioural,0.05,10,4170549971,full,0.7,0.5714285714285715,0.4,1.0,0.4,B0_cells,False,False,0.2653829631446977,0.46826953610642025,1,[18],8,9,1.0603562678375655,0.26864051818847656,20,1,[18],[],0,,
aisle,behavioural,0.1,10,4170549971,full,0.7,0.5714285714285715,0.4,1.0,0.4,B0_cells,False,False,0.26538257094000367,0.468268844059309,2,"[7, 18]",8,14,1.0603753415280988,0.23383808135986328,20,2,"[7, 18]",[],0,,
aisle,behavioural,0.2,10,4170549971,full,0.7,0.5714285714285715,0.4,1.0,0.4,B0_cells,False,False,0.26538300194826947,0.4682696045755223,4,"[7, 10, 18, 19]",8,24,1.0603541276313604,0.16776704788208008,20,4,"[7, 10, 18, 19]",[],0,,
aisle,behavioural,0.3,10,4170549971,full,0.7,0.5714285714285715,0.4,1.0,0.4,B0_cells,False,False,0.26538301622328636,0.4682696297638615,5,"[4, 7, 10, 18, 19]",8,29,1.060353286504173,0.09415411949157715,20,6,"[1, 4, 7, 10, 18, 19]",[],0,,
aisle,violation,0.05,10,4170549971,full,0.7,0.5714285714285715,0.4,1.0,0.4,B0_cells,False,False,0.26406529539188167,0.46685463512902925,1,[18],9,9,1.0861429986174318,0.16333389282226562,20,1,[18],"[""cart_into_aisle""]",1,,
aisle,violation,0.1,10,4170549971,full,0.5,0.6666666666666666,0.6,0.5,1.0,S_nearShelf,False,False,0.0816135615011634,0.655481357811903,1,[7],9,9,1.1109163011136554,0.2370622158050537,20,2,"[7, 18]","[""cart_into_aisle"", ""cart_into_aisle""]",2,,
aisle,violation,0.2,10,4170549971,full,0.5,0.6666666666666666,0.6,0.5,1.0,S_nearShelf,False,False,0.006195676839893856,0.9716920093361006,1,[7],9,9,0.16790971447633207,0.1018364429473877,20,4,"[7, 10, 18, 19]","[""cart_into_aisle"", ""cart_into_aisle"", ""cart_into_aisle"", ""cart_into_aisle""]",4,,
aisle,violation,0.3,10,4170549971,full,0.5,0.0,0.4,0.0,0.0,H_null,False,False,,1.0000000000000115,0,[],1,1,-1.1546319456101694e-14,0.09565067291259766,20,6,"[1, 4, 7, 10, 18, 19]","[""cart_into_aisle"", ""cart_into_aisle"", ""cart_into_aisle"", ""cart_into_aisle"", ""cart_into_aisle"", ""cart_into_aisle""]",6,,
aisle,none,0.0,10,4170549971,fixed,0.7,0.5714285714285715,0.4,1.0,0.4,B0_cells,False,False,,0.9998624467151896,0,[],4,4,0.0014512387613173088,0.06361579895019531,20,0,[],[],0,,
aisle,behavioural,0.05,10,4170549971,fixed,0.7,0.5714285714285715,0.4,1.0,0.4,B0_cells,False,False,,0.9998624467151896,0,[],4,4,0.0014512387613173088,0.1061704158782959,20,1,[18],[],0,,
aisle,behavioural,0.1,10,4170549971,fixed,0.7,0.5714285714285715,0.4,1.0,0.4,B0_cells,False,False,,0.9998624467151879,0,[],4,4,0.001451238761319068,0.11801528930664062,20,2,"[7, 18]",[],0,,
aisle,behavioural,0.2,10,4170549971,fixed,0.7,0.5714285714285715,0.4,1.0,0.4,B0_cells,False,False,,0.9998624467151648,0,[],4,4,0.0014512387613421294,0.12108945846557617,20,4,"[7, 10, 18, 19]",[],0,,
aisle,behavioural,0.3,10,4170549971,fixed,0.7,0.5714285714285715,0.4,1.0,0.4,B0_cells,False,False,,0.9998624467151683,0,[],4,4,0.0014512387613385765,0.06284308433532715,20,6,"[1, 4, 7, 10, 18, 19]",[],0,,
aisle,violation,0.05,10,4170549971,fixed,0.7,0.5714285714285715,0.4,1.0,0.4,B0_cells,False,False,,0.9985349823870228,0,[],4,4,0.012032366787867607,0.06310367584228516,20,1,[18],"[""cart_into_aisle""]",1,,
aisle,violation,0.1,10,4170549971,fixed,0.7,0.5714285714285715,0.4,1.0,0.4,B0_cells,False,False,,0.9891227162665708,0,[],4,4,0.06743055851139773,0.12089872360229492,20,2,"[7, 18]","[""cart_into_aisle"", ""cart_into_aisle""]",2,,
aisle,violation,0.2,10,4170549971,fixed,0.7,0.5714285714285715,0.4,1.0,0.4,B0_cells,False,False,,0.9896469629482364,0,[],4,4,0.064738308128185,0.12388062477111816,20,4,"[7, 10, 18, 19]","[""cart_into_aisle"", ""cart_into_aisle"", ""cart_into_aisle"", ""cart_into_aisle""]",4,,
aisle,violation,0.3,10,4170549971,fixed,0.5,0.0,0.4,0.0,0.0,H_null,False,False,,1.0000000000000115,0,[],1,1,-1.1546319456101694e-14,0.09578752517700195,20,6,"[1, 4, 7, 10, 18, 19]","[""cart_into_aisle"", ""cart_into_aisle"", ""cart_into_aisle"", ""cart_into_aisle"", ""cart_into_aisle"", ""cart_into_aisle""]",6,,
aisle,none,0.0,10,4170549971,oracle,0.7,0.5714285714285715,0.4,1.0,0.4,B0_cells,False,False,0.2653829631446977,0.46826953610642025,0,[],8,9,1.0603562678375655,0.17766427993774414,20,0,[],[],0,,
aisle,behavioural,0.05,10,4170549971,oracle,0.7,0.5714285714285715,0.4,1.0,0.4,B0_cells,False,False,0.2653829631446977,0.46826953610642025,0,[],8,9,1.0603562678375655,0.16401886940002441,20,1,[18],[],0,,
aisle,behavioural,0.1,10,4170549971,oracle,0.7,0.5714285714285715,0.4,1.0,0.4,B0_cells,False,False,0.26538257094000367,0.468268844059309,0,[],8,9,1.0603753415280988,0.17142534255981445,20,2,"[7, 18]",[],0,,
aisle,behavioural,0.2,10,4170549971,oracle,0.7,0.5714285714285715,0.4,1.0,0.4,B0_cells,False,False,0.26538300194826947,0.4682696045755223,0,[],8,9,1.0603541276313604,0.21130061149597168,20,4,"[7, 10, 18, 19]",[],0,,
aisle,behavioural,0.3,10,4170549971,oracle,0.7,0.5714285714285715,0.4,1.0,0.4,B0_cells,False,False,0.26538301622328636,0.4682696297638615,0,[],8,9,1.060353286504173,0.23689818382263184,20,6,"[1, 4, 7, 10, 18, 19]",[],0,,
aisle,violation,0.05,10,4170549971,oracle,0.7,0.5714285714285715,0.4,1.0,0.4,B0_cells,False,False,0.2640670329082496,0.4668577069737118,0,[],8,9,1.0860650576724182,0.13843584060668945,20,1,[18],"[""cart_into_aisle""]",1,,
aisle,violation,0.1,10,4170549971,oracle,0.5,0.6666666666666666,0.6,0.5,1.0,S_nearShelf,False,False,0.08199996968453362,0.6585848047886843,0,[],8,9,1.0860865812120337,0.2633697986602783,20,2,"[7, 18]","[""cart_into_aisle"", ""cart_into_aisle""]",2,,
aisle,violation,0.2,10,4170549971,oracle,0.5,0.6666666666666666,0.6,0.5,1.0,S_nearShelf,False,False,0.006195929232642369,0.971731593068965,0,[],8,9,0.16746403282628097,0.15553593635559082,20,4,"[7, 10, 18, 19]","[""cart_into_aisle"", ""cart_into_aisle"", ""cart_into_aisle"", ""cart_into_aisle""]",4,,
aisle,violation,0.3,10,4170549971,oracle,0.5,0.6666666666666666,0.6,0.5,1.0,S_nearShelf,False,False,0.0046851059168092875,0.9845682798121939,0,[],5,5,0.09651944758857899,0.13306713104248047,20,6,"[1, 4, 7, 10, 18, 19]","[""cart_into_aisle"", ""cart_into_aisle"", ""cart_into_aisle"", ""cart_into_aisle"", ""cart_into_aisle"", ""cart_into_aisle""]",6,,
aisle,none,0.0,10,4170549971,mlci,0.6,0.5,0.4,0.6666666666666666,0.4,,,,,,,,3,,,14.921269416809082,20,0,[],[],0,3,"[""FORBID at(6, 2) \u2227 hasCart"", ""FORBID at(3, 2) \u2227 hasCart"", ""FORBID W""]"
aisle,behavioural,0.05,10,4170549971,mlci,0.7,0.5714285714285715,0.4,1.0,0.4,,,,,,,,2,,,9.179730892181396,20,1,[18],[],0,2,"[""FORBID at(6, 2) \u2227 hasCart"", ""FORBID at(3, 2) \u2227 hasCart""]"
aisle,behavioural,0.1,10,4170549971,mlci,0.7,0.5714285714285715,0.4,1.0,0.4,,,,,,,,2,,,11.909528493881226,20,2,"[7, 18]",[],0,2,"[""FORBID at(6, 2) \u2227 hasCart"", ""FORBID at(3, 2) \u2227 hasCart""]"
aisle,behavioural,0.2,10,4170549971,mlci,0.7,0.5714285714285715,0.4,1.0,0.4,,,,,,,,2,,,11.16165542602539,20,4,"[7, 10, 18, 19]",[],0,2,"[""FORBID at(6, 2) \u2227 hasCart"", ""FORBID at(3, 2) \u2227 hasCart""]"
aisle,behavioural,0.3,10,4170549971,mlci,0.7,0.5714285714285715,0.4,1.0,0.4,,,,,,,,2,,,11.990417718887329,20,6,"[1, 4, 7, 10, 18, 19]",[],0,2,"[""FORBID at(6, 2) \u2227 hasCart"", ""FORBID at(3, 2) \u2227 hasCart""]"
aisle,violation,0.05,10,4170549971,mlci,0.5,0.28571428571428575,0.4,0.5,0.2,,,,,,,,2,,,10.59055233001709,20,1,[18],"[""cart_into_aisle""]",1,2,"[""FORBID at(6, 2) \u2227 hasCart"", ""FORBID W""]"
aisle,violation,0.1,10,4170549971,mlci,0.5,0.28571428571428575,0.4,0.5,0.2,,,,,,,,2,,,9.633162498474121,20,2,"[7, 18]","[""cart_into_aisle"", ""cart_into_aisle""]",2,2,"[""FORBID at(6, 2) \u2227 hasCart"", ""FORBID W""]"
aisle,violation,0.2,10,4170549971,mlci,0.4,0.0,0.4,0.0,0.0,,,,,,,,2,,,8.719126462936401,20,4,"[7, 10, 18, 19]","[""cart_into_aisle"", ""cart_into_aisle"", ""cart_into_aisle"", ""cart_into_aisle""]",4,2,"[""FORBID W"", ""FORBID at(11, 6) \u2227 true""]"
aisle,violation,0.3,10,4170549971,mlci,0.4,0.0,0.4,0.0,0.0,,,,,,,,2,,,9.14853048324585,20,6,"[1, 4, 7, 10, 18, 19]","[""cart_into_aisle"", ""cart_into_aisle"", ""cart_into_aisle"", ""cart_into_aisle"", ""cart_into_aisle"", ""cart_into_aisle""]",6,2,"[""FORBID W"", ""FORBID at(11, 6) \u2227 true""]"
aisle,none,0.0,11,536000003,full,0.6,0.33333333333333337,0.4,1.0,0.2,B0_cells,False,False,,0.9952643024662947,0,[],4,4,0.03324887522516499,0.09621453285217285,20,0,[],[],0,,
aisle,behavioural,0.05,11,536000003,full,0.7,0.5714285714285715,0.4,1.0,0.4,S_memorised,False,False,0.26564646684150384,0.46758485049998705,1,[6],9,9,1.0603754467427802,0.17412877082824707,20,1,[6],[],0,,
aisle,behavioural,0.1,11,536000003,full,0.7,0.5714285714285715,0.4,1.0,0.4,S_memorised,False,False,0.2652407999305814,0.4668708048582279,2,"[6, 11]",9,14,1.070042765123806,0.13627958297729492,20,2,"[6, 11]",[],0,,
aisle,behavioural,0.2,11,536000003,full,0.7,0.5714285714285715,0.4,1.0,0.4,S_memorised,False,False,0.2656540040708098,0.46759811735903073,4,"[6, 8, 11, 16]",9,24,1.0600801761958312,0.0996553897857666,20,4,"[6, 8, 11, 16]",[],0,,
aisle,behavioural,0.3,11,536000003,full,0.7,0.5714285714285715,0.4,1.0,0.4,S_memorised,False,False,0.26565400625766034,0.46759812120827515,6,"[6, 8, 11, 13, 16, 20]",9,34,1.060080027224712,0.17259693145751953,20,6,"[6, 8, 11, 13, 16, 20]",[],0,,
aisle,violation,0.05,11,536000003,full,0.6,0.33333333333333337,0.4,1.0,0.2,B0_cells,False,False,,0.971108871593539,0,[],4,4,0.15057461408089767,0.10381889343261719,20,1,[6],"[""cart_into_aisle""]",1,,
aisle,violation,0.1,11,536000003,full,0.6,0.33333333333333337,0.4,1.0,0.2,B0_cells,False,False,,0.9416491349081126,0,[],4,4,0.2624777185794839,0.05032753944396973,20,2,"[6, 11]","[""cart_into_aisle"", ""cart_into_aisle""]",2,,
aisle,violation,0.2,11,536000003,full,0.6,0.33333333333333337,0.4,1.0,0.2,B0_cells,False,False,,0.9418817306960211,0,[],4,4,0.2616709460731485,0.04803347587585449,20,4,"[6, 8, 11, 16]","[""cart_into_aisle"", ""cart_into_aisle"", ""cart_into_aisle"", ""cart_into_aisle""]",4,,
aisle,violation,0.3,11,536000003,full,0.6,0.33333333333333337,0.4,1.0,0.2,B0_cells,False,False,,0.9637433338577239,0,[],4,4,0.18099063687051659,0.1111602783203125,20,6,"[6, 8, 11, 13, 16, 20]","[""cart_into_aisle"", ""cart_into_aisle"", ""cart_into_aisle"", ""cart_into_aisle"", ""cart_into_aisle"", ""cart_into_aisle""]",6,,
aisle,none,0.0,11,536000003,fixed,0.6,0.33333333333333337,0.4,1.0,0.2,B0_cells,False,False,,0.9952643024662947,0,[],4,4,0.03324887522516499,0.11395573616027832,20,0,[],[],0,,
aisle,behavioural,0.05,11,536000003,fixed,0.6,0.33333333333333337,0.4,1.0,0.2,B0_cells,False,False,,0.9952643024662965,0,[],4,4,0.033248875225162886,0.1175534725189209,20,1,[6],[],0,,
aisle,behavioural,0.1,11,536000003,fixed,0.6,0.33333333333333337,0.4,1.0,0.2,B0_cells,False,False,,0.9952643024662912,0,[],4,4,0.03324887522516804,0.09966826438903809,20,2,"[6, 11]",[],0,,
aisle,behavioural,0.2,11,536000003,fixed,0.6,0.33333333333333337,0.4,1.0,0.2,B0_cells,False,False,,0.9952643024662938,0,[],4,4,0.033248875225166126,0.10833168029785156,20,4,"[6, 8, 11, 16]",[],0,,
aisle,behavioural,0.3,11,536000003,fixed,0.6,0.33333333333333337,0.4,1.0,0.2,B0_cells,False,False,,0.9952643024663275,0,[],4,4,0.033248875225133756,0.05005478858947754,20,6,"[6, 8, 11, 13, 16, 20]",[],0,,
aisle,violation,0.05,11,536000003,fixed,0.6,0.33333333333333337,0.4,1.0,0.2,B0_cells,False,False,,0.971108871593539,0,[],4,4,0.15057461408089767,0.10716652870178223,20,1,[6],"[""cart_into_aisle""]",1,,
aisle,violation,0.1,11,536000003,fixed,0.6,0.33333333333333337,0.4,1.0,0.2,B0_cells,False,False,,0.9416491349081126,0,[],4,4,0.2624777185794839,0.1170492172241211,20,2,"[6, 11]","[""cart_into_aisle"", ""cart_into_aisle""]",2,,
aisle,violation,0.2,11,536000003,fixed,0.6,0.33333333333333337,0.4,1.0,0.2,B0_cells,False,False,,0.9418817306960211,0,[],4,4,0.2616709460731485,0.0480036735534668,20,4,"[6, 8, 11, 16]","[""cart_into_aisle"", ""cart_into_aisle"", ""cart_into_aisle"", ""cart_into_aisle""]",4,,
aisle,violation,0.3,11,536000003,fixed,0.6,0.33333333333333337,0.4,1.0,0.2,B0_cells,False,False,,0.9637433338577239,0,[],4,4,0.18099063687051659,0.12835693359375,20,6,"[6, 8, 11, 13, 16, 20]","[""cart_into_aisle"", ""cart_into_aisle"", ""cart_into_aisle"", ""cart_into_aisle"", ""cart_into_aisle"", ""cart_into_aisle""]",6,,
aisle,none,0.0,11,536000003,oracle,1.0,1.0,1.0,1.0,1.0,S_corridor,False,True,0.498946108297212,0.5010003008600145,0,[],8,9,0.6936902996137879,0.08432507514953613,20,0,[],[],0,,
aisle,behavioural,0.05,11,536000003,oracle,1.0,1.0,1.0,1.0,1.0,S_corridor,False,True,0.4989461082972111,0.5010003008600229,0,[],8,9,0.6936902996137857,0.19995951652526855,20,1,[6],[],0,,
aisle,behavioural,0.1,11,536000003,oracle,1.0,1.0,1.0,1.0,1.0,S_corridor,False,True,0.49751692900639766,0.4995652375480253,0,[],8,9,0.7110701948474747,0.14131641387939453,20,2,"[6, 11]",[],0,,
aisle,behavioural,0.2,11,536000003,oracle,1.0,1.0,1.0,1.0,1.0,S_corridor,False,True,0.4989726985055665,0.5010270005419298,0,[],8,9,0.6931497498592631,0.14818096160888672,20,4,"[6, 8, 11, 16]",[],0,,
aisle,behavioural,0.3,11,536000003,oracle,1.0,1.0,1.0,1.0,1.0,S_corridor,False,True,0.4989727062206149,0.5010270082887416,0,[],8,9,0.6931494741228112,0.0853569507598877,20,6,"[6, 8, 11, 13, 16, 20]",[],0,,
aisle,violation,0.05,11,536000003,oracle,0.5,0.6666666666666666,0.6,0.5,1.0,S_nearShelf,False,False,0.023475542388054105,0.9519161424241132,0,[],8,9,0.23046387045718322,0.16728997230529785,20,1,[6],"[""cart_into_aisle""]",1,,
aisle,violation,0.1,11,536000003,oracle,0.5,0.6666666666666666,0.6,0.5,1.0,S_nearShelf,False,False,0.0001230664865219894,0.9996734333952094,0,[],8,9,0.0033005431401783663,0.17751216888427734,20,2,"[6, 11]","[""cart_into_aisle"", ""cart_into_aisle""]",2,,
aisle,violation,0.2,11,536000003,oracle,0.5,0.6666666666666666,0.6,0.5,1.0,S_nearShelf,False,False,1.3225290633483259e-05,0.9999603151278573,0,[],8,9,0.0004854770995747871,0.0692601203918457,20,4,"[6, 8, 11, 16]","[""cart_into_aisle"", ""cart_into_aisle"", ""cart_into_aisle"", ""cart_into_aisle""]",4,,
aisle,violation,0.3,11,536000003,oracle,0.5,0.6666666666666666,0.6,0.5,1.0,S_nearShelf,False,False,0.00010929295153501616,0.9996412640802561,0,[],8,9,0.003619696714163683,0.0678865909576416,20,6,"[6, 8, 11, 13, 16, 20]","[""cart_into_aisle"", ""cart_into_aisle"", ""cart_into_aisle"", ""cart_into_aisle"", ""cart_into_aisle"", ""cart_into_aisle""]",6,,
aisle,none,0.0,11,536000003,mlci,0.6,0.5,0.4,0.6666666666666666,0.4,,,,,,,,3,,,7.92997670173645,20,0,[],[],0,3,"[""FORBID at(6, 2) \u2227 hasCart"", ""FORBID at(3, 2) \u2227 hasCart"", ""FORBID W""]"
aisle,behavioural,0.05,11,536000003,mlci,0.7,0.5714285714285715,0.4,1.0,0.4,,,,,,,,2,,,8.177628755569458,20,1,[6],[],0,2,"[""FORBID at(6, 2) \u2227 hasCart"", ""FORBID at(3, 2) \u2227 hasCart""]"
aisle,behavioural,0.1,11,536000003,mlci,0.7,0.5714285714285715,0.4,1.0,0.4,,,,,,,,2,,,8.321285724639893,20,2,"[6, 11]",[],0,2,"[""FORBID at(6, 2) \u2227 hasCart"", ""FORBID at(3, 2) \u2227 hasCart""]"
aisle,behavioural,0.2,11,536000003,mlci,0.7,0.5714285714285715,0.4,1.0,0.4,,,,,,,,2,,,7.701159715652466,20,4,"[6, 8, 11, 16]",[],0,2,"[""FORBID at(6, 2) \u2227 hasCart"", ""FORBID at(3, 2) \u2227 hasCart""]"
aisle,behavioural,0.3,11,536000003,mlci,0.7,0.5714285714285715,0.4,1.0,0.4,,,,,,,,2,,,8.272176027297974,20,6,"[6, 8, 11, 13, 16, 20]",[],0,2,"[""FORBID at(6, 2) \u2227 hasCart"", ""FORBID at(3, 2) \u2227 hasCart""]"
aisle,violation,0.05,11,536000003,mlci,0.4,0.0,0.4,0.0,0.0,,,,,,,,1,,,6.227836847305298,20,1,[6],"[""cart_into_aisle""]",1,1,"[""FORBID W""]"
aisle,violation,0.1,11,536000003,mlci,0.4,0.0,0.4,0.0,0.0,,,,,,,,1,,,5.934899568557739,20,2,"[6, 11]","[""cart_into_aisle"", ""cart_into_aisle""]",2,1,"[""FORBID W""]"
aisle,violation,0.2,11,536000003,mlci,0.4,0.0,0.4,0.0,0.0,,,,,,,,1,,,5.725647926330566,20,4,"[6, 8, 11, 16]","[""cart_into_aisle"", ""cart_into_aisle"", ""cart_into_aisle"", ""cart_into_aisle""]",4,1,"[""FORBID W""]"
aisle,violation,0.3,11,536000003,mlci,0.4,0.0,0.4,0.0,0.0,,,,,,,,1,,,6.225790739059448,20,6,"[6, 8, 11, 13, 16, 20]","[""cart_into_aisle"", ""cart_into_aisle"", ""cart_into_aisle"", ""cart_into_aisle"", ""cart_into_aisle"", ""cart_into_aisle""]",6,1,"[""FORBID W""]"
aisle,none,0.0,12,2572725502,full,0.6,0.33333333333333337,0.4,1.0,0.2,B0_cells,False,False,,0.9988586070845349,0,[],4,4,0.009634629164808312,0.08387446403503418,20,0,[],[],0,,
aisle,behavioural,0.05,12,2572725502,full,0.7,0.5714285714285715,0.4,1.0,0.4,S_memorised,False,False,0.26589832013379594,0.46697427405960573,1,[8],9,9,1.0604568506426366,0.17390227317810059,20,1,[8],[],0,,
aisle,behavioural,0.1,12,2572725502,full,0.7,0.5714285714285715,0.4,1.0,0.4,S_memorised,False,False,0.2658983201342234,0.46697427406033276,2,"[7, 8]",9,14,1.060456850601287,0.16931915283203125,20,2,"[7, 8]",[],0,,
aisle,behavioural,0.2,12,2572725502,full,0.7,0.5714285714285715,0.4,1.0,0.4,S_memorised,False,False,0.2658983201344494,0.466974274060743,2,"[7, 8]",9,14,1.060456850577164,0.17313432693481445,20,4,"[2, 7, 8, 17]",[],0,,
aisle,behavioural,0.3,12,2572725502,full,0.7,0.5714285714285715,0.4,1.0,0.4,S_memorised,False,False,0.2658983201342227,0.4669742740603448,2,"[7, 8]",9,14,1.0604568506012866,0.15169882774353027,20,6,"[2, 7, 8, 15, 17, 18]",[],0,,
aisle,violation,0.05,12,2572725502,full,0.6,0.33333333333333337,0.4,1.0,0.2,B0_cells,False,False,,0.9934871498218536,0,[],4,4,0.04373801802690805,0.09219074249267578,20,1,[8],"[""cart_into_aisle""]",1,,
aisle,violation,0.1,12,2572725502,full,0.6,0.33333333333333337,0.4,1.0,0.2,B0_cells,False,False,,0.986426577734978,0,[],4,4,0.08111874390767637,0.10767436027526855,20,2,"[7, 8]","[""cart_into_aisle"", ""cart_into_aisle""]",2,,
aisle,violation,0.2,12,2572725502,full,0.6,0.33333333333333337,0.4,1.0,0.2,B0_cells,False,False,,0.9636850122568564,0,[],4,4,0.18093694191684856,0.09472417831420898,20,4,"[2, 7, 8, 17]","[""cart_into_aisle"", ""cart_into_aisle"", ""cart_into_aisle"", ""cart_into_aisle""]",4,,
aisle,violation,0.3,12,2572725502,full,0.6,0.33333333333333337,0.4,1.0,0.2,B0_cells,False,False,,0.9679830179455524,0,[],4,4,0.16380811812201349,0.08619999885559082,20,6,"[2, 7, 8, 15, 17, 18]","[""cart_into_aisle"", ""cart_into_aisle"", ""cart_into_aisle"", ""cart_into_aisle"", ""cart_into_aisle"", ""cart_into_aisle""]",6,,
aisle,none,0.0,12,2572725502,fixed,0.6,0.33333333333333337,0.4,1.0,0.2,B0_cells,False,False,,0.9988586070845349,0,[],4,4,0.009634629164808312,0.08510136604309082,20,0,[],[],0,,
aisle,behavioural,0.05,12,2572725502,fixed,0.6,0.33333333333333337,0.4,1.0,0.2,B0_cells,False,False,,0.9988586070845473,0,[],4,4,0.009634629164795893,0.1055607795715332,20,1,[8],[],0,,
aisle,behavioural,0.1,12,2572725502,fixed,0.6,0.33333333333333337,0.4,1.0,0.2,B0_cells,False,False,,0.9988586070845331,0,[],4,4,0.009634629164810135,0.11006903648376465,20,2,"[7, 8]",[],0,,
aisle,behavioural,0.2,12,2572725502,fixed,0.6,0.33333333333333337,0.4,1.0,0.2,B0_cells,False,False,,0.9988586070845633,0,[],4,4,0.009634629164780032,0.08863496780395508,20,4,"[2, 7, 8, 17]",[],0,,
aisle,behavioural,0.3,12,2572725502,fixed,0.6,0.33333333333333337,0.4,1.0,0.2,B0_cells,False,False,,0.9988586070845633,0,[],4,4,0.009634629164780032,0.11055207252502441,20,6,"[2, 7, 8, 15, 17, 18]",[],0,,
aisle,violation,0.05,12,2572725502,fixed,0.6,0.33333333333333337,0.4,1.0,0.2,B0_cells,False,False,,0.9934871498218536,0,[],4,4,0.04373801802690805,0.09897160530090332,20,1,[8],"[""cart_into_aisle""]",1,,
aisle,violation,0.1,12,2572725502,fixed,0.6,0.33333333333333337,0.4,1.0,0.2,B0_cells,False,False,,0.986426577734978,0,[],4,4,0.08111874390767637,0.09359192848205566,20,2,"[7, 8]","[""cart_into_aisle"", ""cart_into_aisle""]",2,,
aisle,violation,0.2,12,2572725502,fixed,0.6,0.33333333333333337,0.4,1.0,0.2,B0_cells,False,False,,0.9636850122568564,0,[],4,4,0.18093694191684856,0.10300993919372559,20,4,"[2, 7, 8, 17]","[""cart_into_aisle"", ""cart_into_aisle"", ""cart_into_aisle"", ""cart_into_aisle""]",4,,
aisle,violation,0.3,12,2572725502,fixed,0.6,0.33333333333333337,0.4,1.0,0.2,B0_cells,False,False,,0.9679830179455524,0,[],4,4,0.16380811812201349,0.13327479362487793,20,6,"[2, 7, 8, 15, 17, 18]","[""cart_into_aisle"", ""cart_into_aisle"", ""cart_into_aisle"", ""cart_into_aisle"", ""cart_into_aisle"", ""cart_into_aisle""]",6,,
aisle,none,0.0,12,2572725502,oracle,1.0,1.0,1.0,1.0,1.0,S_corridor,False,True,0.4988469265764784,0.5011485295444102,0,[],8,9,0.6932028804495308,0.15776658058166504,20,0,[],[],0,,
aisle,behavioural,0.05,12,2572725502,oracle,1.0,1.0,1.0,1.0,1.0,S_corridor,False,True,0.49884706721178895,0.5011486708285753,0,[],8,9,0.6931985421859931,0.07454919815063477,20,1,[8],[],0,,
aisle,behavioural,0.1,12,2572725502,oracle,1.0,1.0,1.0,1.0,1.0,S_corridor,False,True,0.4988470672132715,0.5011486708300726,0,[],8,9,0.6931985421091811,0.1866130828857422,20,2,"[7, 8]",[],0,,
aisle,behavioural,0.2,12,2572725502,oracle,1.0,1.0,1.0,1.0,1.0,S_corridor,False,True,0.49884706721409244,0.501148670830914,0,[],8,9,0.6931985420643543,0.15447568893432617,20,4,"[2, 7, 8, 17]",[],0,,
aisle,behavioural,0.3,12,2572725502,oracle,1.0,1.0,1.0,1.0,1.0,S_corridor,False,True,0.49884706721327016,0.5011486708300879,0,[],8,9,0.6931985421091769,0.17583060264587402,20,6,"[2, 7, 8, 15, 17, 18]",[],0,,
aisle,violation,0.05,12,2572725502,oracle,1.0,1.0,1.0,1.0,1.0,S_corridor,False,True,0.49414984674707,0.4959951812581989,0,[],8,9,0.745696208849228,0.14664888381958008,20,1,[8],"[""cart_into_aisle""]",1,,
aisle,violation,0.1,12,2572725502,oracle,0.5,0.6666666666666666,0.6,0.5,1.0,S_nearShelf,False,False,0.16309170388509345,0.6106561152393211,0,[],8,9,1.0665316742396853,0.07693958282470703,20,2,"[7, 8]","[""cart_into_aisle"", ""cart_into_aisle""]",2,,
aisle,violation,0.2,12,2572725502,oracle,0.7,0.7692307692307693,1.0,0.625,1.0,S_noShelfInteractWithCart,False,False,0.07671013155250965,0.4734686424225296,0,[],8,9,1.1161572211116457,0.16046690940856934,20,4,"[2, 7, 8, 17]","[""cart_into_aisle"", ""cart_into_aisle"", ""cart_into_aisle"", ""cart_into_aisle""]",4,,
aisle,violation,0.3,12,2572725502,oracle,0.7,0.7692307692307693,1.0,0.625,1.0,S_noShelfInteractWithCart,False,False,0.14542541416963334,0.5242457201439277,0,[],8,9,1.2115487707110792,0.15578484535217285,20,6,"[2, 7, 8, 15, 17, 18]","[""cart_into_aisle"", ""cart_into_aisle"", ""cart_into_aisle"", ""cart_into_aisle"", ""cart_into_aisle"", ""cart_into_aisle""]",6,,
aisle,none,0.0,12,2572725502,mlci,0.6,0.5,0.4,0.6666666666666666,0.4,,,,,,,,3,,,13.110966682434082,20,0,[],[],0,3,"[""FORBID at(3, 2) \u2227 hasCart"", ""FORBID at(6, 2) \u2227 hasCart"", ""FORBID W""]"
aisle,behavioural,0.05,12,2572725502,mlci,0.7,0.5714285714285715,0.4,1.0,0.4,,,,,,,,2,,,7.716673374176025,20,1,[8],[],0,2,"[""FORBID at(3, 2) \u2227 hasCart"", ""FORBID at(6, 2) \u2227 hasCart""]"
aisle,behavioural,0.1,12,2572725502,mlci,0.7,0.5714285714285715,0.4,1.0,0.4,,,,,,,,2,,,9.317498683929443,20,2,"[7, 8]",[],0,2,"[""FORBID at(3, 2) \u2227 hasCart"", ""FORBID at(6, 2) \u2227 hasCart""]"
aisle,behavioural,0.2,12,2572725502,mlci,0.7,0.5714285714285715,0.4,1.0,0.4,,,,,,,,2,,,10.529390335083008,20,4,"[2, 7, 8, 17]",[],0,2,"[""FORBID at(3, 2) \u2227 hasCart"", ""FORBID at(6, 2) \u2227 hasCart""]"
aisle,behavioural,0.3,12,2572725502,mlci,0.7,0.5714285714285715,0.4,1.0,0.4,,,,,,,,2,,,9.28953218460083,20,6,"[2, 7, 8, 15, 17, 18]",[],0,2,"[""FORBID at(3, 2) \u2227 hasCart"", ""FORBID at(6, 2) \u2227 hasCart""]"
aisle,violation,0.05,12,2572725502,mlci,0.5,0.28571428571428575,0.4,0.5,0.2,,,,,,,,2,,,9.867371559143066,20,1,[8],"[""cart_into_aisle""]",1,2,"[""FORBID at(6, 2) \u2227 hasCart"", ""FORBID W""]"
aisle,violation,0.1,12,2572725502,mlci,0.4,0.0,0.4,0.0,0.0,,,,,,,,1,,,4.377067565917969,20,2,"[7, 8]","[""cart_into_aisle"", ""cart_into_aisle""]",2,1,"[""FORBID W""]"
aisle,violation,0.2,12,2572725502,mlci,0.4,0.0,0.4,0.0,0.0,,,,,,,,1,,,5.613417863845825,20,4,"[2, 7, 8, 17]","[""cart_into_aisle"", ""cart_into_aisle"", ""cart_into_aisle"", ""cart_into_aisle""]",4,1,"[""FORBID W""]"
aisle,violation,0.3,12,2572725502,mlci,0.4,0.0,0.4,0.0,0.0,,,,,,,,1,,,7.535153150558472,20,6,"[2, 7, 8, 15, 17, 18]","[""cart_into_aisle"", ""cart_into_aisle"", ""cart_into_aisle"", ""cart_into_aisle"", ""cart_into_aisle"", ""cart_into_aisle""]",6,1,"[""FORBID W""]"
aisle,none,0.0,13,3764384168,full,0.5,0.0,0.4,0.0,0.0,H_null,False,False,,1.0000000000000115,0,[],1,1,-1.1546319456101694e-14,0.07543706893920898,20,0,[],[],0,,
aisle,behavioural,0.05,13,3764384168,full,0.7,0.5714285714285715,0.4,1.0,0.4,S_memorised,False,False,0.2649313428453703,0.46901996052803935,1,[7],6,6,1.062145214600193,0.15370416641235352,20,1,[7],[],0,,
aisle,behavioural,0.1,13,3764384168,full,0.7,0.5714285714285715,0.4,1.0,0.4,S_memorised,False,False,0.26503211038582875,0.4691983538707986,2,"[7, 9]",6,11,1.0591741871248204,0.14020514488220215,20,2,"[7, 9]",[],0,,
aisle,behavioural,0.2,13,3764384168,full,0.7,0.5714285714285715,0.4,1.0,0.4,S_memorised,False,False,0.26503212212059896,0.46919837464541575,3,"[7, 9, 14]",6,16,1.059173449235198,0.12802743911743164,20,4,"[7, 9, 12, 14]",[],0,,
aisle,behavioural,0.3,13,3764384168,full,0.7,0.5714285714285715,0.4,1.0,0.4,S_memorised,False,False,0.2650321227241908,0.46919837571398126,4,"[7, 9, 13, 14]",6,21,1.0591734042608258,0.14433765411376953,20,6,"[1, 7, 9, 12, 13, 14]",[],0,,
aisle,violation,0.05,13,3764384168,full,0.5,0.0,0.4,0.0,0.0,H_null,False,False,,1.0000000000000115,0,[],1,1,-1.1546319456101694e-14,0.06501603126525879,20,1,[7],"[""cart_into_aisle""]",1,,
aisle,violation,0.1,13,3764384168,full,0.5,0.0,0.4,0.0,0.0,H_null,False,False,,1.0000000000000115,0,[],1,1,-1.1546319456101694e-14,0.06233978271484375,20,2,"[7, 9]","[""cart_into_aisle"", ""cart_into_aisle""]",2,,
aisle,violation,0.2,13,3764384168,full,0.5,0.0,0.4,0.0,0.0,H_null,False,False,,1.0000000000000115,0,[],1,1,-1.1546319456101694e-14,0.07742023468017578,20,4,"[7, 9, 12, 14]","[""cart_into_aisle"", ""cart_into_aisle"", ""cart_into_aisle"", ""cart_into_aisle""]",4,,
aisle,violation,0.3,13,3764384168,full,0.5,0.0,0.4,0.0,0.0,H_null,False,False,,1.0000000000000115,0,[],1,1,-1.1546319456101694e-14,0.08753061294555664,20,6,"[1, 7, 9, 12, 13, 14]","[""cart_into_aisle"", ""cart_into_aisle"", ""cart_into_aisle"", ""cart_into_aisle"", ""cart_into_aisle"", ""cart_into_aisle""]",6,,
aisle,none,0.0,13,3764384168,fixed,0.5,0.0,0.4,0.0,0.0,H_null,False,False,,1.0000000000000115,0,[],1,1,-1.1546319456101694e-14,0.0772247314453125,20,0,[],[],0,,
aisle,behavioural,0.05,13,3764384168,fixed,0.5,0.0,0.4,0.0,0.0,H_null,False,False,,1.0000000000000115,0,[],1,1,-1.1546319456101694e-14,0.06483101844787598,20,1,[7],[],0,,
aisle,behavioural,0.1,13,3764384168,fixed,0.5,0.0,0.4,0.0,0.0,H_null,False,False,,1.0000000000000115,0,[],1,1,-1.1546319456101694e-14,0.02708125114440918,20,2,"[7, 9]",[],0,,
aisle,behavioural,0.2,13,3764384168,fixed,0.5,0.0,0.4,0.0,0.0,H_null,False,False,,1.0000000000000115,0,[],1,1,-1.1546319456101694e-14,0.06798720359802246,20,4,"[7, 9, 12, 14]",[],0,,
aisle,behavioural,0.3,13,3764384168,fixed,0.5,0.0,0.4,0.0,0.0,H_null,False,False,,1.0000000000000115,0,[],1,1,-1.1546319456101694e-14,0.08274960517883301,20,6,"[1, 7, 9, 12, 13, 14]",[],0,,
aisle,violation,0.05,13,3764384168,fixed,0.5,0.0,0.4,0.0,0.0,H_null,False,False,,1.0000000000000115,0,[],1,1,-1.1546319456101694e-14,0.09261894226074219,20,1,[7],"[""cart_into_aisle""]",1,,
aisle,violation,0.1,13,3764384168,fixed,0.5,0.0,0.4,0.0,0.0,H_null,False,False,,1.0000000000000115,0,[],1,1,-1.1546319456101694e-14,0.06378936767578125,20,2,"[7, 9]","[""cart_into_aisle"", ""cart_into_aisle""]",2,,
aisle,violation,0.2,13,3764384168,fixed,0.5,0.0,0.4,0.0,0.0,H_null,False,False,,1.0000000000000115,0,[],1,1,-1.1546319456101694e-14,0.07753109931945801,20,4,"[7, 9, 12, 14]","[""cart_into_aisle"", ""cart_into_aisle"", ""cart_into_aisle"", ""cart_into_aisle""]",4,,
aisle,violation,0.3,13,3764384168,fixed,0.5,0.0,0.4,0.0,0.0,H_null,False,False,,1.0000000000000115,0,[],1,1,-1.1546319456101694e-14,0.07598066329956055,20,6,"[1, 7, 9, 12, 13, 14]","[""cart_into_aisle"", ""cart_into_aisle"", ""cart_into_aisle"", ""cart_into_aisle"", ""cart_into_aisle"", ""cart_into_aisle""]",6,,
aisle,none,0.0,13,3764384168,oracle,1.0,1.0,1.0,1.0,1.0,S_corridor,False,True,0.4912328511693041,0.4925993620666402,0,[],5,5,0.7646663434339204,0.18559050559997559,20,0,[],[],0,,
aisle,behavioural,0.05,13,3764384168,oracle,1.0,1.0,1.0,1.0,1.0,S_corridor,False,True,0.49894783824422023,0.500335810682451,0,[],5,5,0.6985550533752025,0.07422614097595215,20,1,[7],[],0,,
aisle,behavioural,0.1,13,3764384168,oracle,1.0,1.0,1.0,1.0,1.0,S_corridor,False,True,0.49930536636151207,0.5006943333709901,0,[],5,5,0.693150999114231,0.1537938117980957,20,2,"[7, 9]",[],0,,
aisle,behavioural,0.2,13,3764384168,oracle,1.0,1.0,1.0,1.0,1.0,S_corridor,False,True,0.4993054080110497,0.5006943751364058,0,[],5,5,0.6931496312727318,0.15177583694458008,20,4,"[7, 9, 12, 14]",[],0,,
aisle,behavioural,0.3,13,3764384168,oracle,1.0,1.0,1.0,1.0,1.0,S_corridor,False,True,0.4993054101533389,0.5006943772846285,0,[],5,5,0.693149547690636,0.17022156715393066,20,6,"[1, 7, 9, 12, 13, 14]",[],0,,
aisle,violation,0.05,13,3764384168,oracle,0.5,0.6666666666666666,0.6,0.5,1.0,S_nearShelf,False,False,0.006416283579253637,0.9871392174974756,0,[],5,5,0.07777339504430444,0.16066455841064453,20,1,[7],"[""cart_into_aisle""]",1,,
aisle,violation,0.1,13,3764384168,oracle,0.5,0.6666666666666666,0.6,0.5,1.0,S_nearShelf,False,False,3.447736723133369e-05,0.9999276837105324,0,[],5,5,0.0008230049751090676,0.16541099548339844,20,2,"[7, 9]","[""cart_into_aisle"", ""cart_into_aisle""]",2,,
aisle,violation,0.2,13,3764384168,oracle,0.5,0.6666666666666666,0.6,0.5,1.0,S_nearShelf,False,False,2.416564549553916e-06,0.9999931263095907,0,[],5,5,9.611668285474791e-05,0.07782459259033203,20,4,"[7, 9, 12, 14]","[""cart_into_aisle"", ""cart_into_aisle"", ""cart_into_aisle"", ""cart_into_aisle""]",4,,
aisle,violation,0.3,13,3764384168,oracle,0.5,0.6666666666666666,0.6,0.5,1.0,S_nearShelf,False,False,8.44813215340245e-05,0.9996369084946026,0,[],5,5,0.0036070760909320027,0.16240382194519043,20,6,"[1, 7, 9, 12, 13, 14]","[""cart_into_aisle"", ""cart_into_aisle"", ""cart_into_aisle"", ""cart_into_aisle"", ""cart_into_aisle"", ""cart_into_aisle""]",6,,
aisle,none,0.0,13,3764384168,mlci,0.6,0.5,0.4,0.6666666666666666,0.4,,,,,,,,3,,,15.316805124282837,20,0,[],[],0,3,"[""FORBID at(3, 2) \u2227 hasCart"", ""FORBID at(6, 2) \u2227 hasCart"", ""FORBID W""]"
aisle,behavioural,0.05,13,3764384168,mlci,0.7,0.5714285714285715,0.4,1.0,0.4,,,,,,,,2,,,11.438097715377808,20,1,[7],[],0,2,"[""FORBID at(3, 2) \u2227 hasCart"", ""FORBID at(6, 2) \u2227 hasCart""]"
aisle,behavioural,0.1,13,3764384168,mlci,0.7,0.5714285714285715,0.4,1.0,0.4,,,,,,,,2,,,10.046909093856812,20,2,"[7, 9]",[],0,2,"[""FORBID at(3, 2) \u2227 hasCart"", ""FORBID at(6, 2) \u2227 hasCart""]"
aisle,behavioural,0.2,13,3764384168,mlci,0.7,0.5714285714285715,0.4,1.0,0.4,,,,,,,,2,,,12.238293170928955,20,4,"[7, 9, 12, 14]",[],0,2,"[""FORBID at(3, 2) \u2227 hasCart"", ""FORBID at(6, 2) \u2227 hasCart""]"
aisle,behavioural,0.3,13,3764384168,mlci,0.7,0.5714285714285715,0.4,1.0,0.4,,,,,,,,2,,,11.281723737716675,20,6,"[1, 7, 9, 12, 13, 14]",[],0,2,"[""FORBID at(3, 2) \u2227 hasCart"", ""FORBID at(6, 2) \u2227 hasCart""]"
aisle,violation,0.05,13,3764384168,mlci,0.5,0.28571428571428575,0.4,0.5,0.2,,,,,,,,2,,,11.615119457244873,20,1,[7],"[""cart_into_aisle""]",1,2,"[""FORBID at(3, 2) \u2227 hasCart"", ""FORBID W""]"
aisle,violation,0.1,13,3764384168,mlci,0.4,0.0,0.4,0.0,0.0,,,,,,,,1,,,7.035553693771362,20,2,"[7, 9]","[""cart_into_aisle"", ""cart_into_aisle""]",2,1,"[""FORBID W""]"
aisle,violation,0.2,13,3764384168,mlci,0.4,0.0,0.4,0.0,0.0,,,,,,,,1,,,7.25286865234375,20,4,"[7, 9, 12, 14]","[""cart_into_aisle"", ""cart_into_aisle"", ""cart_into_aisle"", ""cart_into_aisle""]",4,1,"[""FORBID W""]"
aisle,violation,0.3,13,3764384168,mlci,0.4,0.0,0.4,0.0,0.0,,,,,,,,1,,,7.621427536010742,20,6,"[1, 7, 9, 12, 13, 14]","[""cart_into_aisle"", ""cart_into_aisle"", ""cart_into_aisle"", ""cart_into_aisle"", ""cart_into_aisle"", ""cart_into_aisle""]",6,1,"[""FORBID W""]"
aisle,none,0.0,14,95571630,full,0.7,0.5714285714285715,0.4,1.0,0.4,S_memorised,False,False,0.2644776685817388,0.4659207137027807,12,"[3, 7, 8, 9, 11, 12, 13, 14, 16, 17, 19, 20]",6,61,1.0817777925933387,0.1697237491607666,20,0,[],[],0,,
aisle,behavioural,0.05,14,95571630,full,0.7,0.5714285714285715,0.4,1.0,0.4,S_memorised,False,False,0.26518653903843753,0.4671695050690948,13,"[3, 7, 8, 9, 11, 12, 13, 14, 15, 16, 17, 19, 20]",6,66,1.068661769120204,0.1640939712524414,20,1,[15],[],0,,
aisle,behavioural,0.1,14,95571630,full,0.7,0.5714285714285715,0.4,1.0,0.4,S_memorised,False,False,0.26518653903842976,0.4671695050690882,13,"[3, 7, 8, 9, 11, 12, 13, 14, 15, 16, 17, 19, 20]",6,66,1.0686617691202038,0.21773266792297363,20,2,"[1, 15]",[],0,,
aisle,behavioural,0.2,14,95571630,full,0.7,0.5714285714285715,0.4,1.0,0.4,S_memorised,False,False,0.28887451485473586,0.4166543604592359,13,"[3, 7, 8, 9, 11, 12, 13, 14, 15, 16, 17, 19, 20]",6,66,1.1062081509642485,0.0857079029083252,20,4,"[1, 3, 15, 16]",[],0,,
aisle,behavioural,0.3,14,95571630,full,0.5,0.0,0.4,0.0,0.0,H_null,False,False,,1.0000000000000115,0,[],1,1,-1.1546319456101694e-14,0.05650758743286133,20,6,"[1, 2, 3, 7, 15, 16]",[],0,,
aisle,violation,0.05,14,95571630,full,0.5,0.6666666666666666,0.6,0.5,1.0,S_nearShelf,False,False,0.015391955229446771,0.942024497609507,13,"[3, 7, 8, 9, 11, 12, 13, 14, 15, 16, 17, 19, 20]",7,66,0.2829348036708611,0.21982479095458984,20,1,[15],"[""cart_into_aisle""]",1,,
aisle,violation,0.1,14,95571630,full,0.5,0.6666666666666666,0.6,0.5,1.0,S_nearShelf,False,False,0.004903170430289612,0.9900198548104839,13,"[3, 7, 8, 9, 11, 12, 13, 14, 15, 16, 17, 19, 20]",6,61,0.06351781435747361,0.17189502716064453,20,2,"[1, 15]","[""cart_into_aisle"", ""cart_into_aisle""]",2,,
aisle,violation,0.2,14,95571630,full,0.5,0.6666666666666666,0.6,0.5,1.0,S_nearShelf,False,False,0.00010736481254221096,0.9997380254463235,13,"[3, 7, 8, 9, 11, 12, 13, 14, 15, 16, 17, 19, 20]",5,53,0.002694738465081771,0.13800930976867676,20,4,"[1, 3, 15, 16]","[""cart_into_aisle"", ""cart_into_aisle"", ""cart_into_aisle"", ""cart_into_aisle""]",4,,
aisle,violation,0.3,14,95571630,full,0.5,0.6666666666666666,0.6,0.5,1.0,S_nearShelf,False,False,4.342121319214699e-05,0.9998723950939918,1,[8],5,5,0.001411899877890102,0.064208984375,20,6,"[1, 2, 3, 7, 15, 16]","[""cart_into_aisle"", ""cart_into_aisle"", ""cart_into_aisle"", ""cart_into_aisle"", ""cart_into_aisle"", ""cart_into_aisle""]",6,,
aisle,none,0.0,14,95571630,fixed,0.5,0.0,0.4,0.0,0.0,H_null,False,False,,1.0000000000000115,0,[],1,1,-1.1546319456101694e-14,0.03373003005981445,20,0,[],[],0,,
aisle,behavioural,0.05,14,95571630,fixed,0.5,0.0,0.4,0.0,0.0,H_null,False,False,,1.0000000000000115,0,[],1,1,-1.1546319456101694e-14,0.059976816177368164,20,1,[15],[],0,,
aisle,behavioural,0.1,14,95571630,fixed,0.5,0.0,0.4,0.0,0.0,H_null,False,False,,1.0000000000000115,0,[],1,1,-1.1546319456101694e-14,0.059343814849853516,20,2,"[1, 15]",[],0,,
aisle,behavioural,0.2,14,95571630,fixed,0.5,0.0,0.4,0.0,0.0,H_null,False,False,,1.0000000000000115,0,[],1,1,-1.1546319456101694e-14,0.028905630111694336,20,4,"[1, 3, 15, 16]",[],0,,
aisle,behavioural,0.3,14,95571630,fixed,0.5,0.0,0.4,0.0,0.0,H_null,False,False,,1.0000000000000115,0,[],1,1,-1.1546319456101694e-14,0.03533434867858887,20,6,"[1, 2, 3, 7, 15, 16]",[],0,,
aisle,violation,0.05,14,95571630,fixed,0.5,0.0,0.4,0.0,0.0,H_null,False,False,,1.0000000000000115,0,[],1,1,-1.1546319456101694e-14,0.07572746276855469,20,1,[15],"[""cart_into_aisle""]",1,,
aisle,violation,0.1,14,95571630,fixed,0.5,0.0,0.4,0.0,0.0,H_null,False,False,,1.0000000000000115,0,[],1,1,-1.1546319456101694e-14,0.05440044403076172,20,2,"[1, 15]","[""cart_into_aisle"", ""cart_into_aisle""]",2,,
aisle,violation,0.2,14,95571630,fixed,0.5,0.0,0.4,0.0,0.0,H_null,False,False,,1.0000000000000115,0,[],1,1,-1.1546319456101694e-14,0.031000137329101562,20,4,"[1, 3, 15, 16]","[""cart_into_aisle"", ""cart_into_aisle"", ""cart_into_aisle"", ""cart_into_aisle""]",4,,
aisle,violation,0.3,14,95571630,fixed,0.5,0.0,0.4,0.0,0.0,H_null,False,False,,1.0000000000000115,0,[],1,1,-1.1546319456101694e-14,0.028119802474975586,20,6,"[1, 2, 3, 7, 15, 16]","[""cart_into_aisle"", ""cart_into_aisle"", ""cart_into_aisle"", ""cart_into_aisle"", ""cart_into_aisle"", ""cart_into_aisle""]",6,,
aisle,none,0.0,14,95571630,oracle,1.0,1.0,1.0,1.0,1.0,S_corridor,False,True,0.4952030070579375,0.49732065818549753,0,[],5,5,0.7320171730735204,0.07382845878601074,20,0,[],[],0,,
aisle,behavioural,0.05,14,95571630,oracle,1.0,1.0,1.0,1.0,1.0,S_corridor,False,True,0.4976939975494759,0.499822300972656,0,[],5,5,0.7088029431779701,0.1410048007965088,20,1,[15],[],0,,
aisle,behavioural,0.1,14,95571630,oracle,1.0,1.0,1.0,1.0,1.0,S_corridor,False,True,0.49769399754947546,0.49982230097267244,0,[],5,5,0.7088029431779661,0.13201212882995605,20,2,"[1, 15]",[],0,,
aisle,behavioural,0.2,14,95571630,oracle,1.0,1.0,1.0,1.0,1.0,S_corridor,False,True,0.4952030070579375,0.49732065818549837,0,[],5,5,0.7320171730735181,0.12536263465881348,20,4,"[1, 3, 15, 16]",[],0,,
aisle,behavioural,0.3,14,95571630,oracle,1.0,1.0,1.0,1.0,1.0,S_corridor,False,True,0.49849551568111566,0.5006272466597477,0,[],5,5,0.6995899127452148,0.1305694580078125,20,6,"[1, 2, 3, 7, 15, 16]",[],0,,
aisle,violation,0.05,14,95571630,oracle,0.5,0.6666666666666666,0.6,0.5,1.0,S_nearShelf,False,False,0.0158209677915765,0.9682810931676369,0,[],5,5,0.16277671459050885,0.07332682609558105,20,1,[15],"[""cart_into_aisle""]",1,,
aisle,violation,0.1,14,95571630,oracle,0.5,0.6666666666666666,0.6,0.5,1.0,S_nearShelf,False,False,0.004903170438230423,0.9900198564138467,0,[],5,5,0.06351778005942661,0.1727592945098877,20,2,"[1, 15]","[""cart_into_aisle"", ""cart_into_aisle""]",2,,
aisle,violation,0.2,14,95571630,oracle,0.5,0.6666666666666666,0.6,0.5,1.0,S_nearShelf,False,False,0.00010736481254221096,0.9997380254463235,0,[],5,5,0.002694738465081771,0.18335437774658203,20,4,"[1, 3, 15, 16]","[""cart_into_aisle"", ""cart_into_aisle"", ""cart_into_aisle"", ""cart_into_aisle""]",4,,
aisle,violation,0.3,14,95571630,oracle,0.5,0.6666666666666666,0.6,0.5,1.0,S_nearShelf,False,False,4.342121319214699e-05,0.9998723950939918,0,[],5,5,0.001411899877890102,0.16183876991271973,20,6,"[1, 2, 3, 7, 15, 16]","[""cart_into_aisle"", ""cart_into_aisle"", ""cart_into_aisle"", ""cart_into_aisle"", ""cart_into_aisle"", ""cart_into_aisle""]",6,,
aisle,none,0.0,14,95571630,mlci,0.6,0.5,0.4,0.6666666666666666,0.4,,,,,,,,3,,,14.252234697341919,20,0,[],[],0,3,"[""FORBID at(6, 2) \u2227 hasCart"", ""FORBID at(3, 2) \u2227 hasCart"", ""FORBID W""]"
aisle,behavioural,0.05,14,95571630,mlci,0.7,0.5714285714285715,0.4,1.0,0.4,,,,,,,,2,,,12.825048923492432,20,1,[15],[],0,2,"[""FORBID at(6, 2) \u2227 hasCart"", ""FORBID at(3, 2) \u2227 hasCart""]"
aisle,behavioural,0.1,14,95571630,mlci,0.7,0.5714285714285715,0.4,1.0,0.4,,,,,,,,2,,,11.976255178451538,20,2,"[1, 15]",[],0,2,"[""FORBID at(6, 2) \u2227 hasCart"", ""FORBID at(3, 2) \u2227 hasCart""]"
aisle,behavioural,0.2,14,95571630,mlci,0.7,0.5714285714285715,0.4,1.0,0.4,,,,,,,,2,,,9.019586086273193,20,4,"[1, 3, 15, 16]",[],0,2,"[""FORBID at(6, 2) \u2227 hasCart"", ""FORBID at(3, 2) \u2227 hasCart""]"
aisle,behavioural,0.3,14,95571630,mlci,0.7,0.5714285714285715,0.4,1.0,0.4,,,,,,,,2,,,12.830981492996216,20,6,"[1, 2, 3, 7, 15, 16]",[],0,2,"[""FORBID at(6, 2) \u2227 hasCart"", ""FORBID at(3, 2) \u2227 hasCart""]"
aisle,violation,0.05,14,95571630,mlci,0.5,0.28571428571428575,0.4,0.5,0.2,,,,,,,,2,,,11.762285470962524,20,1,[15],"[""cart_into_aisle""]",1,2,"[""FORBID at(3, 2) \u2227 hasCart"", ""FORBID W""]"
aisle,violation,0.1,14,95571630,mlci,0.4,0.0,0.4,0.0,0.0,,,,,,,,1,,,7.0552332401275635,20,2,"[1, 15]","[""cart_into_aisle"", ""cart_into_aisle""]",2,1,"[""FORBID W""]"
aisle,violation,0.2,14,95571630,mlci,0.4,0.0,0.4,0.0,0.0,,,,,,,,1,,,7.226250171661377,20,4,"[1, 3, 15, 16]","[""cart_into_aisle"", ""cart_into_aisle"", ""cart_into_aisle"", ""cart_into_aisle""]",4,1,"[""FORBID W""]"
aisle,violation,0.3,14,95571630,mlci,0.4,0.0,0.4,0.0,0.0,,,,,,,,1,,,6.950870752334595,20,6,"[1, 2, 3, 7, 15, 16]","[""cart_into_aisle"", ""cart_into_aisle"", ""cart_into_aisle"", ""cart_into_aisle"", ""cart_into_aisle"", ""cart_into_aisle""]",6,1,"[""FORBID W""]"
aisle,none,0.0,15,706308183,full,0.6,0.33333333333333337,0.4,1.0,0.2,B0_cells,False,False,,0.981499055315021,0,[],4,4,0.10462845112856138,0.11821937561035156,20,0,[],[],0,,
aisle,behavioural,0.05,15,706308183,full,0.7,0.5714285714285715,0.4,1.0,0.4,S_memorised,False,False,0.26580361524706086,0.4672062939757313,1,[6],9,9,1.0602982105832137,0.18259501457214355,20,1,[6],[],0,,
aisle,behavioural,0.1,15,706308183,full,0.7,0.5714285714285715,0.4,1.0,0.4,S_memorised,False,False,0.26580361524706086,0.4672062939757313,2,"[6, 15]",9,14,1.0602982105832137,0.19948697090148926,20,2,"[6, 15]",[],0,,
aisle,behavioural,0.2,15,706308183,full,0.6,0.33333333333333337,0.4,1.0,0.2,B0_cells,False,False,,0.9814990553150481,0,[],4,4,0.10462845112853243,0.12076878547668457,20,4,"[2, 6, 9, 15]",[],0,,
aisle,behavioural,0.3,15,706308183,full,0.6,0.33333333333333337,0.4,1.0,0.2,B0_cells,False,False,,0.9814990553150411,0,[],4,4,0.10462845112854074,0.1216585636138916,20,6,"[2, 6, 7, 9, 12, 15]",[],0,,
aisle,violation,0.05,15,706308183,full,0.6,0.33333333333333337,0.4,1.0,0.2,B0_cells,False,False,,0.9815355329678731,0,[],4,4,0.10445887337051435,0.12749147415161133,20,1,[6],"[""cart_into_aisle""]",1,,
aisle,violation,0.1,15,706308183,full,0.6,0.33333333333333337,0.4,1.0,0.2,B0_cells,False,False,,0.893754268089684,0,[],4,4,0.4109024590643925,0.12860846519470215,20,2,"[6, 15]","[""cart_into_aisle"", ""cart_into_aisle""]",2,,
aisle,violation,0.2,15,706308183,full,1.0,1.0,1.0,1.0,1.0,S_corridor,False,True,0.4258758591237792,0.4271050461506415,2,"[3, 4]",8,14,1.1080396473762166,0.2907905578613281,20,4,"[2, 6, 9, 15]","[""cart_into_aisle"", ""cart_into_aisle"", ""cart_into_aisle"", ""cart_into_aisle""]",4,,
aisle,violation,0.3,15,706308183,full,1.0,1.0,1.0,1.0,1.0,S_corridor,False,True,0.3581274394467657,0.3591805211059446,2,"[3, 4]",8,14,1.2838096947310693,0.2011878490447998,20,6,"[2, 6, 7, 9, 12, 15]","[""cart_into_aisle"", ""cart_into_aisle"", ""cart_into_aisle"", ""cart_into_aisle"", ""cart_into_aisle"", ""cart_into_aisle""]",6,,
aisle,none,0.0,15,706308183,fixed,0.6,0.33333333333333337,0.4,1.0,0.2,B0_cells,False,False,,0.981499055315021,0,[],4,4,0.10462845112856138,0.16017818450927734,20,0,[],[],0,,
aisle,behavioural,0.05,15,706308183,fixed,0.6,0.33333333333333337,0.4,1.0,0.2,B0_cells,False,False,,0.9814990553150158,0,[],4,4,0.10462845112856387,0.12911462783813477,20,1,[6],[],0,,
aisle,behavioural,0.1,15,706308183,fixed,0.6,0.33333333333333337,0.4,1.0,0.2,B0_cells,False,False,,0.9814990553150271,0,[],4,4,0.10462845112855285,0.13994359970092773,20,2,"[6, 15]",[],0,,
aisle,behavioural,0.2,15,706308183,fixed,0.6,0.33333333333333337,0.4,1.0,0.2,B0_cells,False,False,,0.9814990553150481,0,[],4,4,0.10462845112853243,0.21460700035095215,20,4,"[2, 6, 9, 15]",[],0,,
aisle,behavioural,0.3,15,706308183,fixed,0.6,0.33333333333333337,0.4,1.0,0.2,B0_cells,False,False,,0.9814990553150411,0,[],4,4,0.10462845112854074,0.14185571670532227,20,6,"[2, 6, 7, 9, 12, 15]",[],0,,
aisle,violation,0.05,15,706308183,fixed,0.6,0.33333333333333337,0.4,1.0,0.2,B0_cells,False,False,,0.9815355329678731,0,[],4,4,0.10445887337051435,0.13914036750793457,20,1,[6],"[""cart_into_aisle""]",1,,
aisle,violation,0.1,15,706308183,fixed,0.6,0.33333333333333337,0.4,1.0,0.2,B0_cells,False,False,,0.893754268089684,0,[],4,4,0.4109024590643925,0.10951614379882812,20,2,"[6, 15]","[""cart_into_aisle"", ""cart_into_aisle""]",2,,
aisle,violation,0.2,15,706308183,fixed,0.6,0.33333333333333337,0.4,1.0,0.2,B0_cells,False,False,,0.8937541759824725,0,[],4,4,0.4109027177328639,0.12522172927856445,20,4,"[2, 6, 9, 15]","[""cart_into_aisle"", ""cart_into_aisle"", ""cart_into_aisle"", ""cart_into_aisle""]",4,,
aisle,violation,0.3,15,706308183,fixed,0.6,0.33333333333333337,0.4,1.0,0.2,B0_cells,False,False,,0.9285094591371744,0,[],4,4,0.3070303203121889,0.12412309646606445,20,6,"[2, 6, 7, 9, 12, 15]","[""cart_into_aisle"", ""cart_into_aisle"", ""cart_into_aisle"", ""cart_into_aisle"", ""cart_into_aisle"", ""cart_into_aisle""]",6,,
aisle,none,0.0,15,706308183,oracle,1.0,1.0,1.0,1.0,1.0,S_corridor,False,True,0.4988865164116582,0.5011133796228993,0,[],8,9,0.6931464682336836,0.16944670677185059,20,0,[],[],0,,
aisle,behavioural,0.05,15,706308183,oracle,1.0,1.0,1.0,1.0,1.0,S_corridor,False,True,0.49888655260306786,0.5011134159758384,0,[],8,9,0.6931452546732476,0.22108817100524902,20,1,[6],[],0,,
aisle,behavioural,0.1,15,706308183,oracle,1.0,1.0,1.0,1.0,1.0,S_corridor,False,True,0.49888655260306786,0.5011134159758384,0,[],8,9,0.6931452546732476,0.18810653686523438,20,2,"[6, 15]",[],0,,
aisle,behavioural,0.2,15,706308183,oracle,1.0,1.0,1.0,1.0,1.0,S_corridor,False,True,0.4988865526930154,0.5011134160661785,0,[],8,9,0.6931452505734698,0.20059585571289062,20,4,"[2, 6, 9, 15]",[],0,,
aisle,behavioural,0.3,15,706308183,oracle,1.0,1.0,1.0,1.0,1.0,S_corridor,False,True,0.49888655269298837,0.5011134160661754,0,[],8,9,0.6931452505734164,0.15703344345092773,20,6,"[2, 6, 7, 9, 12, 15]",[],0,,
aisle,violation,0.05,15,706308183,oracle,1.0,1.0,1.0,1.0,1.0,S_corridor,False,True,0.498876370344472,0.5009683548369046,0,[],8,9,0.6946553636524104,0.07674884796142578,20,1,[6],"[""cart_into_aisle""]",1,,
aisle,violation,0.1,15,706308183,oracle,1.0,1.0,1.0,1.0,1.0,S_corridor,False,True,0.4956364392970632,0.4977191809840624,0,[],8,9,0.7323114497593454,0.1056978702545166,20,2,"[6, 15]","[""cart_into_aisle"", ""cart_into_aisle""]",2,,
aisle,violation,0.2,15,706308183,oracle,1.0,1.0,1.0,1.0,1.0,S_corridor,False,True,0.4258758591237792,0.4271050461506415,0,[],8,9,1.1080396473762166,0.17221283912658691,20,4,"[2, 6, 9, 15]","[""cart_into_aisle"", ""cart_into_aisle"", ""cart_into_aisle"", ""cart_into_aisle""]",4,,
aisle,violation,0.3,15,706308183,oracle,1.0,1.0,1.0,1.0,1.0,S_corridor,False,True,0.3581274394467657,0.3591805211059446,0,[],8,9,1.2838096947310693,0.15609383583068848,20,6,"[2, 6, 7, 9, 12, 15]","[""cart_into_aisle"", ""cart_into_aisle"", ""cart_into_aisle"", ""cart_into_aisle"", ""cart_into_aisle"", ""cart_into_aisle""]",6,,
aisle,none,0.0,15,706308183,mlci,0.6,0.5,0.4,0.6666666666666666,0.4,,,,,,,,3,,,13.986241340637207,20,0,[],[],0,3,"[""FORBID at(6, 2) \u2227 hasCart"", ""FORBID at(3, 2) \u2227 hasCart"", ""FORBID W""]"
aisle,behavioural,0.05,15,706308183,mlci,0.7,0.5714285714285715,0.4,1.0,0.4,,,,,,,,2,,,10.000369787216187,20,1,[6],[],0,2,"[""FORBID at(6, 2) \u2227 hasCart"", ""FORBID at(3, 2) \u2227 hasCart""]"
aisle,behavioural,0.1,15,706308183,mlci,0.7,0.5714285714285715,0.4,1.0,0.4,,,,,,,,2,,,9.204043865203857,20,2,"[6, 15]",[],0,2,"[""FORBID at(6, 2) \u2227 hasCart"", ""FORBID at(3, 2) \u2227 hasCart""]"
aisle,behavioural,0.2,15,706308183,mlci,0.7,0.5714285714285715,0.4,1.0,0.4,,,,,,,,2,,,9.946198463439941,20,4,"[2, 6, 9, 15]",[],0,2,"[""FORBID at(6, 2) \u2227 hasCart"", ""FORBID at(3, 2) \u2227 hasCart""]"
aisle,behavioural,0.3,15,706308183,mlci,0.7,0.5714285714285715,0.4,1.0,0.4,,,,,,,,2,,,10.020135641098022,20,6,"[2, 6, 7, 9, 12, 15]",[],0,2,"[""FORBID at(6, 2) \u2227 hasCart"", ""FORBID at(3, 2) \u2227 hasCart""]"
aisle,violation,0.05,15,706308183,mlci,0.5,0.28571428571428575,0.4,0.5,0.2,,,,,,,,2,,,8.699427604675293,20,1,[6],"[""cart_into_aisle""]",1,2,"[""FORBID at(3, 2) \u2227 hasCart"", ""FORBID W""]"
aisle,violation,0.1,15,706308183,mlci,0.4,0.0,0.4,0.0,0.0,,,,,,,,1,,,6.331935405731201,20,2,"[6, 15]","[""cart_into_aisle"", ""cart_into_aisle""]",2,1,"[""FORBID W""]"
aisle,violation,0.2,15,706308183,mlci,0.4,0.0,0.4,0.0,0.0,,,,,,,,1,,,6.546350955963135,20,4,"[2, 6, 9, 15]","[""cart_into_aisle"", ""cart_into_aisle"", ""cart_into_aisle"", ""cart_into_aisle""]",4,1,"[""FORBID W""]"
aisle,violation,0.3,15,706308183,mlci,0.4,0.0,0.4,0.0,0.0,,,,,,,,1,,,6.909468412399292,20,6,"[2, 6, 7, 9, 12, 15]","[""cart_into_aisle"", ""cart_into_aisle"", ""cart_into_aisle"", ""cart_into_aisle"", ""cart_into_aisle"", ""cart_into_aisle""]",6,1,"[""FORBID W""]"
aisle,none,0.0,16,892609474,full,0.7,0.5714285714285715,0.4,1.0,0.4,S_memorised,False,False,0.26048213956804983,0.4608924476777374,1,[5],9,9,1.12805872307773,0.16785717010498047,20,0,[],[],0,,
aisle,behavioural,0.05,16,892609474,full,0.7,0.5714285714285715,0.4,1.0,0.4,S_memorised,False,False,0.2649610560092751,0.4688173624721397,2,"[5, 20]",9,14,1.0618272111598044,0.17786812782287598,20,1,[20],[],0,,
aisle,behavioural,0.1,16,892609474,full,0.7,0.5714285714285715,0.4,1.0,0.4,S_memorised,False,False,0.26501385264631644,0.4689107798992046,3,"[5, 9, 20]",9,19,1.0603489464093163,0.22657418251037598,20,2,"[9, 20]",[],0,,
aisle,behavioural,0.2,16,892609474,full,0.7,0.5714285714285715,0.4,1.0,0.4,S_memorised,False,False,0.19151194237792685,0.3388578120114141,5,"[5, 9, 10, 18, 20]",10,29,1.3559344477171904,0.11878824234008789,20,4,"[9, 10, 18, 20]",[],0,,
aisle,behavioural,0.3,16,892609474,full,0.7,0.5714285714285715,0.4,1.0,0.4,S_memorised,False,False,0.2650443715680897,0.46896477953455973,2,"[5, 10]",9,14,1.059316168194571,0.18493199348449707,20,6,"[2, 5, 9, 10, 18, 20]",[],0,,
aisle,violation,0.05,16,892609474,full,0.5,0.6666666666666666,0.6,0.5,1.0,S_nearShelf,False,False,0.0004902912713386629,0.9981392205397178,2,"[5, 20]",9,13,0.015602527586910218,0.09807682037353516,20,1,[20],"[""cart_into_aisle""]",1,,
aisle,violation,0.1,16,892609474,full,0.5,0.6666666666666666,0.6,0.5,1.0,S_nearShelf,False,False,0.00017198891281422358,0.9993101581117362,2,"[5, 9]",10,14,0.006576866385538602,0.2068922519683838,20,2,"[9, 20]","[""cart_into_aisle"", ""cart_into_aisle""]",2,,
aisle,violation,0.2,16,892609474,full,0.5,0.6666666666666666,0.6,0.5,1.0,S_nearShelf,False,False,6.266893832192305e-05,0.9997404266085406,2,"[5, 9]",10,14,0.0027404674350156384,0.18799376487731934,20,4,"[9, 10, 18, 20]","[""cart_into_aisle"", ""cart_into_aisle"", ""cart_into_aisle"", ""cart_into_aisle""]",4,,
aisle,violation,0.3,16,892609474,full,0.6,0.33333333333333337,0.4,1.0,0.2,B0_cells,False,False,,0.8790523062408848,0,[],4,4,0.4524814460221396,0.11761212348937988,20,6,"[2, 5, 9, 10, 18, 20]","[""cart_into_aisle"", ""cart_into_aisle"", ""cart_into_aisle"", ""cart_into_aisle"", ""cart_into_aisle"", ""cart_into_aisle""]",6,,
aisle,none,0.0,16,892609474,fixed,0.6,0.33333333333333337,0.4,1.0,0.2,B0_cells,False,False,,0.9634110684632945,0,[],4,4,0.181703882168783,0.09263253211975098,20,0,[],[],0,,
aisle,behavioural,0.05,16,892609474,fixed,0.6,0.33333333333333337,0.4,1.0,0.2,B0_cells,False,False,,0.9634110684632945,0,[],4,4,0.181703882168783,0.1067497730255127,20,1,[20],[],0,,
aisle,behavioural,0.1,16,892609474,fixed,0.6,0.33333333333333337,0.4,1.0,0.2,B0_cells,False,False,,0.9634110684632945,0,[],4,4,0.18170388216878292,0.12209868431091309,20,2,"[9, 20]",[],0,,
aisle,behavioural,0.2,16,892609474,fixed,0.6,0.33333333333333337,0.4,1.0,0.2,B0_cells,False,False,,0.9634110684633167,0,[],4,4,0.18170388216876238,0.05194807052612305,20,4,"[9, 10, 18, 20]",[],0,,
aisle,behavioural,0.3,16,892609474,fixed,0.6,0.33333333333333337,0.4,1.0,0.2,B0_cells,False,False,,0.9634110684633236,0,[],4,4,0.18170388216875194,0.048619747161865234,20,6,"[2, 5, 9, 10, 18, 20]",[],0,,
aisle,violation,0.05,16,892609474,fixed,0.6,0.33333333333333337,0.4,1.0,0.2,B0_cells,False,False,,0.8154964922066221,0,[],4,4,0.6036489981111328,0.05260109901428223,20,1,[20],"[""cart_into_aisle""]",1,,
aisle,violation,0.1,16,892609474,fixed,0.6,0.33333333333333337,0.4,1.0,0.2,B0_cells,False,False,,0.8375349401175757,0,[],4,4,0.5556514976378006,0.11765289306640625,20,2,"[9, 20]","[""cart_into_aisle"", ""cart_into_aisle""]",2,,
aisle,violation,0.2,16,892609474,fixed,0.6,0.33333333333333337,0.4,1.0,0.2,B0_cells,False,False,,0.8969402774278937,0,[],4,4,0.403146330196515,0.10889983177185059,20,4,"[9, 10, 18, 20]","[""cart_into_aisle"", ""cart_into_aisle"", ""cart_into_aisle"", ""cart_into_aisle""]",4,,
aisle,violation,0.3,16,892609474,fixed,0.6,0.33333333333333337,0.4,1.0,0.2,B0_cells,False,False,,0.8790523062408848,0,[],4,4,0.4524814460221396,0.10508036613464355,20,6,"[2, 5, 9, 10, 18, 20]","[""cart_into_aisle"", ""cart_into_aisle"", ""cart_into_aisle"", ""cart_into_aisle"", ""cart_into_aisle"", ""cart_into_aisle""]",6,,
aisle,none,0.0,16,892609474,oracle,1.0,1.0,1.0,1.0,1.0,S_corridor,False,True,0.48317286308826285,0.4848967274049266,0,[],8,9,0.8124046275003922,0.1937248706817627,20,0,[],[],0,,
aisle,behavioural,0.05,16,892609474,oracle,1.0,1.0,1.0,1.0,1.0,S_corridor,False,True,0.49881347259844133,0.5005931394874042,0,[],8,9,0.697737427363444,0.17910146713256836,20,1,[20],[],0,,
aisle,behavioural,0.1,16,892609474,oracle,1.0,1.0,1.0,1.0,1.0,S_corridor,False,True,0.49900062478394386,0.5007809593945433,0,[],8,9,0.6950547640958411,0.08623862266540527,20,2,"[9, 20]",[],0,,
aisle,behavioural,0.2,16,892609474,oracle,1.0,1.0,1.0,1.0,1.0,S_corridor,False,True,0.4991093015893524,0.5008900239370887,0,[],8,9,0.693155721215493,0.08572840690612793,20,4,"[9, 10, 18, 20]",[],0,,
aisle,behavioural,0.3,16,892609474,oracle,1.0,1.0,1.0,1.0,1.0,S_corridor,False,True,0.4991088375188603,0.5008895582108733,0,[],8,9,0.6931679522269537,0.19818949699401855,20,6,"[2, 5, 9, 10, 18, 20]",[],0,,
aisle,violation,0.05,16,892609474,oracle,0.5,0.6666666666666666,0.6,0.5,1.0,S_nearShelf,False,False,0.0004907148044813699,0.9990014529832613,0,[],8,9,0.00865816005945957,0.1781623363494873,20,1,[20],"[""cart_into_aisle""]",1,,
aisle,violation,0.1,16,892609474,oracle,0.5,0.6666666666666666,0.6,0.5,1.0,S_nearShelf,False,False,0.00017203911760291896,0.9996018638647887,0,[],8,9,0.003910982232627281,0.0788722038269043,20,2,"[9, 20]","[""cart_into_aisle"", ""cart_into_aisle""]",2,,
aisle,violation,0.2,16,892609474,oracle,0.5,0.6666666666666666,0.6,0.5,1.0,S_nearShelf,False,False,6.267547462216048e-05,0.9998446984178738,0,[],8,9,0.0016802106691501293,0.07892227172851562,20,4,"[9, 10, 18, 20]","[""cart_into_aisle"", ""cart_into_aisle"", ""cart_into_aisle"", ""cart_into_aisle""]",4,,
aisle,violation,0.3,16,892609474,oracle,0.5,0.6666666666666666,0.6,0.5,1.0,S_nearShelf,False,False,3.0759528356586024e-06,0.9999925648934329,0,[],8,9,0.00010291527889611267,0.08081436157226562,20,6,"[2, 5, 9, 10, 18, 20]","[""cart_into_aisle"", ""cart_into_aisle"", ""cart_into_aisle"", ""cart_into_aisle"", ""cart_into_aisle"", ""cart_into_aisle""]",6,,
aisle,none,0.0,16,892609474,mlci,0.6,0.5,0.4,0.6666666666666666,0.4,,,,,,,,3,,,13.613950967788696,20,0,[],[],0,3,"[""FORBID at(6, 2) \u2227 hasCart"", ""FORBID at(3, 2) \u2227 hasCart"", ""FORBID W""]"
aisle,behavioural,0.05,16,892609474,mlci,0.7,0.5714285714285715,0.4,1.0,0.4,,,,,,,,2,,,11.309907913208008,20,1,[20],[],0,2,"[""FORBID at(6, 2) \u2227 hasCart"", ""FORBID at(3, 2) \u2227 hasCart""]"
aisle,behavioural,0.1,16,892609474,mlci,0.7,0.5714285714285715,0.4,1.0,0.4,,,,,,,,2,,,11.309302568435669,20,2,"[9, 20]",[],0,2,"[""FORBID at(6, 2) \u2227 hasCart"", ""FORBID at(3, 2) \u2227 hasCart""]"
aisle,behavioural,0.2,16,892609474,mlci,0.7,0.5714285714285715,0.4,1.0,0.4,,,,,,,,2,,,8.222604274749756,20,4,"[9, 10, 18, 20]",[],0,2,"[""FORBID at(6, 2) \u2227 hasCart"", ""FORBID at(3, 2) \u2227 hasCart""]"
aisle,behavioural,0.3,16,892609474,mlci,0.7,0.5714285714285715,0.4,1.0,0.4,,,,,,,,2,,,7.510278224945068,20,6,"[2, 5, 9, 10, 18, 20]",[],0,2,"[""FORBID at(6, 2) \u2227 hasCart"", ""FORBID at(3, 2) \u2227 hasCart""]"
aisle,violation,0.05,16,892609474,mlci,0.4,0.0,0.4,0.0,0.0,,,,,,,,1,,,6.2429444789886475,20,1,[20],"[""cart_into_aisle""]",1,1,"[""FORBID W""]"
aisle,violation,0.1,16,892609474,mlci,0.4,0.0,0.4,0.0,0.0,,,,,,,,1,,,6.26354718208313,20,2,"[9, 20]","[""cart_into_aisle"", ""cart_into_aisle""]",2,1,"[""FORBID W""]"
aisle,violation,0.2,16,892609474,mlci,0.4,0.0,0.4,0.0,0.0,,,,,,,,1,,,6.633615493774414,20,4,"[9, 10, 18, 20]","[""cart_into_aisle"", ""cart_into_aisle"", ""cart_into_aisle"", ""cart_into_aisle""]",4,1,"[""FORBID W""]"
aisle,violation,0.3,16,892609474,mlci,0.4,0.0,0.4,0.0,0.0,,,,,,,,1,,,4.97890043258667,20,6,"[2, 5, 9, 10, 18, 20]","[""cart_into_aisle"", ""cart_into_aisle"", ""cart_into_aisle"", ""cart_into_aisle"", ""cart_into_aisle"", ""cart_into_aisle""]",6,1,"[""FORBID W""]"
aisle,none,0.0,17,3535017611,full,0.7,0.5714285714285715,0.4,1.0,0.4,S_memorised,False,False,0.26497960051859976,0.46925893912596894,1,[3],9,9,1.059162535604297,0.17498540878295898,20,0,[],[],0,,
aisle,behavioural,0.05,17,3535017611,full,0.7,0.5714285714285715,0.4,1.0,0.4,S_memorised,False,False,0.26497960051859953,0.4692589391259694,2,"[3, 20]",9,14,1.0591625356042984,0.1746535301208496,20,1,[20],[],0,,
aisle,behavioural,0.1,17,3535017611,full,0.7,0.5714285714285715,0.4,1.0,0.4,S_memorised,False,False,0.26497975310476013,0.46925920934455884,3,"[3, 18, 20]",9,19,1.059154560306457,0.1839005947113037,20,2,"[18, 20]",[],0,,
aisle,behavioural,0.2,17,3535017611,full,0.7,0.5714285714285715,0.4,1.0,0.4,S_memorised,False,False,0.2649797769280017,0.46925925153370956,5,"[3, 13, 15, 18, 20]",9,29,1.0591531085101056,0.19258570671081543,20,4,"[13, 15, 18, 20]",[],0,,
aisle,behavioural,0.3,17,3535017611,full,0.7,0.5714285714285715,0.4,1.0,0.4,S_memorised,False,False,0.2649800961965443,0.46925981693428,7,"[3, 5, 13, 14, 15, 18, 20]",9,39,1.0591368324140875,0.1823101043701172,20,6,"[5, 13, 14, 15, 18, 20]",[],0,,
aisle,violation,0.05,17,3535017611,full,0.7,0.5714285714285715,0.4,1.0,0.4,S_memorised,False,False,0.26283170244468906,0.46648884139926156,2,"[3, 20]",10,14,1.097541130747112,0.1860044002532959,20,1,[20],"[""cart_into_aisle""]",1,,
aisle,violation,0.1,17,3535017611,full,0.7,0.5714285714285715,0.4,1.0,0.4,S_memorised,False,False,0.17770298842507873,0.31314913351538515,3,"[3, 18, 20]",10,19,1.5435674454090798,0.1973264217376709,20,2,"[18, 20]","[""cart_into_aisle"", ""cart_into_aisle""]",2,,
aisle,violation,0.2,17,3535017611,full,0.5,0.6666666666666666,0.6,0.5,1.0,S_nearShelf,False,False,0.13124303664694537,0.324093569357105,3,"[3, 13, 15]",9,19,1.5489814882692046,0.1797778606414795,20,4,"[13, 15, 18, 20]","[""cart_into_aisle"", ""cart_into_aisle"", ""cart_into_aisle"", ""cart_into_aisle""]",4,,
aisle,violation,0.3,17,3535017611,full,0.5,0.6666666666666666,0.6,0.5,1.0,S_nearShelf,False,False,0.03093696044706861,0.8522498440531793,3,"[3, 5, 8]",9,19,0.6199554407248234,0.18588900566101074,20,6,"[5, 13, 14, 15, 18, 20]","[""cart_into_aisle"", ""cart_into_aisle"", ""cart_into_aisle"", ""cart_into_aisle"", ""cart_into_aisle"", ""cart_into_aisle""]",6,,
aisle,none,0.0,17,3535017611,fixed,0.6,0.33333333333333337,0.4,1.0,0.2,B0_cells,False,False,,0.9953797582706079,0,[],4,4,0.03255230394411113,0.1026906967163086,20,0,[],[],0,,
aisle,behavioural,0.05,17,3535017611,fixed,0.6,0.33333333333333337,0.4,1.0,0.2,B0_cells,False,False,,0.9953797582706079,0,[],4,4,0.032552303944111266,0.11984682083129883,20,1,[20],[],0,,
aisle,behavioural,0.1,17,3535017611,fixed,0.6,0.33333333333333337,0.4,1.0,0.2,B0_cells,False,False,,0.9953797582706486,0,[],4,4,0.032552303944071624,0.13962268829345703,20,2,"[18, 20]",[],0,,
aisle,behavioural,0.2,17,3535017611,fixed,0.6,0.33333333333333337,0.4,1.0,0.2,B0_cells,False,False,,0.995379758270646,0,[],4,4,0.032552303944074226,0.1194312572479248,20,4,"[13, 15, 18, 20]",[],0,,
aisle,behavioural,0.3,17,3535017611,fixed,0.6,0.33333333333333337,0.4,1.0,0.2,B0_cells,False,False,,0.9953797582706433,0,[],4,4,0.032552303944076946,0.12182807922363281,20,6,"[5, 13, 14, 15, 18, 20]",[],0,,
aisle,violation,0.05,17,3535017611,fixed,0.6,0.33333333333333337,0.4,1.0,0.2,B0_cells,False,False,,0.9719944719141776,0,[],4,4,0.1468445247067121,0.12630844116210938,20,1,[20],"[""cart_into_aisle""]",1,,
aisle,violation,0.1,17,3535017611,fixed,0.6,0.33333333333333337,0.4,1.0,0.2,B0_cells,False,False,,0.9150292706461614,0,[],4,4,0.3491990352119675,0.12384343147277832,20,2,"[18, 20]","[""cart_into_aisle"", ""cart_into_aisle""]",2,,
aisle,violation,0.2,17,3535017611,fixed,0.6,0.33333333333333337,0.4,1.0,0.2,B0_cells,False,False,,0.8809699009520645,0,[],4,4,0.44697036469514073,0.11516022682189941,20,4,"[13, 15, 18, 20]","[""cart_into_aisle"", ""cart_into_aisle"", ""cart_into_aisle"", ""cart_into_aisle""]",4,,
aisle,violation,0.3,17,3535017611,fixed,0.6,0.33333333333333337,0.4,1.0,0.2,B0_cells,False,False,,0.928335422541471,0,[],4,4,0.3075969388325191,0.15166783332824707,20,6,"[5, 13, 14, 15, 18, 20]","[""cart_into_aisle"", ""cart_into_aisle"", ""cart_into_aisle"", ""cart_into_aisle"", ""cart_into_aisle"", ""cart_into_aisle""]",6,,
aisle,none,0.0,17,3535017611,oracle,1.0,1.0,1.0,1.0,1.0,S_corridor,False,True,0.49926342627840903,0.5007330204910544,0,[],8,9,0.6931941022655814,0.1635122299194336,20,0,[],[],0,,
aisle,behavioural,0.05,17,3535017611,oracle,1.0,1.0,1.0,1.0,1.0,S_corridor,False,True,0.49926342627839443,0.5007330204910473,0,[],8,9,0.6931941022655881,0.2004852294921875,20,1,[20],[],0,,
aisle,behavioural,0.1,17,3535017611,oracle,1.0,1.0,1.0,1.0,1.0,S_corridor,False,True,0.4992639679673464,0.5007335637744744,0,[],8,9,0.6931793657819983,0.24574971199035645,20,2,"[18, 20]",[],0,,
aisle,behavioural,0.2,17,3535017611,oracle,1.0,1.0,1.0,1.0,1.0,S_corridor,False,True,0.49926405254116063,0.5007336485972325,0,[],8,9,0.6931766756814893,0.17182588577270508,20,4,"[13, 15, 18, 20]",[],0,,
aisle,behavioural,0.3,17,3535017611,oracle,1.0,1.0,1.0,1.0,1.0,S_corridor,False,True,0.4992651859633917,0.5007347853557194,0,[],8,9,0.6931466161824296,0.22408747673034668,20,6,"[5, 13, 14, 15, 18, 20]",[],0,,
aisle,violation,0.05,17,3535017611,oracle,1.0,1.0,1.0,1.0,1.0,S_corridor,False,True,0.49264518315677613,0.49393983238962114,0,[],8,9,0.7621989224411686,0.1968247890472412,20,1,[20],"[""cart_into_aisle""]",1,,
aisle,violation,0.1,17,3535017611,oracle,0.5,0.6666666666666666,0.6,0.5,1.0,S_nearShelf,False,False,0.2587213577669945,0.34157710265122443,0,[],8,9,1.3423149863230153,0.22140908241271973,20,2,"[18, 20]","[""cart_into_aisle"", ""cart_into_aisle""]",2,,
aisle,violation,0.2,17,3535017611,oracle,0.5,0.6666666666666666,0.6,0.5,1.0,S_nearShelf,False,False,0.16861510428186438,0.4163807268589421,0,[],8,9,1.3104549648714372,0.20985078811645508,20,4,"[13, 15, 18, 20]","[""cart_into_aisle"", ""cart_into_aisle"", ""cart_into_aisle"", ""cart_into_aisle""]",4,,
aisle,violation,0.3,17,3535017611,oracle,0.5,0.6666666666666666,0.6,0.5,1.0,S_nearShelf,False,False,0.032635669485781,0.8990457959635594,0,[],8,9,0.4382573751757265,0.2136228084564209,20,6,"[5, 13, 14, 15, 18, 20]","[""cart_into_aisle"", ""cart_into_aisle"", ""cart_into_aisle"", ""cart_into_aisle"", ""cart_into_aisle"", ""cart_into_aisle""]",6,,
aisle,none,0.0,17,3535017611,mlci,0.6,0.5,0.4,0.6666666666666666,0.4,,,,,,,,3,,,14.219647645950317,20,0,[],[],0,3,"[""FORBID at(3, 2) \u2227 hasCart"", ""FORBID at(6, 2) \u2227 hasCart"", ""FORBID W""]"
aisle,behavioural,0.05,17,3535017611,mlci,0.7,0.5714285714285715,0.4,1.0,0.4,,,,,,,,2,,,10.549877405166626,20,1,[20],[],0,2,"[""FORBID at(3, 2) \u2227 hasCart"", ""FORBID at(6, 2) \u2227 hasCart""]"
aisle,behavioural,0.1,17,3535017611,mlci,0.7,0.5714285714285715,0.4,1.0,0.4,,,,,,,,2,,,10.582777738571167,20,2,"[18, 20]",[],0,2,"[""FORBID at(3, 2) \u2227 hasCart"", ""FORBID at(6, 2) \u2227 hasCart""]"
aisle,behavioural,0.2,17,3535017611,mlci,0.7,0.5714285714285715,0.4,1.0,0.4,,,,,,,,2,,,11.23500657081604,20,4,"[13, 15, 18, 20]",[],0,2,"[""FORBID at(3, 2) \u2227 hasCart"", ""FORBID at(6, 2) \u2227 hasCart""]"
aisle,behavioural,0.3,17,3535017611,mlci,0.7,0.5714285714285715,0.4,1.0,0.4,,,,,,,,2,,,11.05453634262085,20,6,"[5, 13, 14, 15, 18, 20]",[],0,2,"[""FORBID at(3, 2) \u2227 hasCart"", ""FORBID at(6, 2) \u2227 hasCart""]"
aisle,violation,0.05,17,3535017611,mlci,0.5,0.28571428571428575,0.4,0.5,0.2,,,,,,,,2,,,7.051036834716797,20,1,[20],"[""cart_into_aisle""]",1,2,"[""FORBID at(6, 2) \u2227 hasCart"", ""FORBID W""]"
aisle,violation,0.1,17,3535017611,mlci,0.5,0.28571428571428575,0.4,0.5,0.2,,,,,,,,2,,,10.272257804870605,20,2,"[18, 20]","[""cart_into_aisle"", ""cart_into_aisle""]",2,2,"[""FORBID at(6, 2) \u2227 hasCart"", ""FORBID W""]"
aisle,violation,0.2,17,3535017611,mlci,0.4,0.0,0.4,0.0,0.0,,,,,,,,1,,,6.333696126937866,20,4,"[13, 15, 18, 20]","[""cart_into_aisle"", ""cart_into_aisle"", ""cart_into_aisle"", ""cart_into_aisle""]",4,1,"[""FORBID W""]"
aisle,violation,0.3,17,3535017611,mlci,0.4,0.0,0.4,0.0,0.0,,,,,,,,1,,,6.534695863723755,20,6,"[5, 13, 14, 15, 18, 20]","[""cart_into_aisle"", ""cart_into_aisle"", ""cart_into_aisle"", ""cart_into_aisle"", ""cart_into_aisle"", ""cart_into_aisle""]",6,1,"[""FORBID W""]"
aisle,none,0.0,18,1049986286,full,0.6,0.33333333333333337,0.4,1.0,0.2,B0_cells,False,False,,0.9907849825378652,0,[],4,4,0.05856108274509446,0.12187433242797852,20,0,[],[],0,,
aisle,behavioural,0.05,18,1049986286,full,0.7,0.5714285714285715,0.4,1.0,0.4,S_memorised,False,False,0.2653266988778477,0.46745822417517274,1,[4],9,9,1.0669371637583085,0.1699225902557373,20,1,[4],[],0,,
aisle,behavioural,0.1,18,1049986286,full,0.7,0.5714285714285715,0.4,1.0,0.4,S_memorised,False,False,0.26556468688451523,0.4678775165096519,1,[4],9,9,1.061111487310684,0.18996191024780273,20,2,"[1, 4]",[],0,,
aisle,behavioural,0.2,18,1049986286,full,0.7,0.5714285714285715,0.4,1.0,0.4,S_memorised,False,False,0.26559659117104506,0.46793372616051754,3,"[4, 13, 14]",9,19,1.0600893777534055,0.2012941837310791,20,4,"[1, 4, 13, 14]",[],0,,
aisle,behavioural,0.3,18,1049986286,full,0.7,0.5714285714285715,0.4,1.0,0.4,S_memorised,False,False,0.2656013299367074,0.46794207501870466,5,"[4, 6, 8, 13, 14]",9,29,1.0598990815502898,0.21080660820007324,20,6,"[1, 4, 6, 8, 13, 14]",[],0,,
aisle,violation,0.05,18,1049986286,full,0.6,0.33333333333333337,0.4,1.0,0.2,B0_cells,False,False,,0.9908604414087864,0,[],4,4,0.05815689466720445,0.15136289596557617,20,1,[4],"[""cart_into_aisle""]",1,,
aisle,violation,0.1,18,1049986286,full,0.5,0.6666666666666666,0.6,0.5,1.0,S_nearShelf,False,False,1.594480604690704e-05,0.9999391574177838,1,[9],6,6,0.0007191000839295265,0.1309034824371338,20,2,"[1, 4]","[""cart_into_aisle"", ""cart_into_aisle""]",2,,
aisle,violation,0.2,18,1049986286,full,0.5,0.6666666666666666,0.6,0.5,1.0,S_nearShelf,False,False,1.0543345941141592e-05,0.9999388098118996,1,[9],6,6,0.0007144225667093107,0.13120651245117188,20,4,"[1, 4, 13, 14]","[""cart_into_aisle"", ""cart_into_aisle"", ""cart_into_aisle"", ""cart_into_aisle""]",4,,
aisle,violation,0.3,18,1049986286,full,0.5,0.6666666666666666,0.6,0.5,1.0,S_nearShelf,False,False,1.3650391552140969e-05,0.9998706717121677,1,[9],5,5,0.0013728589449021429,0.10120344161987305,20,6,"[1, 4, 6, 8, 13, 14]","[""cart_into_aisle"", ""cart_into_aisle"", ""cart_into_aisle"", ""cart_into_aisle"", ""cart_into_aisle"", ""cart_into_aisle""]",6,,
aisle,none,0.0,18,1049986286,fixed,0.6,0.33333333333333337,0.4,1.0,0.2,B0_cells,False,False,,0.9907849825378652,0,[],4,4,0.05856108274509446,0.09394645690917969,20,0,[],[],0,,
aisle,behavioural,0.05,18,1049986286,fixed,0.6,0.33333333333333337,0.4,1.0,0.2,B0_cells,False,False,,0.9907849825378423,0,[],4,4,0.05856108274511655,0.11569738388061523,20,1,[4],[],0,,
aisle,behavioural,0.1,18,1049986286,fixed,0.6,0.33333333333333337,0.4,1.0,0.2,B0_cells,False,False,,0.9907849825378591,0,[],4,4,0.05856108274509907,0.1219320297241211,20,2,"[1, 4]",[],0,,
aisle,behavioural,0.2,18,1049986286,fixed,0.6,0.33333333333333337,0.4,1.0,0.2,B0_cells,False,False,,0.9907849825378326,0,[],4,4,0.05856108274512705,0.11698317527770996,20,4,"[1, 4, 13, 14]",[],0,,
aisle,behavioural,0.3,18,1049986286,fixed,0.6,0.33333333333333337,0.4,1.0,0.2,B0_cells,False,False,,0.9907849825378598,0,[],4,4,0.05856108274510166,0.04494476318359375,20,6,"[1, 4, 6, 8, 13, 14]",[],0,,
aisle,violation,0.05,18,1049986286,fixed,0.6,0.33333333333333337,0.4,1.0,0.2,B0_cells,False,False,,0.9908604414087864,0,[],4,4,0.05815689466720445,0.13953351974487305,20,1,[4],"[""cart_into_aisle""]",1,,
aisle,violation,0.1,18,1049986286,fixed,0.5,0.0,0.4,0.0,0.0,H_null,False,False,,1.0000000000000115,0,[],1,1,-1.1546319456101694e-14,0.03369426727294922,20,2,"[1, 4]","[""cart_into_aisle"", ""cart_into_aisle""]",2,,
aisle,violation,0.2,18,1049986286,fixed,0.5,0.0,0.4,0.0,0.0,H_null,False,False,,1.0000000000000115,0,[],1,1,-1.1546319456101694e-14,0.07197928428649902,20,4,"[1, 4, 13, 14]","[""cart_into_aisle"", ""cart_into_aisle"", ""cart_into_aisle"", ""cart_into_aisle""]",4,,
aisle,violation,0.3,18,1049986286,fixed,0.5,0.0,0.4,0.0,0.0,H_null,False,False,,1.0000000000000115,0,[],1,1,-1.1546319456101694e-14,0.07278156280517578,20,6,"[1, 4, 6, 8, 13, 14]","[""cart_into_aisle"", ""cart_into_aisle"", ""cart_into_aisle"", ""cart_into_aisle"", ""cart_into_aisle"", ""cart_into_aisle""]",6,,
aisle,none,0.0,18,1049986286,oracle,1.0,1.0,1.0,1.0,1.0,S_corridor,False,True,0.476755638126528,0.4782889105120304,0,[],8,9,0.8454680475674188,0.1513526439666748,20,0,[],[],0,,
aisle,behavioural,0.05,18,1049986286,oracle,1.0,1.0,1.0,1.0,1.0,S_corridor,False,True,0.49822701414720116,0.4998293396603499,0,[],8,9,0.7058777965696426,0.14835810661315918,20,1,[4],[],0,,
aisle,behavioural,0.1,18,1049986286,oracle,1.0,1.0,1.0,1.0,1.0,S_corridor,False,True,0.4990668410449389,0.500671867487622,0,[],8,9,0.6953839540735508,0.18461918830871582,20,2,"[1, 4]",[],0,,
aisle,behavioural,0.2,18,1049986286,oracle,1.0,1.0,1.0,1.0,1.0,S_corridor,False,True,0.4991795274946473,0.5007849163431521,0,[],8,9,0.6935228170177469,0.15318059921264648,20,4,"[1, 4, 13, 14]",[],0,,
aisle,behavioural,0.3,18,1049986286,oracle,1.0,1.0,1.0,1.0,1.0,S_corridor,False,True,0.49919626692159796,0.5008017096050257,0,[],8,9,0.6931740236446091,0.18143415451049805,20,6,"[1, 4, 6, 8, 13, 14]",[],0,,
aisle,violation,0.05,18,1049986286,oracle,0.5,0.6666666666666666,0.6,0.5,1.0,S_nearShelf,False,False,0.002389547608819201,0.9949956598585485,0,[],8,9,0.03573361334944648,0.19710659980773926,20,1,[4],"[""cart_into_aisle""]",1,,
aisle,violation,0.1,18,1049986286,oracle,0.5,0.6666666666666666,0.6,0.5,1.0,S_nearShelf,False,False,1.594481774483751e-05,0.9999398910246213,0,[],5,5,0.0007080039627841786,0.0574188232421875,20,2,"[1, 4]","[""cart_into_aisle"", ""cart_into_aisle""]",2,,
aisle,violation,0.2,18,1049986286,oracle,0.5,0.6666666666666666,0.6,0.5,1.0,S_nearShelf,False,False,1.054335905902832e-05,0.9999400539220821,0,[],5,5,0.0006962620314195998,0.14302301406860352,20,4,"[1, 4, 13, 14]","[""cart_into_aisle"", ""cart_into_aisle"", ""cart_into_aisle"", ""cart_into_aisle""]",4,,
aisle,violation,0.3,18,1049986286,oracle,0.5,0.6666666666666666,0.6,0.5,1.0,S_nearShelf,False,False,1.3650391552140969e-05,0.9998706717121677,0,[],5,5,0.0013728589449021429,0.15742945671081543,20,6,"[1, 4, 6, 8, 13, 14]","[""cart_into_aisle"", ""cart_into_aisle"", ""cart_into_aisle"", ""cart_into_aisle"", ""cart_into_aisle"", ""cart_into_aisle""]",6,,
aisle,none,0.0,18,1049986286,mlci,0.6,0.5,0.4,0.6666666666666666,0.4,,,,,,,,3,,,20.382388591766357,20,0,[],[],0,3,"[""FORBID at(6, 2) \u2227 hasCart"", ""FORBID at(3, 2) \u2227 hasCart"", ""FORBID W""]"
aisle,behavioural,0.05,18,1049986286,mlci,0.7,0.5714285714285715,0.4,1.0,0.4,,,,,,,,2,,,8.02858018875122,20,1,[4],[],0,2,"[""FORBID at(6, 2) \u2227 hasCart"", ""FORBID at(3, 2) \u2227 hasCart""]"
aisle,behavioural,0.1,18,1049986286,mlci,0.7,0.5714285714285715,0.4,1.0,0.4,,,,,,,,2,,,18.54478693008423,20,2,"[1, 4]",[],0,2,"[""FORBID at(6, 2) \u2227 hasCart"", ""FORBID at(3, 2) \u2227 hasCart""]"
aisle,behavioural,0.2,18,1049986286,mlci,0.7,0.5714285714285715,0.4,1.0,0.4,,,,,,,,2,,,13.220541000366211,20,4,"[1, 4, 13, 14]",[],0,2,"[""FORBID at(6, 2) \u2227 hasCart"", ""FORBID at(3, 2) \u2227 hasCart""]"
aisle,behavioural,0.3,18,1049986286,mlci,0.7,0.5714285714285715,0.4,1.0,0.4,,,,,,,,2,,,18.847351789474487,20,6,"[1, 4, 6, 8, 13, 14]",[],0,2,"[""FORBID at(6, 2) \u2227 hasCart"", ""FORBID at(3, 2) \u2227 hasCart""]"
aisle,violation,0.05,18,1049986286,mlci,0.5,0.28571428571428575,0.4,0.5,0.2,,,,,,,,2,,,16.07976508140564,20,1,[4],"[""cart_into_aisle""]",1,2,"[""FORBID at(6, 2) \u2227 hasCart"", ""FORBID W""]"
aisle,violation,0.1,18,1049986286,mlci,0.5,0.28571428571428575,0.4,0.5,0.2,,,,,,,,2,,,12.060437202453613,20,2,"[1, 4]","[""cart_into_aisle"", ""cart_into_aisle""]",2,2,"[""FORBID at(6, 2) \u2227 hasCart"", ""FORBID W""]"
aisle,violation,0.2,18,1049986286,mlci,0.5,0.28571428571428575,0.4,0.5,0.2,,,,,,,,2,,,11.606337547302246,20,4,"[1, 4, 13, 14]","[""cart_into_aisle"", ""cart_into_aisle"", ""cart_into_aisle"", ""cart_into_aisle""]",4,2,"[""FORBID at(6, 2) \u2227 hasCart"", ""FORBID W""]"
aisle,violation,0.3,18,1049986286,mlci,0.4,0.0,0.4,0.0,0.0,,,,,,,,1,,,5.75774073600769,20,6,"[1, 4, 6, 8, 13, 14]","[""cart_into_aisle"", ""cart_into_aisle"", ""cart_into_aisle"", ""cart_into_aisle"", ""cart_into_aisle"", ""cart_into_aisle""]",6,1,"[""FORBID W""]"
aisle,none,0.0,19,511838505,full,0.7,0.5714285714285715,0.4,1.0,0.4,S_memorised,False,False,0.26520185718012945,0.4685539706236683,14,"[3, 5, 6, 7, 8, 9, 10, 11, 13, 14, 15, 17, 18, 19]",9,74,1.0625201945143259,0.21137094497680664,20,0,[],[],0,,
aisle,behavioural,0.05,19,511838505,full,0.7,0.5714285714285715,0.4,1.0,0.4,S_memorised,False,False,0.26529281526985055,0.4687146737746655,14,"[3, 5, 6, 7, 8, 9, 10, 11, 13, 14, 15, 17, 18, 19]",9,74,1.0599625030921622,0.2030935287475586,20,1,[18],[],0,,
aisle,behavioural,0.1,19,511838505,full,0.7,0.5714285714285715,0.4,1.0,0.4,S_memorised,False,False,0.26526836057173736,0.46867146764472595,14,"[3, 5, 6, 7, 8, 9, 10, 11, 13, 14, 15, 17, 18, 19]",9,74,1.06071757716574,0.2061011791229248,20,2,"[8, 18]",[],0,,
aisle,behavioural,0.2,19,511838505,full,0.7,0.5714285714285715,0.4,1.0,0.4,S_memorised,False,False,0.265306948852859,0.4687396447401808,14,"[3, 5, 6, 7, 8, 9, 10, 11, 13, 14, 15, 17, 18, 19]",9,74,1.059443631253719,0.22316551208496094,20,4,"[8, 9, 14, 18]",[],0,,
aisle,behavioural,0.3,19,511838505,full,0.7,0.5714285714285715,0.4,1.0,0.4,S_memorised,False,False,0.26530700945480373,0.4687397518106595,14,"[3, 5, 6, 7, 8, 9, 10, 11, 13, 14, 15, 17, 18, 19]",9,74,1.0594403894932576,0.24900460243225098,20,6,"[1, 8, 9, 14, 18, 19]",[],0,,
aisle,violation,0.05,19,511838505,full,0.5,0.6666666666666666,0.6,0.5,1.0,S_nearShelf,False,False,0.01951587057436774,0.9241451579654697,14,"[3, 5, 6, 7, 8, 9, 10, 11, 13, 14, 15, 17, 18, 19]",9,72,0.3568939611434915,0.2400071620941162,20,1,[18],"[""cart_into_aisle""]",1,,
aisle,violation,0.1,19,511838505,full,0.5,0.6666666666666666,0.6,0.5,1.0,S_nearShelf,False,False,0.002040572923183023,0.9889320230073901,14,"[3, 5, 6, 7, 8, 9, 10, 11, 13, 14, 15, 17, 18, 19]",9,72,0.07581325239509683,0.12790894508361816,20,2,"[8, 18]","[""cart_into_aisle"", ""cart_into_aisle""]",2,,
aisle,violation,0.2,19,511838505,full,0.5,0.6666666666666666,0.6,0.5,1.0,S_nearShelf,False,False,0.009229993430944812,0.9461080523610313,14,"[3, 5, 6, 7, 8, 9, 10, 11, 13, 14, 15, 17, 18, 19]",9,65,0.28153329492749013,0.3204667568206787,20,4,"[8, 9, 14, 18]","[""cart_into_aisle"", ""cart_into_aisle"", ""cart_into_aisle"", ""cart_into_aisle""]",4,,
aisle,violation,0.3,19,511838505,full,0.5,0.6666666666666666,0.6,0.5,1.0,S_nearShelf,False,False,0.0005445893514682443,0.9964201445307936,14,"[3, 5, 6, 7, 8, 9, 10, 11, 13, 14, 15, 17, 18, 19]",6,60,0.026693310393418452,0.2195274829864502,20,6,"[1, 8, 9, 14, 18, 19]","[""cart_into_aisle"", ""cart_into_aisle"", ""cart_into_aisle"", ""cart_into_aisle"", ""cart_into_aisle"", ""cart_into_aisle""]",6,,
aisle,none,0.0,19,511838505,fixed,0.6,0.33333333333333337,0.4,1.0,0.2,B0_cells,False,False,,0.9977040986993553,0,[],4,4,0.017779240010251038,0.19187641143798828,20,0,[],[],0,,
aisle,behavioural,0.05,19,511838505,fixed,0.6,0.33333333333333337,0.4,1.0,0.2,B0_cells,False,False,,0.9977040986993553,0,[],4,4,0.017779240010251038,0.06822776794433594,20,1,[18],[],0,,
aisle,behavioural,0.1,19,511838505,fixed,0.6,0.33333333333333337,0.4,1.0,0.2,B0_cells,False,False,,0.9977040986993394,0,[],4,4,0.017779240010266966,0.14980053901672363,20,2,"[8, 18]",[],0,,
aisle,behavioural,0.2,19,511838505,fixed,0.6,0.33333333333333337,0.4,1.0,0.2,B0_cells,False,False,,0.9977040986993421,0,[],4,4,0.0177792400102643,0.14531159400939941,20,4,"[8, 9, 14, 18]",[],0,,
aisle,behavioural,0.3,19,511838505,fixed,0.6,0.33333333333333337,0.4,1.0,0.2,B0_cells,False,False,,0.9977040986993642,0,[],4,4,0.0177792400102429,0.08965730667114258,20,6,"[1, 8, 9, 14, 18, 19]",[],0,,
aisle,violation,0.05,19,511838505,fixed,0.6,0.33333333333333337,0.4,1.0,0.2,B0_cells,False,False,,0.9719947567393799,0,[],4,4,0.146843320597151,0.09719586372375488,20,1,[18],"[""cart_into_aisle""]",1,,
aisle,violation,0.1,19,511838505,fixed,0.6,0.33333333333333337,0.4,1.0,0.2,B0_cells,False,False,,0.9439542401862273,0,[],4,4,0.2541254008202487,0.20111560821533203,20,2,"[8, 18]","[""cart_into_aisle"", ""cart_into_aisle""]",2,,
aisle,violation,0.2,19,511838505,fixed,0.6,0.33333333333333337,0.4,1.0,0.2,B0_cells,False,False,,0.9283092779401246,0,[],4,4,0.30768201957253244,0.1563417911529541,20,4,"[8, 9, 14, 18]","[""cart_into_aisle"", ""cart_into_aisle"", ""cart_into_aisle"", ""cart_into_aisle""]",4,,
aisle,violation,0.3,19,511838505,fixed,0.5,0.0,0.4,0.0,0.0,H_null,False,False,,1.0000000000000115,0,[],1,1,-1.1546319456101694e-14,0.11588144302368164,20,6,"[1, 8, 9, 14, 18, 19]","[""cart_into_aisle"", ""cart_into_aisle"", ""cart_into_aisle"", ""cart_into_aisle"", ""cart_into_aisle"", ""cart_into_aisle""]",6,,
aisle,none,0.0,19,511838505,oracle,1.0,1.0,1.0,1.0,1.0,S_corridor,False,True,0.4990193594848272,0.5002338698920512,0,[],8,9,0.698757737935236,0.24427390098571777,20,0,[],[],0,,
aisle,behavioural,0.05,19,511838505,oracle,1.0,1.0,1.0,1.0,1.0,S_corridor,False,True,0.4993415066715641,0.5005568011187327,0,[],8,9,0.6941169404321621,0.12457561492919922,20,1,[18],[],0,,
aisle,behavioural,0.1,19,511838505,oracle,1.0,1.0,1.0,1.0,1.0,S_corridor,False,True,0.4992548760666978,0.5004699596728178,0,[],8,9,0.6954917991397612,0.23582768440246582,20,2,"[8, 18]",[],0,,
aisle,behavioural,0.2,19,511838505,oracle,1.0,1.0,1.0,1.0,1.0,S_corridor,False,True,0.4993915812202985,0.5006069975386198,0,[],8,9,0.6931669979074475,0.24316740036010742,20,4,"[8, 9, 14, 18]",[],0,,
aisle,behavioural,0.3,19,511838505,oracle,1.0,1.0,1.0,1.0,1.0,S_corridor,False,True,0.49939179594001526,0.5006072127809509,0,[],8,9,0.6931610103552979,0.3941330909729004,20,6,"[1, 8, 9, 14, 18, 19]",[],0,,
aisle,violation,0.05,19,511838505,oracle,0.5,0.6666666666666666,0.6,0.5,1.0,S_nearShelf,False,False,0.02021165132592839,0.9570928253579939,0,[],8,9,0.2144757022464555,0.2453298568725586,20,1,[18],"[""cart_into_aisle""]",1,,
aisle,violation,0.1,19,511838505,oracle,0.5,0.6666666666666666,0.6,0.5,1.0,S_nearShelf,False,False,0.002047654179061204,0.9923638438560474,0,[],8,9,0.05294633462725874,0.46157312393188477,20,2,"[8, 18]","[""cart_into_aisle"", ""cart_into_aisle""]",2,,
aisle,violation,0.2,19,511838505,oracle,0.5,0.6666666666666666,0.6,0.5,1.0,S_nearShelf,False,False,0.009374612103622636,0.9609319947360364,0,[],8,9,0.20503460896283102,0.40988802909851074,20,4,"[8, 9, 14, 18]","[""cart_into_aisle"", ""cart_into_aisle"", ""cart_into_aisle"", ""cart_into_aisle""]",4,,
aisle,violation,0.3,19,511838505,oracle,0.5,0.6666666666666666,0.6,0.5,1.0,S_nearShelf,False,False,0.0005445893515141216,0.9964201446147339,0,[],5,5,0.026693308357201656,0.33746862411499023,20,6,"[1, 8, 9, 14, 18, 19]","[""cart_into_aisle"", ""cart_into_aisle"", ""cart_into_aisle"", ""cart_into_aisle"", ""cart_into_aisle"", ""cart_into_aisle""]",6,,
aisle,none,0.0,19,511838505,mlci,0.6,0.5,0.4,0.6666666666666666,0.4,,,,,,,,3,,,88.30031967163086,20,0,[],[],0,3,"[""FORBID at(3, 2) \u2227 hasCart"", ""FORBID at(6, 2) \u2227 hasCart"", ""FORBID W""]"
aisle,behavioural,0.05,19,511838505,mlci,0.7,0.5714285714285715,0.4,1.0,0.4,,,,,,,,2,,,55.98779368400574,20,1,[18],[],0,2,"[""FORBID at(3, 2) \u2227 hasCart"", ""FORBID at(6, 2) \u2227 hasCart""]"
aisle,behavioural,0.1,19,511838505,mlci,0.7,0.5714285714285715,0.4,1.0,0.4,,,,,,,,2,,,71.85812830924988,20,2,"[8, 18]",[],0,2,"[""FORBID at(3, 2) \u2227 hasCart"", ""FORBID at(6, 2) \u2227 hasCart""]"
aisle,behavioural,0.2,19,511838505,mlci,0.7,0.5714285714285715,0.4,1.0,0.4,,,,,,,,2,,,68.85672998428345,20,4,"[8, 9, 14, 18]",[],0,2,"[""FORBID at(3, 2) \u2227 hasCart"", ""FORBID at(6, 2) \u2227 hasCart""]"
aisle,behavioural,0.3,19,511838505,mlci,0.7,0.5714285714285715,0.4,1.0,0.4,,,,,,,,2,,,75.36415791511536,20,6,"[1, 8, 9, 14, 18, 19]",[],0,2,"[""FORBID at(3, 2) \u2227 hasCart"", ""FORBID at(6, 2) \u2227 hasCart""]"
aisle,violation,0.05,19,511838505,mlci,0.4,0.0,0.4,0.0,0.0,,,,,,,,1,,,15.125863790512085,20,1,[18],"[""cart_into_aisle""]",1,1,"[""FORBID W""]"
aisle,violation,0.1,19,511838505,mlci,0.4,0.0,0.4,0.0,0.0,,,,,,,,1,,,24.261786699295044,20,2,"[8, 18]","[""cart_into_aisle"", ""cart_into_aisle""]",2,1,"[""FORBID W""]"
aisle,violation,0.2,19,511838505,mlci,0.4,0.0,0.4,0.0,0.0,,,,,,,,1,,,18.27562165260315,20,4,"[8, 9, 14, 18]","[""cart_into_aisle"", ""cart_into_aisle"", ""cart_into_aisle"", ""cart_into_aisle""]",4,1,"[""FORBID W""]"
aisle,violation,0.3,19,511838505,mlci,0.4,0.0,0.4,0.0,0.0,,,,,,,,1,,,31.880977153778076,20,6,"[1, 8, 9, 14, 18, 19]","[""cart_into_aisle"", ""cart_into_aisle"", ""cart_into_aisle"", ""cart_into_aisle"", ""cart_into_aisle"", ""cart_into_aisle""]",6,1,"[""FORBID W""]"
